"respondent_id","info_treatment","target_state","black","wtp_estimate_corn","wtp_estimate_mater","wtp_estimate_tater","wtp_estimate_melon","wtp_estimate_rice","pct_premium_corn","pct_premium_mater","pct_premium_tater","pct_premium_melon","pct_premium_rice"
"R_100kM99kEXU61aN","delta",0,0,0.35,0.92,0.86,5.505,1.865,6.06,-8,-14,10.1,6.57
"R_107676zmq1oFVvR","black",0,1,0.38,0.945,1.075,5.475,1.87,15.15,-5.5,7.5,9.5,6.86
"R_10RoZLxADaSzTwJ","delta",1,0,0.4,1.055,1.12,5.565,1.91,21.21,5.5,12,11.3,9.14
"R_10gPp2tyrzFeuHL","delta",1,0,0.37,1.17,1.1,5.525,1.95,12.12,17,10,10.5,11.43
"R_10quEFzLCAoH930","delta",1,0,0.42,1.1,1.14,4.62,1.905,27.27,10,14,-7.6,8.86
"R_10xs9M5wzSBNYsv","delta",1,0,0.37,1.16,1.1,6.48,1.96,12.12,16,10,29.6,12
"R_115X4doEolcrxe3","black",1,1,0.37,1.27,1.28,6.15,1.96,12.12,27,28,23,12
"R_117NA2AXK7KR2ad","delta",1,0,0.36,1.135,1.05,5.59,1.84,9.09,13.5,5,11.8,5.14
"R_11GceXMn0QJtrLz","delta",0,0,0.42,1.3,1.09,5.51,1.86,27.27,30,9,10.2,6.29
"R_11KlUJe4IiBFd2p","black",0,1,0.41,1.18,1.16,6.18,2.01,24.24,18,16,23.6,14.86
"R_11aBelcEzxoyACd","black",1,1,0.36,1.09,1.135,5.28,1.925,9.09,9,13.5,5.6,10
"R_11gWQtIlgFhpoWr","delta",1,0,0.36,1.14,1.15,5.52,1.99,9.09,14,15,10.4,13.71
"R_11jPqfklr8Aqfro","delta",1,0,0,0,0,4.345,0,-100,-100,-100,-13.1,-100
"R_11tOXR2Cndb9QC5","black",1,1,0.39,1.15,1.13,5.85,2.22,18.18,15,13,17,26.86
"R_11uZ8I4S0Vifsd5","delta",0,0,0.35,1.125,1.08,5.335,1.895,6.06,12.5,8,6.7,8.29
"R_12S6UfQOW79raKI","delta",0,0,0.37,1.14,0.885,4.63,1.955,12.12,14,-11.5,-7.4,11.71
"R_138AOegzvQ9Lcgy","delta",1,0,0.38,1.06,1.095,5.525,1.62,15.15,6,9.5,10.5,-7.43
"R_13Kr2xF9rU5rOBr","black",1,1,0.355,1.23,1.065,5.265,2.12,7.58,23,6.5,5.3,21.14
"R_13Uhux3qbpMnYfc","black",1,1,0.43,1.14,0.895,5.35,1.66,30.3,14,-10.5,7,-5.14
"R_13frgigVDQqD68Z","black",0,1,0.37,1.065,1.145,5.265,1.97,12.12,6.5,14.5,5.3,12.57
"R_13mR1YPUOGaCdfb","black",1,1,0.37,0.87,1.18,5.345,1.955,12.12,-13,18,6.9,11.71
"R_14D7WJ0FMRT9jIm","black",0,1,0.38,1.09,1.15,5.705,1.58,15.15,9,15,14.1,-9.71
"R_14TI4N03i7Ty2xb","delta",1,0,0.37,1.22,1.13,5.54,1.97,12.12,22,13,10.8,12.57
"R_14p9PPe3lChgzD3","delta",1,0,0.36,0.945,1.135,4.6,0,9.09,-5.5,13.5,-8,-100
"R_15D0RSLzRXZFiut","delta",1,0,0.365,1.075,1.085,5.275,1.92,10.61,7.5,8.5,5.5,9.71
"R_15SItFtGYiZbR46","black",0,1,0.35,1.135,1.055,5.54,1.845,6.06,13.5,5.5,10.8,5.43
"R_15X6nivfpCJumRt","black",1,1,0.36,1.19,1.1,5.475,1.98,9.09,19,10,9.5,13.14
"R_16mcL6qfWNrSqTl","delta",0,0,0.42,1.12,1.15,5.64,2.1,27.27,12,15,12.8,20
"R_16qYBvYpuIgMsxz","delta",1,0,0.37,1.07,0,5.635,1.6,12.12,7,-100,12.7,-8.57
"R_17J7rl1GwGmR4RM","black",1,1,0.365,1.19,1.23,6.37,2.27,10.61,19,23,27.4,29.71
"R_17lNyzKjxfJFOdM","delta",1,0,0.37,1.115,1.15,5.44,1.97,12.12,11.5,15,8.8,12.57
"R_18Exw6qjLv7HhIJ","black",1,1,0.38,1.095,1.1,5.585,2.015,15.15,9.5,10,11.7,15.14
"R_18FY2PSaYV7wk9z","delta",0,0,0.38,1.1,1.145,5.495,1.93,15.15,10,14.5,9.9,10.29
"R_19hTfxn6BYDGUDy","delta",1,0,0.39,1.25,1.17,5.95,2.12,18.18,25,17,19,21.14
"R_19yvMQTPqSop06B","delta",1,0,0.37,1.14,1.1,5.53,1.93,12.12,14,10,10.6,10.29
"R_1A06tKD02m5C2rv","black",0,1,0.355,1.1,1.135,5.685,2.01,7.58,10,13.5,13.7,14.86
"R_1AHL3gltMG8Mrkd","delta",0,0,0.36,1.11,1.11,5.7,2.18,9.09,11,11,14,24.57
"R_1CAVRP7VFRsSryO","delta",0,0,0.3,1.15,0,5.95,1.565,-9.09,15,-100,19,-10.57
"R_1CBaIFowYrQWdXO","black",1,1,0.4,1.17,1.26,4.515,2.27,21.21,17,26,-9.7,29.71
"R_1CEzcYeNH3InuY1","delta",0,0,0.31,0.895,0.945,4.665,1.555,-6.06,-10.5,-5.5,-6.7,-11.14
"R_1CZGl5ACUyN15r7","delta",0,0,0.365,1.135,1.15,5.75,1.88,10.61,13.5,15,15,7.43
"R_1CdGH7Lt6PVKCd8","black",1,1,0.36,1.3,1.23,5.725,1.95,9.09,30,23,14.5,11.43
"R_1CwJkE8GZFz2agt","delta",1,0,0.37,1.11,1.135,5.29,1.955,12.12,11,13.5,5.8,11.71
"R_1D7L9atNFzuq8p9","delta",0,0,0.295,1.085,1.1,5.505,1.895,-10.61,8.5,10,10.1,8.29
"R_1DM38F3vo8dJCVD","black",0,1,0.37,1.145,1.075,5.71,1.84,12.12,14.5,7.5,14.2,5.14
"R_1DOgH7wVqDLBXjz","delta",1,0,0.43,1.3,1.3,5.6,1.99,30.3,30,30,12,13.71
"R_1DuKJfcksh6jSvF","delta",0,0,0.38,1.18,1.135,5.51,2.13,15.15,18,13.5,10.2,21.71
"R_1DwNCFTOVKR73Dh","black",1,1,0.37,1.14,1.17,5.27,1.955,12.12,14,17,5.4,11.71
"R_1E1euv0TlYjcNQ9","delta",0,0,0.4,1.26,1.3,5.58,1.96,21.21,26,30,11.6,12
"R_1E1iYf9GuTUgQ0x","delta",0,0,0.35,1.07,1.07,5.545,1.93,6.06,7,7,10.9,10.29
"R_1EEFsoClcc25BwW","black",1,1,0.4,1.11,1.17,6.17,1.97,21.21,11,17,23.4,12.57
"R_1EFZm2gLJXqhvGb","black",1,1,0.35,1.15,1.07,5.32,1.965,6.06,15,7,6.4,12.29
"R_1EQlfhWNzLKZIuO","delta",1,0,0.375,1.145,1.125,5.375,2,13.64,14.5,12.5,7.5,14.29
"R_1EjccHOA61aABL3","black",0,1,0.37,1.095,1.12,5.265,1.855,12.12,9.5,12,5.3,6
"R_1EtbJ5BoGo0rerZ","black",1,1,0.41,1.13,1.22,5.66,2.04,24.24,13,22,13.2,16.57
"R_1Etk8Zj7O2SbIZm","black",0,1,0.4,1.1,1.11,6.07,2.15,21.21,10,11,21.4,22.86
"R_1FDtfIGfSOVrLpi","delta",0,0,0.375,1.06,1.095,5.39,1.955,13.64,6,9.5,7.8,11.71
"R_1FEQ1qFuHWcXLRR","black",1,1,0.31,0,1.19,5.83,2.15,-6.06,-100,19,16.6,22.86
"R_1FMaaQ0KqcFENql","black",0,1,0.365,1.1,1.14,6.05,1.905,10.61,10,14,21,8.86
"R_1FOnAAdxFCaYAHL","delta",1,0,0.39,1.22,1.16,5.99,1.94,18.18,22,16,19.8,10.86
"R_1FQVPOUqoYO3a47","black",0,1,0.37,1.13,1.24,5.745,1.905,12.12,13,24,14.9,8.86
"R_1FVeDBp7IGMZD6C","delta",0,0,0,0.895,0.85,4.625,1.585,-100,-10.5,-15,-7.5,-9.43
"R_1FWYilipGdlM2Ai","delta",1,0,0.295,1.06,1.095,4.46,1.94,-10.61,6,9.5,-10.8,10.86
"R_1Fv7wRp958UrT9v","delta",1,0,0.365,1.11,1.135,5.62,1.875,10.61,11,13.5,12.4,7.14
"R_1GVXI4rI1kPXAan","delta",1,0,0.4,1.24,1.2,5.605,1.975,21.21,24,20,12.1,12.86
"R_1Gj1oEkQU6j6M1D","delta",0,0,0.38,1.09,1.115,5.53,1.845,15.15,9,11.5,10.6,5.43
"R_1GxnOyCmg4nXY6q","black",1,1,0.4,1.115,1.11,5.335,1.87,21.21,11.5,11,6.7,6.86
"R_1HR14yQHmM9H1Cx","black",0,1,0.345,1.135,1.115,5.7,2.14,4.55,13.5,11.5,14,22.29
"R_1HcwHJstCrb4tB5","black",0,1,0.41,1.29,1.26,6.47,1.995,24.24,29,26,29.4,14
"R_1HpKOt24jF7T7O1","black",1,1,0.36,1.22,1.12,6.07,2.015,9.09,22,12,21.4,15.14
"R_1HuFobF7OD7pbZv","black",0,1,0.41,1.28,1.19,5.745,2.09,24.24,28,19,14.9,19.43
"R_1I03Ha7JNEDxsCd","black",0,1,0.39,1.12,1.24,5.655,1.995,18.18,12,24,13.1,14
"R_1IQq4mW7AvqefHr","black",0,1,0.35,1.115,1.15,5.65,1.985,6.06,11.5,15,13,13.43
"R_1IlbHRtya7cQ8Mh","black",0,1,0.365,0.85,1.075,4.32,1.98,10.61,-15,7.5,-13.6,13.14
"R_1K3iaLTdTZ6qA28","black",1,1,0.38,1.08,1.105,5.475,1.845,15.15,8,10.5,9.5,5.43
"R_1KGQUCFA1eI8hjI","delta",1,0,0.375,1.1,1.145,5.3,1.87,13.64,10,14.5,6,6.86
"R_1KVNcq519XtJKzx","black",0,1,0.365,1.08,1.09,5.66,1.96,10.61,8,9,13.2,12
"R_1KdobaxxzbFxRbw","black",1,1,0.28,0.895,0.915,4.365,1.635,-15.15,-10.5,-8.5,-12.7,-6.57
"R_1KeSzIC2SJtUXBn","black",0,1,0.37,1.22,1.2,5.715,2.18,12.12,22,20,14.3,24.57
"R_1KqiNVlsULna5dn","black",1,1,0.41,1.135,1.28,5.63,1.925,24.24,13.5,28,12.6,10
"R_1Kx0C35CvzrEXDT","black",0,1,0.39,1.12,1.14,5.525,1.945,18.18,12,14,10.5,11.14
"R_1L85Oh5oyANLMM2","delta",1,0,0.41,1.16,1.25,6.35,1.95,24.24,16,25,27,11.43
"R_1LQyt3L45PY4WFX","black",0,1,0.31,0.89,0.95,4.475,1.61,-6.06,-11,-5,-10.5,-8
"R_1LtELK4LsyHDX4j","black",0,1,0.375,1.05,1.055,5.345,1.88,13.64,5,5.5,6.9,7.43
"R_1LzG1CZo1zoGDtm","black",1,1,0.36,1.12,1.115,5.35,2.01,9.09,12,11.5,7,14.86
"R_1MVSU6mkHy64FXy","delta",1,0,0.41,1.1,1.13,5.56,1.975,24.24,10,13,11.2,12.86
"R_1MnHp7LorV2LKQM","black",0,1,0.42,1.17,1.18,5.485,2.15,27.27,17,18,9.7,22.86
"R_1N2CnRjfmNHC9eq","delta",0,0,0.38,1.22,1.29,5.71,2.09,15.15,22,29,14.2,19.43
"R_1ON2MDgqf2b4Ef2","black",0,1,0.38,1.16,1.11,6.25,2.12,15.15,16,11,25,21.14
"R_1OW8KPQHtlQmYke","black",0,1,0.295,0.87,0.865,4.435,0,-10.61,-13,-13.5,-11.3,-100
"R_1OZUBTjKUF1760G","delta",0,0,0.38,1.15,1.13,5.51,1.85,15.15,15,13,10.2,5.71
"R_1Oqn54cdgPbidWh","delta",0,0,0.38,1.3,1.15,5.5,1.97,15.15,30,15,10,12.57
"R_1P20KccIRZyamAh","black",0,1,0,0,0,0,0,-100,-100,-100,-100,-100
"R_1P5VCkawn0iphy7","delta",0,0,0.31,0.86,0.86,4.565,1.585,-6.06,-14,-14,-8.7,-9.43
"R_1PbdSdBH02PKIDy","black",1,1,0.37,1.19,1.23,5.98,2.26,12.12,19,23,19.6,29.14
"R_1PrAKX0VaNL3W81","delta",1,0,0.41,1.24,1.18,5.87,2.27,24.24,24,18,17.4,29.71
"R_1Pue4hTSsQAtEXn","black",0,1,0.4,1.125,1.15,5.295,1.91,21.21,12.5,15,5.9,9.14
"R_1Q44jASnwwjFNTj","black",0,1,0.345,1.06,1.06,5.62,1.855,4.55,6,6,12.4,6
"R_1QWpUXtZnTxAyT1","delta",0,0,0.4,1.21,1.14,5.54,1.95,21.21,21,14,10.8,11.43
"R_1QrpTnSy7qdkET5","black",0,1,0.39,1.21,1.07,5.53,1.89,18.18,21,7,10.6,8
"R_1RPZ3dkaKpfPJBL","delta",1,0,0.4,1.19,1.25,6.14,1.97,21.21,19,25,22.8,12.57
"R_1RV6GOgaolimq2k","delta",0,0,0.4,1.2,1.2,5.5,2.1,21.21,20,20,10,20
"R_1Rz3ObpaK7zGSyI","delta",0,0,0.38,1.12,1.17,6.39,2.08,15.15,12,17,27.8,18.86
"R_1SdVcnNtMF4SvLz","black",1,1,0.39,1.25,1.26,5.7,2.1,18.18,25,26,14,20
"R_1T6ikLQQOuxIbgl","delta",1,0,0.36,1.28,1.14,6.28,2.17,9.09,28,14,25.6,24
"R_1TEPHhAxGLysMCx","delta",0,0,0.38,1.085,1.06,5.315,2,15.15,8.5,6,6.3,14.29
"R_1UtIjvc32pofaiB","delta",0,0,0.43,1.19,1.26,6.22,2.11,30.3,19,26,24.4,20.57
"R_1Uxv0er8U5ONNEB","delta",1,0,0.37,1.125,1.28,5.91,2.08,12.12,12.5,28,18.2,18.86
"R_1WGqOPmKOeVIoK1","delta",1,0,0,0,0,0,0,-100,-100,-100,-100,-100
"R_1WWlFITElFGjeG5","black",0,1,0.365,1.075,1.125,5.265,1.905,10.61,7.5,12.5,5.3,8.86
"R_1XimTmyUq5RiMEj","black",0,1,0.38,0.92,1.145,4.58,1.96,15.15,-8,14.5,-8.4,12
"R_1Y3aXGsrL4iXNf7","delta",0,0,0.36,1.13,1.085,5.425,1.985,9.09,13,8.5,8.5,13.43
"R_1YOZHQN6HD8dP6B","black",1,1,0,0,0,0,0,-100,-100,-100,-100,-100
"R_1YmLWDGFAfM649a","black",0,1,0.4,1.15,1.12,5.69,1.93,21.21,15,12,13.8,10.29
"R_1YzZADjEeXhV8fq","delta",0,0,0.37,0,0,0,0,12.12,-100,-100,-100,-100
"R_1YzdvEUzTHLcz99","black",1,1,0.36,1.095,1.115,5.635,1.91,9.09,9.5,11.5,12.7,9.14
"R_1Z7GVSLfVizRtgR","delta",1,0,0.28,0.93,0.88,0,1.495,-15.15,-7,-12,-100,-14.57
"R_1ZNscCFnbuQTqRn","black",0,1,0.3,0.905,0.905,4.545,1.505,-9.09,-9.5,-9.5,-9.1,-14
"R_1btdIKi15jK6CJ3","delta",0,0,0.38,1.29,1.14,5.71,2.11,15.15,29,14,14.2,20.57
"R_1dFSnOeYbRTUK72","delta",1,0,0.375,1.06,1.125,5.67,1.89,13.64,6,12.5,13.4,8
"R_1dG606TNX1YX3AK","delta",0,0,0.3,1.065,1.075,5.555,1.975,-9.09,6.5,7.5,11.1,12.86
"R_1dGxAl1eMenvcYx","black",1,1,0.41,1.24,1.14,5.82,1.96,24.24,24,14,16.4,12
"R_1dSfDsHvnNYdkCD","black",0,1,0.38,1.25,1.13,5.85,2.19,15.15,25,13,17,25.14
"R_1dogmrmJfPwqmAj","delta",0,0,0.365,1.07,0,5.685,1.5,10.61,7,-100,13.7,-14.29
"R_1elclVy76sckNmg","delta",0,0,0.355,1.05,1.115,5.48,2.01,7.58,5,11.5,9.6,14.86
"R_1en0JxAwJWhpW3b","delta",1,0,0.29,1.07,0.885,4.71,1.555,-12.12,7,-11.5,-5.8,-11.14
"R_1f1gr8m09ONIleF","delta",0,0,0.39,0.925,1.22,5.73,2,18.18,-7.5,22,14.6,14.29
"R_1fNp61HxY3CJmRn","black",1,1,0.41,1.27,1.18,5.73,2.1,24.24,27,18,14.6,20
"R_1fj8t04AF3i2z5D","delta",0,0,0.285,1.13,1.12,4.55,2,-13.64,13,12,-9,14.29
"R_1fku880qttX8WCg","black",1,1,0.36,1.135,1.08,5.425,2,9.09,13.5,8,8.5,14.29
"R_1fpbtUTz95djWcR","delta",1,0,0.4,1.17,1.11,5.7,1.95,21.21,17,11,14,11.43
"R_1g6qFV7cRauDUam","delta",1,0,0.35,1.11,1.085,5.665,1.995,6.06,11,8.5,13.3,14
"R_1gEUEOTASriFntT","black",0,1,0.43,1.26,1.11,6,2.02,30.3,26,11,20,15.43
"R_1gOD82X10V6gWxX","black",1,1,0,0.865,0.95,4.39,1.525,-100,-13.5,-5,-12.2,-12.86
"R_1gQ59PzXIFJHlux","black",0,1,0.4,1.1,1.17,6.1,2.06,21.21,10,17,22,17.71
"R_1gbdTOLBlSaskc2","black",1,1,0.315,1.115,1.1,4.295,1.935,-4.55,11.5,10,-14.1,10.57
"R_1gcjhtLnTBzFCA1","delta",1,0,0.3,0.95,0.86,4.485,1.65,-9.09,-5,-14,-10.3,-5.71
"R_1hDVKJqeHd2FGUZ","black",0,1,0.41,1.11,1.13,5.445,1.96,24.24,11,13,8.9,12
"R_1hjUAlXgrXoslWN","delta",1,0,0.375,0.94,1.145,4.3,1.875,13.64,-6,14.5,-14,7.14
"R_1htjp2kwJN1vRqd","delta",1,0,0.43,1.17,1.21,6.03,2.28,30.3,17,21,20.6,30.29
"R_1ifSAe8adgMRfA5","delta",0,0,0.39,1.29,1.26,6.29,2.21,18.18,29,26,25.8,26.29
"R_1irpBq4sTBuwnTP","delta",0,0,0.36,1.105,0.95,4.44,1.96,9.09,10.5,-5,-11.2,12
"R_1iwKnowUQXCiDFV","black",0,1,0.315,0.92,0.865,4.29,1.55,-4.55,-8,-13.5,-14.2,-11.43
"R_1j1KI5uYEvsCbgJ","black",1,1,0.365,1.06,1.09,5.65,1.945,10.61,6,9,13,11.14
"R_1j9xCbeJfIx6Z9n","delta",1,0,0.315,0.94,0.91,4.365,1.55,-4.55,-6,-9,-12.7,-11.43
"R_1jNukLyIBJIheE0","delta",1,0,0.36,1.135,1.17,5.59,1.94,9.09,13.5,17,11.8,10.86
"R_1jf7XKv3AhiRGA4","delta",0,0,0.36,1.11,1.15,5.26,1.995,9.09,11,15,5.2,14
"R_1jrIAxmmSafNHST","delta",1,0,0.37,1.23,1.13,6.32,2.09,12.12,23,13,26.4,19.43
"R_1k2hCTBp1J92Mbp","black",1,1,0.29,0.88,0.92,4.64,1.895,-12.12,-12,-8,-7.2,8.29
"R_1kMvHm9WudEn9Ki","black",1,1,0.36,1.3,1.13,5.56,1.995,9.09,30,13,11.2,14
"R_1kNvu2iP8cXmZx8","black",1,1,0.42,1.15,1.1,5.625,1.965,27.27,15,10,12.5,12.29
"R_1kiSDaxNoEcQmL3","delta",0,0,0.37,1.11,1.095,5.515,2.01,12.12,11,9.5,10.3,14.86
"R_1kqJsFeUv1GKTER","delta",0,0,0.375,1.07,1.065,5.45,1.925,13.64,7,6.5,9,10
"R_1kt62C9ansKpBvz","black",0,1,0.42,1.07,1.105,5.345,1.955,27.27,7,10.5,6.9,11.71
"R_1lyFDkYTOk57XJ3","black",1,1,0.37,1.14,1.095,5.39,1.92,12.12,14,9.5,7.8,9.71
"R_1mgi8BpvUUuU5AB","black",1,1,0,0.88,0.89,4.72,1.55,-100,-12,-11,-5.6,-11.43
"R_1mlz47d3nOEq0ja","black",0,1,0.36,1.135,1.09,5.45,1.96,9.09,13.5,9,9,12
"R_1mz6aiAC2ag0t7H","delta",0,0,0.295,0.865,0.925,4.46,1.63,-10.61,-13.5,-7.5,-10.8,-6.86
"R_1nTRCyi94VEk1jQ","delta",0,0,0.38,1.27,1.11,5.69,2.02,15.15,27,11,13.8,15.43
"R_1nUIqtrffx5bNoZ","delta",0,0,0.38,1.11,1.23,5.45,1.97,15.15,11,23,9,12.57
"R_1nrsGs1jG7BcUIE","delta",0,0,0.365,1.105,1.15,5.51,1.96,10.61,10.5,15,10.2,12
"R_1nvCJP11BTGMQu7","black",1,1,0.41,1.25,1.17,6.46,2.2,24.24,25,17,29.2,25.71
"R_1o5U1tAc8mHmHet","black",0,1,0.37,1.135,1.1,5.85,1.95,12.12,13.5,10,17,11.43
"R_1oEA82SXBfYRGpa","black",0,1,0.39,1.1,1.25,6.38,1.96,18.18,10,25,27.6,12
"R_1oEfGKwldKnHNId","delta",0,0,0.39,1.17,1.16,6.42,1.95,18.18,17,16,28.4,11.43
"R_1p9XmDKJjx9OGFT","delta",1,0,0.38,1.21,1.2,6.02,2.02,15.15,21,20,20.4,15.43
"R_1p9wiMkYIDRDe4F","delta",1,0,0.36,1.14,1.095,5.75,1.955,9.09,14,9.5,15,11.71
"R_1pGRW3OU6FOfV4K","black",0,1,0.345,1.05,1.13,5.675,1.86,4.55,5,13,13.5,6.29
"R_1q1mZG0iusfjVzX","black",1,1,0.37,1.3,1.19,6.4,2.1,12.12,30,19,28,20
"R_1qCqXkpF2DR11Oe","black",1,1,0.39,1.16,1.27,6.12,2.12,18.18,16,27,22.4,21.14
"R_1qWO0Zj5H4I4W30","black",1,1,0.36,1.055,1.13,5.665,1.95,9.09,5.5,13,13.3,11.43
"R_1qcKdYdbymprJg5","black",0,1,0.38,1.06,1.135,5.55,1.94,15.15,6,13.5,11,10.86
"R_1qdWXJRBo14jsS2","black",0,1,0.36,1.12,1.19,6.18,2.25,9.09,12,19,23.6,28.57
"R_1qpPkEaCyy4gSIe","delta",1,0,0.41,1.11,1.13,5.545,1.86,24.24,11,13,10.9,6.29
"R_1rPJtWSHfDc44uh","delta",0,0,0.39,1.29,1.13,5.99,1.93,18.18,29,13,19.8,10.29
"R_1rU7Q3c3FRzzLUQ","delta",1,0,0.38,1.085,1.08,6.46,1.93,15.15,8.5,8,29.2,10.29
"R_1sSwAXRe4vawg0i","delta",0,0,0.345,1.2,1.19,5.26,1.96,4.55,20,19,5.2,12
"R_1smN2VMZHkoF84r","delta",1,0,0,0.92,0.905,0,1.52,-100,-8,-9.5,-100,-13.14
"R_1solZxlBfDfcO4V","delta",1,0,0.42,1.115,1.12,5.625,1.96,27.27,11.5,12,12.5,12
"R_1sp0CTQpW0JTAsC","black",1,1,0.37,1.18,1.12,5.36,2.1,12.12,18,12,7.2,20
"R_1u23tMCeOot2dJT","black",0,1,0.315,0.875,0.905,4.405,1.6,-4.55,-12.5,-9.5,-11.9,-8.57
"R_1uO1wuXFEonH7Ug","delta",1,0,0.39,1.15,1.22,5.675,2,18.18,15,22,13.5,14.29
"R_1uPOqSI8nehm0xP","delta",0,0,0.345,1.135,1.14,5.265,1.94,4.55,13.5,14,5.3,10.86
"R_1urMu2QlcrDilWN","black",1,1,0.37,1.27,1.17,6.47,0,12.12,27,17,29.4,-100
"R_1vjNKMLW0uNpJ08","delta",1,0,0.37,1.29,1.2,6.19,2.09,12.12,29,20,23.8,19.43
"R_1waHLBnmwXkjkXw","delta",1,0,0.285,0.92,0.865,4.605,1.535,-13.64,-8,-13.5,-7.9,-12.29
"R_1wc3k9wkX4wpIrD","delta",1,0,0.39,1.17,1.13,6.35,1.95,18.18,17,13,27,11.43
"R_1wvHkluv8OVJtLe","black",1,1,0.39,1.2,1.13,5.68,1.9,18.18,20,13,13.6,8.57
"R_1xdRU4RmjrdsTmh","delta",1,0,0.36,1.21,1.12,6.17,2.27,9.09,21,12,23.4,29.71
"R_1yfdj0NKGDQXntD","delta",0,0,0.41,1.29,1.28,5.54,1.96,24.24,29,28,10.8,12
"R_2qh1pfBZtttHk69","delta",0,0,0.36,1.06,1.13,5.405,1.93,9.09,6,13,8.1,10.29
"R_30dgT7TG8CeISrX","black",0,1,0.39,1.14,1.105,5.54,1.905,18.18,14,10.5,10.8,8.86
"R_30n7NYhk4mXA3UB","black",0,1,0.36,1.23,1.21,5.55,2,9.09,23,21,11,14.29
"R_311fNQw1JHhCEqg","black",0,1,0.4,1.16,1.11,5.43,1.845,21.21,16,11,8.6,5.43
"R_31F2J5FPs7cJVi4","delta",1,0,0.41,0.89,1.28,5.71,1.9,24.24,-11,28,14.2,8.57
"R_31JtlOtohibtFBL","delta",0,0,0.37,1.05,0.905,5.69,1.59,12.12,5,-9.5,13.8,-9.14
"R_31PkMgODjrVEEMx","black",1,1,0.365,1.085,1.105,5.37,1.895,10.61,8.5,10.5,7.4,8.29
"R_31d81f4QqNsfa3c","delta",1,0,0.41,1.14,1.22,5.8,2.25,24.24,14,22,16,28.57
"R_31u3npytAtgsikw","delta",1,0,0.3,0.87,0.94,4.315,1.595,-9.09,-13,-6,-13.7,-8.86
"R_32DOa5N9Omz0uNH","delta",0,0,0.38,1.13,1.1,5.645,2.01,15.15,13,10,12.9,14.86
"R_32FGOSfCZYS94zL","black",0,1,0.39,1.29,1.15,6.37,2.11,18.18,29,15,27.4,20.57
"R_32FLlYqKaKnUNl2","delta",1,0,0.31,0.95,0.905,6.06,1.555,-6.06,-5,-9.5,21.2,-11.14
"R_32byUevtqZHccoo","black",1,1,0.42,1.25,1.1,5.65,2.005,27.27,25,10,13,14.57
"R_34CQVDJeIB0la15","black",1,1,0.37,1.085,1.115,5.465,1.97,12.12,8.5,11.5,9.3,12.57
"R_34GWeSRXlKHmvyo","black",0,1,0.36,1.055,1.085,5.435,1.88,9.09,5.5,8.5,8.7,7.43
"R_34R8SXaJ4ITIPrH","delta",1,0,0.36,1.29,1.11,5.62,1.98,9.09,29,11,12.4,13.14
"R_34b8lDBq58jys7f","delta",0,0,0.37,1.14,1.29,5.96,1.95,12.12,14,29,19.2,11.43
"R_34ojLn3z3YWT4Zj","delta",1,0,0.37,1.12,1.145,5.555,1.995,12.12,12,14.5,11.1,14
"R_34wV3JypQKdJk6T","black",1,1,0.38,1.17,1.24,5.59,2.24,15.15,17,24,11.8,28
"R_35BkJTsViaMTQNi","black",1,1,0.41,1.23,1.29,5.65,1.99,24.24,23,29,13,13.71
"R_35RtIXPXntciVOW","delta",1,0,0.39,1.13,1.29,5.99,1.935,18.18,13,29,19.8,10.57
"R_36alJilELcts4q5","delta",0,0,0.41,1.19,1.13,5.61,2,24.24,19,13,12.2,14.29
"R_36gRpbdmsXnKEFu","delta",1,0,0.35,1.09,1.05,5.515,1.99,6.06,9,5,10.3,13.71
"R_3772I3PDm5AjqKI","black",0,1,0.38,1.3,1.2,5.66,2.13,15.15,30,20,13.2,21.71
"R_37CCB3fJOfFVmMy","delta",0,0,0.36,1.075,1.145,5.62,1.535,9.09,7.5,14.5,12.4,-12.29
"R_37Hkn2jOvewjeNg","black",1,1,0.43,1.13,1.21,5.88,2.23,30.3,13,21,17.6,27.43
"R_37QJ0PpcvwWmssG","delta",0,0,0.365,1.23,1.25,6.14,1.62,10.61,23,25,22.8,-7.43
"R_37nRllwQgzJ6EE1","delta",1,0,0.305,0.885,0.935,4.695,1.605,-7.58,-11.5,-6.5,-6.1,-8.29
"R_37rlCWVRXFeT7Wx","delta",1,0,0.295,0.87,0.895,4.375,1.665,-10.61,-13,-10.5,-12.5,-4.86
"R_38EH09wM8dB05IB","delta",0,0,0.355,1.125,1.06,5.61,1.955,7.58,12.5,6,12.2,11.71
"R_39iPt9CtjbEazgl","delta",1,0,0.35,1.13,1.14,5.37,1.985,6.06,13,14,7.4,13.43
"R_39lX9cDPHx0q0kk","delta",1,0,0.37,1.1,1.085,6.15,1.99,12.12,10,8.5,23,13.71
"R_3AXbv59I7y8c6lI","black",1,1,0.4,1.055,1.22,5.655,1.87,21.21,5.5,22,13.1,6.86
"R_3AYcQA82tLHXMCw","delta",0,0,0.375,1.115,1.07,5.255,1.87,13.64,11.5,7,5.1,6.86
"R_3B2tefZnZ6UPpcg","black",0,1,0.43,1.26,1.29,6.03,2.03,30.3,26,29,20.6,16
"R_3BaPsvNyQJfnQtg","delta",0,0,0.375,0,1.13,4.27,1.55,13.64,-100,13,-14.6,-11.43
"R_3Bgu5krVUyIprgd","delta",1,0,0.3,0.92,0.9,4.605,0,-9.09,-8,-10,-7.9,-100
"R_3Bn9GSk5guswnm3","delta",1,0,0.36,1.15,1.05,5.67,1.975,9.09,15,5,13.4,12.86
"R_3CKhKtBfWzWAtNk","black",1,1,0.4,1.11,1.12,5.81,1.96,21.21,11,12,16.2,12
"R_3CUcrSNzc9UYhBH","delta",0,0,0.39,1.25,1.3,5.87,1.97,18.18,25,30,17.4,12.57
"R_3D2rQfKj9brtus5","delta",1,0,0.355,1.08,1.12,5.75,2,7.58,8,12,15,14.29
"R_3D8GjDJ7aYC2SQt","black",0,1,0.36,1.28,1.17,5.62,2.09,9.09,28,17,12.4,19.43
"R_3DM3eNIFyDIBg4i","delta",1,0,0.39,1.22,1.19,6.27,1.64,18.18,22,19,25.4,-6.29
"R_3E4weEBGxFIc5mm","delta",1,0,0.38,1.06,1.08,6.26,1.95,15.15,6,8,25.2,11.43
"R_3EEwcXfrNmAU9yh","black",0,1,0.43,1.24,1.16,5.58,2.1,30.3,24,16,11.6,20
"R_3EHalcI8Elm2C0c","delta",0,0,0.375,1.065,1.12,5.495,1.94,13.64,6.5,12,9.9,10.86
"R_3ETibMIpoIzU0bG","delta",0,0,0.43,1.13,1.12,6.36,2.04,30.3,13,12,27.2,16.57
"R_3EhjsmK7XuaNSEI","black",1,1,0.42,1.13,1.28,5.78,2.08,27.27,13,28,15.6,18.86
"R_3EnSG9W4UmicAku","delta",0,0,0.37,1.08,1.055,5.57,1.875,12.12,8,5.5,11.4,7.14
"R_3FIL7g7IW1XBNbf","black",1,1,0.375,1.1,0.88,5.58,1.6,13.64,10,-12,11.6,-8.57
"R_3FRpmDqAmYuI1up","delta",0,0,0.36,1.15,1.3,6.31,2.25,9.09,15,30,26.2,28.57
"R_3Fhn0yb6PlzEzXs","black",0,1,0.43,1.2,1.21,5.85,1.99,30.3,20,21,17,13.71
"R_3G8tH4E3Rd0Lxg6","delta",1,0,0.375,1.11,1.135,5.275,2.01,13.64,11,13.5,5.5,14.86
"R_3GZvTGOw0ti07gi","delta",1,0,0.41,1.24,0,5.66,1.89,24.24,24,-100,13.2,8
"R_3H3mpX8RHdjA1sl","delta",1,0,0.39,1.13,1.23,6.34,1.93,18.18,13,23,26.8,10.29
"R_3H72NGqwDffk9C9","black",1,1,0.315,0.935,0.91,4.475,1.5,-4.55,-6.5,-9,-10.5,-14.29
"R_3HAXepKxyPswW5j","black",1,1,0.305,0.85,0.85,4.575,1.965,-7.58,-15,-15,-8.5,12.29
"R_3HG9cSyrr9X2izf","black",0,1,0.37,1.18,1.11,6.01,2.17,12.12,18,11,20.2,24
"R_3Hf2yh34soD6m41","black",1,1,0.355,1.115,1.08,5.585,2,7.58,11.5,8,11.7,14.29
"R_3HtasMSXrSAcnaR","delta",1,0,0.38,1.06,1.055,5.325,1.93,15.15,6,5.5,6.5,10.29
"R_3IGDyMQdlce8KoF","delta",0,0,0,0.855,0.875,4.44,0,-100,-14.5,-12.5,-11.2,-100
"R_3IRTW6zddGKoDCx","black",0,1,0,0,0,0,0,-100,-100,-100,-100,-100
"R_3IXdMfUvoV4HiKc","black",1,1,0.36,1.12,1.23,5.89,2.16,9.09,12,23,17.8,23.43
"R_3InybGiHSvdZHk5","delta",1,0,0.43,1.12,1.23,5.95,2.18,30.3,12,23,19,24.57
"R_3IoV1xSqqgmauTA","delta",1,0,0,0.895,0.92,4.655,0,-100,-10.5,-8,-6.9,-100
"R_3IsmZ9Nf9HdMBUt","delta",0,0,0.38,1.13,1.27,5.55,2.25,15.15,13,27,11,28.57
"R_3JCrUPcXXINEHH1","delta",0,0,0.295,0.935,0,5.375,1.96,-10.61,-6.5,-100,7.5,12
"R_3JL9UFZTCFskJ7V","black",1,1,0.38,1.09,1.065,5.255,1.935,15.15,9,6.5,5.1,10.57
"R_3JLESdWLJiGfnGZ","black",1,1,0.345,1.07,1.145,5.28,1.935,4.55,7,14.5,5.6,10.57
"R_3JRas6xIiNUI3iG","delta",0,0,0.375,1.085,1.11,5.34,1.925,13.64,8.5,11,6.8,10
"R_3KZOsX85lAQvbWx","black",1,1,0.35,1.06,1.09,5.575,1.875,6.06,6,9,11.5,7.14
"R_3L3zhpF44EOuPLP","black",0,1,0.36,1.085,1.13,5.39,2.05,9.09,8.5,13,7.8,17.14
"R_3L7K0zx7INfPv2N","black",1,1,0.4,1.28,1.29,6.02,2.13,21.21,28,29,20.4,21.71
"R_3LH4P01BtMYdXr3","delta",0,0,0.38,1.13,1.09,5.65,1.925,15.15,13,9,13,10
"R_3MoliqmZXKi8J69","black",0,1,0.35,1.14,1.09,5.62,1.94,6.06,14,9,12.4,10.86
"R_3MuJr0F9yBMGxvK","delta",1,0,0.38,1.22,1.29,5.745,1.95,15.15,22,29,14.9,11.43
"R_3Mubbn8LKCfxrRD","delta",0,0,0.31,0.855,0.925,4.45,1.54,-6.06,-14.5,-7.5,-11,-12
"R_3NCbiokauA7nylX","black",0,1,0.355,1.115,1.075,5.29,1.945,7.58,11.5,7.5,5.8,11.14
"R_3NEatmGBqtX4eW8","delta",1,0,0.4,1.14,1.28,5.355,1.91,21.21,14,28,7.1,9.14
"R_3NFGlxZy0kUvSCM","black",0,1,0.37,1.145,1.115,5.55,1.925,12.12,14.5,11.5,11,10
"R_3NfQOuFBJsXEnVf","delta",0,0,0,1.125,0.87,5.395,1.53,-100,12.5,-13,7.9,-12.57
"R_3NsQ9cuVycAbWXl","black",1,1,0.305,0.86,0.905,4.685,1.495,-7.58,-14,-9.5,-6.3,-14.57
"R_3OI7ik1QqMDOBIn","black",1,1,0.38,1.08,1.12,5.28,2.01,15.15,8,12,5.6,14.86
"R_3OW4jdXeHvlQC6U","delta",1,0,0.38,1.145,1.105,5.655,1.865,15.15,14.5,10.5,13.1,6.57
"R_3OYJFmFfEpIwAna","black",0,1,0.36,1.2,1.07,5.68,1.945,9.09,20,7,13.6,11.14
"R_3OoCsOvkuGo9nQ9","delta",1,0,0,0,0,0,0,-100,-100,-100,-100,-100
"R_3OqwwsftoNHvxJS","delta",1,0,0.38,1.11,1.09,5.69,2,15.15,11,9,13.8,14.29
"R_3P0bsh1Bkkf7HxL","black",1,1,0.37,1.095,1.08,5.615,1.925,12.12,9.5,8,12.3,10
"R_3P7TEABG0JUcCNR","delta",1,0,0.38,1.12,1.115,5.42,1.845,15.15,12,11.5,8.4,5.43
"R_3PmQ90DxAMLHGy6","black",0,1,0.37,1.24,1.29,5.99,2.13,12.12,24,29,19.8,21.71
"R_3PuWmEHk2ZpwyBc","delta",1,0,0.41,1.15,1.09,5.73,1.95,24.24,15,9,14.6,11.43
"R_3PzmCtkM8S7dix3","delta",1,0,0,0.9,0.93,4.495,1.61,-100,-10,-7,-10.1,-8
"R_3QAEdZGdVb7YicZ","delta",1,0,0.38,1.15,1.105,5.725,2.015,15.15,15,10.5,14.5,15.14
"R_3QSxpycVjdsGSZi","black",1,1,0.375,1.07,1.125,5.38,1.985,13.64,7,12.5,7.6,13.43
"R_3QY7b1tpu3rFvhu","black",1,1,0.4,1.15,1.11,5.51,2.21,21.21,15,11,10.2,26.29
"R_3QbhQA5PFVDNEr6","black",1,1,0.43,1.3,1.27,5.525,2.01,30.3,30,27,10.5,14.86
"R_3QnNkyMTbfhuxy4","black",0,1,0.41,1.14,1.145,5.69,2.04,24.24,14,14.5,13.8,16.57
"R_3QtKwZVO42el5bP","black",1,1,0.41,1.085,1.08,5.295,1.92,24.24,8.5,8,5.9,9.71
"R_3QzS2y96jP2e6GZ","delta",1,0,0.39,1.14,1.29,5.5,1.88,18.18,14,29,10,7.43
"R_3RNTqWOeymRWKeR","delta",0,0,0,1.075,0.86,4.565,1.59,-100,7.5,-14,-8.7,-9.14
"R_3S08FbiFYartTWy","delta",0,0,0.39,1.25,1.24,5.94,1.94,18.18,25,24,18.8,10.86
"R_3S2B0c0WpMxRVSE","delta",0,0,0.38,1.18,1.17,5.64,2.11,15.15,18,17,12.8,20.57
"R_3Si5rvcEFbil3d7","delta",0,0,0.35,0.88,1.095,5.69,1.935,6.06,-12,9.5,13.8,10.57
"R_3SkpOf8QQ9RsoQt","black",0,1,0.4,1.05,1.19,5.275,1.895,21.21,5,19,5.5,8.29
"R_3SlxHmHtS6ACZ8F","black",1,1,0.4,1.12,1.24,5.43,2.01,21.21,12,24,8.6,14.86
"R_3SoH2ZIzQcS2gkT","delta",1,0,0.38,0.905,0.92,5.66,1.65,15.15,-9.5,-8,13.2,-5.71
"R_3SqaG4XNpbcdS86","black",0,1,0.37,1.29,1.19,5.78,1.97,12.12,29,19,15.6,12.57
"R_3TZdaYIXLbiCqSh","delta",0,0,0.41,1.145,1.09,5.44,1.98,24.24,14.5,9,8.8,13.14
"R_3Tno3NR0Db5zhbS","black",1,1,0.35,1.085,1.145,5.43,1.875,6.06,8.5,14.5,8.6,7.14
"R_3TxFLMjiBcvUsxP","delta",0,0,0.35,1.065,1.135,5.37,1.87,6.06,6.5,13.5,7.4,6.86
"R_3U5Uh71tl5vWDEj","delta",1,0,0.41,1.19,1.07,5.7,1.95,24.24,19,7,14,11.43
"R_3U9GQShzpJz3OEV","delta",0,0,0.29,1.115,0.875,5.385,1.495,-12.12,11.5,-12.5,7.7,-14.57
"R_3UVrZ6KRhmEFFhV","black",1,1,0.315,0.94,0.895,4.28,1.645,-4.55,-6,-10.5,-14.4,-6
"R_3UfQfpGOEOBV94J","black",1,1,0.305,0.915,0.85,4.46,1.545,-7.58,-8.5,-15,-10.8,-11.71
"R_3VPJdE6w6yVXMo6","delta",0,0,0.4,1.145,1.095,5.3,1.99,21.21,14.5,9.5,6,13.71
"R_3VhTyjkoCKuoLJf","delta",1,0,0.345,1.055,1.06,5.285,1.995,4.55,5.5,6,5.7,14
"R_3VvwwnSbzrK1ln1","black",0,1,0.365,1.1,1.135,5.41,1.875,10.61,10,13.5,8.2,7.14
"R_3WJIireb320Ias1","delta",1,0,0.365,1.13,1.055,5.445,1.985,10.61,13,5.5,8.9,13.43
"R_3WP5hNVqNhwxD4R","delta",0,0,0.345,0.88,0.945,4.425,1.61,4.55,-12,-5.5,-11.5,-8
"R_3WUMOR5hNGBzjNf","delta",0,0,0.37,1.105,1.135,5.285,1.935,12.12,10.5,13.5,5.7,10.57
"R_3WuLnb3TQ3ulJMc","delta",1,0,0.38,1.2,1.22,6.33,2.28,15.15,20,22,26.6,30.29
"R_3XgqxhZ5kOzFek4","black",1,1,0.43,1.18,1.28,6.46,2.03,30.3,18,28,29.2,16
"R_3Xii5g0yLHShuDy","black",0,1,0.35,1.09,0.89,5.525,1.89,6.06,9,-11,10.5,8
"R_3XjDJ2n19m9nFxn","delta",1,0,0.4,1.08,1.05,5.54,1.91,21.21,8,5,10.8,9.14
"R_3YKFJm8EbNCWrgP","black",0,1,0.355,1.1,1.09,5.7,1.955,7.58,10,9,14,11.71
"R_3YO34DDEeHoi6GZ","delta",1,0,0.375,1.08,1.145,5.315,1.99,13.64,8,14.5,6.3,13.71
"R_3YYzSOHiiUaqBUt","black",0,1,0.35,1.135,1.15,5.335,1.95,6.06,13.5,15,6.7,11.43
"R_3YnzQFiRAdbPfyx","delta",1,0,0.375,1.12,1.08,5.745,1.93,13.64,12,8,14.9,10.29
"R_3Ys2Z5E0BzaEk8e","black",1,1,0.38,1.15,1.27,5.69,1.965,15.15,15,27,13.8,12.29
"R_3Z9FvXl6U894KXv","black",1,1,0.305,0.94,0.87,5.36,1.545,-7.58,-6,-13,7.2,-11.71
"R_3ZOcNX33VCxgIdH","black",1,1,0.38,1.14,1.15,5.56,2.23,15.15,14,15,11.2,27.43
"R_3a1Mt6LwvnGtdYZ","black",0,1,0.4,1.24,1.29,6.36,2.13,21.21,24,29,27.2,21.71
"R_3a8WDUvXosH51Fn","black",1,1,0.36,1.16,1.23,5.74,2.16,9.09,16,23,14.8,23.43
"R_3apOQ7EeWBcwqLD","black",1,1,0.345,1.125,1.05,5.415,1.895,4.55,12.5,5,8.3,8.29
"R_3azFZxP7E07zvSF","black",0,1,0.315,1.115,1.14,5.26,1.97,-4.55,11.5,14,5.2,12.57
"R_3bDWFzrxb3qjycV","black",0,1,0.345,1.12,1.075,5.325,2,4.55,12,7.5,6.5,14.29
"R_3bsMCogzhyMm4ff","black",0,1,0,0.945,1.11,5.88,1.575,-100,-5.5,11,17.6,-10
"R_3cc3cb7fgAVwwq1","black",1,1,0.42,1.2,1.24,6.13,2.19,27.27,20,24,22.6,25.14
"R_3dH9pKpg5Z7Llzo","black",0,1,0.31,0.92,0.935,4.655,1.65,-6.06,-8,-6.5,-6.9,-5.71
"R_3dhu1ROa79DHxT3","delta",0,0,0.38,1.15,1.125,5.745,1.89,15.15,15,12.5,14.9,8
"R_3dp7j84xQTLha4k","delta",1,0,0.43,1.24,1.13,6.06,2.28,30.3,24,13,21.2,30.29
"R_3dreB32zNMra0qB","black",1,1,0.285,0.925,0.89,4.58,1.595,-13.64,-7.5,-11,-8.4,-8.86
"R_3dyS2DYVF89QACP","delta",0,0,0.38,1.09,1.11,5.55,2.01,15.15,9,11,11,14.86
"R_3eLFcZP4iX5QbaT","delta",1,0,0.38,1.22,1.11,6.15,2.03,15.15,22,11,23,16
"R_3eR1GlO642IzesK","black",1,1,0.42,1.13,1.14,5.79,1.96,27.27,13,14,15.8,12
"R_3er649DHFmUUyKB","black",0,1,0.39,1.19,1.19,5.56,2.23,18.18,19,19,11.2,27.43
"R_3f4BhqNJxv6lAid","black",0,1,0.36,1.27,1.1,5.54,1.92,9.09,27,10,10.8,9.71
"R_3fPqCwUttkO6BMJ","black",1,1,0.4,0.905,1.11,4.705,1.97,21.21,-9.5,11,-5.9,12.57
"R_3fcISUrLkJBeKVv","delta",0,0,0.36,1.135,1.13,5.51,1.87,9.09,13.5,13,10.2,6.86
"R_3fm0ZqgVdxyVK13","delta",1,0,0.39,1.16,1.3,6.21,2.17,18.18,16,30,24.2,24
"R_3g1skqwqXfJLUgH","black",0,1,0.41,1.1,1.12,5.575,1.9,24.24,10,12,11.5,8.57
"R_3g8b4w40ojruKy0","delta",1,0,0.43,1.13,1.2,5.83,2.24,30.3,13,20,16.6,28
"R_3gBFe6E3NJl5taZ","black",1,1,0.38,1.085,1.12,5.295,2.015,15.15,8.5,12,5.9,15.14
"R_3gCRSkYRf2NldUo","delta",1,0,0.39,1.14,1.135,6.29,2.01,18.18,14,13.5,25.8,14.86
"R_3gGYt3Retn29Yqt","delta",0,0,0.28,1.105,1.08,5.295,1.895,-15.15,10.5,8,5.9,8.29
"R_3gNLWzqrUWPCKuF","black",0,1,0.38,1.29,1.24,6.36,1.98,15.15,29,24,27.2,13.14
"R_3hNiZjaYnwlYsoC","black",0,1,0.36,1.08,1.06,5.315,2.01,9.09,8,6,6.3,14.86
"R_3hOGEGCPLxeLTxL","black",0,1,0.38,1.22,1.28,5.88,1.93,15.15,22,28,17.6,10.29
"R_3ha9yws2iwG8hMc","black",1,1,0.42,1.27,1.11,6.12,2.11,27.27,27,11,22.4,20.57
"R_3i4LEWZx5EBWW1V","delta",0,0,0.37,1.19,1.22,5.74,2.04,12.12,19,22,14.8,16.57
"R_3isdCjCXAgKGyod","black",0,1,0.365,1.05,1.08,5.495,1.89,10.61,5,8,9.9,8
"R_3jetDcewcley3db","delta",0,0,0.365,1.115,1.14,5.315,2.005,10.61,11.5,14,6.3,14.57
"R_3k3TRlrneKwIiyJ","delta",0,0,0.4,1.09,1.15,6.44,1.99,21.21,9,15,28.8,13.71
"R_3kBrpJB9fCl8qgp","delta",1,0,0.37,1.08,1.15,5.73,0,12.12,8,15,14.6,-100
"R_3kIAfUSOQtCrPaQ","delta",0,0,0.3,0.925,0.92,4.705,1.585,-9.09,-7.5,-8,-5.9,-9.43
"R_3kSMFndnKO9gOPo","delta",0,0,0.37,1.05,1.095,5.655,1.995,12.12,5,9.5,13.1,14
"R_3mBeG4cIOCOxhyV","black",0,1,0.39,1.15,1.24,5.76,2.01,18.18,15,24,15.2,14.86
"R_3mJfrZzmkHcm473","black",1,1,0.375,1.09,1.05,5.475,1.89,13.64,9,5,9.5,8
"R_3mSR8ZlVZ2IBULT","black",1,1,0.38,1.12,1.135,4.615,1.57,15.15,12,13.5,-7.7,-10.29
"R_3mmEoOwIXyRL902","black",1,1,0.28,0.95,1.05,4.4,1.63,-15.15,-5,5,-12,-6.86
"R_3myItHm0OhqQVfR","black",0,1,0.31,0.9,1.1,0,2.1,-6.06,-10,10,-100,20
"R_3n7W43coCmHZ8Ip","black",1,1,0.39,1.11,1.17,5.95,1.99,18.18,11,17,19,13.71
"R_3nNIQOCrno1yG35","delta",0,0,0.28,0.905,0.915,4.485,1.565,-15.15,-9.5,-8.5,-10.3,-10.57
"R_3oHUemUxOVECbSx","delta",0,0,0.365,1.16,1.105,5.68,1.96,10.61,16,10.5,13.6,12
"R_3oNtP3rvQ7TjR4p","delta",0,0,0.41,1.27,1.27,5.46,1.98,24.24,27,27,9.2,13.14
"R_3oai5d7X8lzd4Zj","black",1,1,0,0,0,0,0,-100,-100,-100,-100,-100
"R_3oiNhaXBWcN1cbL","black",1,1,0.4,1.19,1.23,6.47,1.93,21.21,19,23,29.4,10.29
"R_3p1cXfCZGyXYRln","delta",1,0,0.37,1.065,0,5.69,1.63,12.12,6.5,-100,13.8,-6.86
"R_3p3EyltFpzdZAZq","delta",1,0,0.43,1.15,1.24,5.88,2.03,30.3,15,24,17.6,16
"R_3pflKFdEYdFdk6W","delta",1,0,0.4,1.065,1.135,5.62,1.97,21.21,6.5,13.5,12.4,12.57
"R_3pm00fZqFVmgZFE","black",1,1,0.37,1.135,1.105,5.37,1.855,12.12,13.5,10.5,7.4,6
"R_3qKYHD7UOGrUdtD","black",1,1,0.375,1.065,1.15,5.4,1.86,13.64,6.5,15,8,6.29
"R_3qTX1EOUeE4rnyh","delta",1,0,0.42,1.12,1.24,5.87,1.945,27.27,12,24,17.4,11.14
"R_3r9x56Ylhne3o6l","black",0,1,0.355,1.11,1.05,5.375,1.88,7.58,11,5,7.5,7.43
"R_3rU9FaJHhSdThrs","black",1,1,0.345,1.13,1.1,5.26,1.905,4.55,13,10,5.2,8.86
"R_3reNy7ygPBg5L3N","delta",1,0,0.365,1.12,1.24,5.86,1.995,10.61,12,24,17.2,14
"R_3rrs8JzFDTLS4na","delta",1,0,0.375,1.075,1.125,5.425,1.86,13.64,7.5,12.5,8.5,6.29
"R_3rwVpOZjaiPWYLR","black",0,1,0.42,1.26,1.16,5.57,1.97,27.27,26,16,11.4,12.57
"R_3s6xEy5SQScWCwv","black",0,1,0.38,1.13,1.13,5.68,2.24,15.15,13,13,13.6,28
"R_3sXCmdHsbR9JR7Q","black",1,1,0.38,1.065,1.055,5.695,1.99,15.15,6.5,5.5,13.9,13.71
"R_3scZCeRsOj0C5Ub","black",1,1,0.37,1.1,0.91,5.475,1.92,12.12,10,-9,9.5,9.71
"R_3st6mKrn8fsYORC","black",1,1,0.345,1.085,1.115,5.67,1.95,4.55,8.5,11.5,13.4,11.43
"R_3tGwsztQkVAsclO","delta",0,0,0.375,1.055,1.105,5.39,1.895,13.64,5.5,10.5,7.8,8.29
"R_3uOmqCUQ4tMyuqn","delta",0,0,0.4,1.29,1.15,6.09,2,21.21,29,15,21.8,14.29
"R_3vAIGdzqj7CU1t7","black",0,1,0.37,1.13,1.3,6.11,1.955,12.12,13,30,22.2,11.71
"R_3vEkHBGOPNKsdMt","delta",1,0,0.4,1.26,1.23,6.12,2.14,21.21,26,23,22.4,22.29
"R_3vk0PMoqlCS8EhE","black",0,1,0.4,1.085,1.18,5.56,1.895,21.21,8.5,18,11.2,8.29
"R_3w6ujtsf2TrEQok","black",1,1,0.305,1.09,0.89,4.5,1.545,-7.58,9,-11,-10,-11.71
"R_3yJSjXOUZRTFJ4t","black",0,1,0.39,1.29,1.14,5.695,2.01,18.18,29,14,13.9,14.86
"R_3ymXB4UlaSYbbfr","black",1,1,0.36,1.2,1.065,6.1,1.845,9.09,20,6.5,22,5.43
"R_3zAMGddhPKws5hE","delta",0,0,0.41,1.14,1.15,5.51,2.2,24.24,14,15,10.2,25.71
"R_3zEAr8iYvAOHsxr","delta",1,0,0.37,1.1,1.135,5.325,2,12.12,10,13.5,6.5,14.29
"R_3zPjeK4WakKdZKn","black",0,1,0.36,1.12,1.13,5.63,1.935,9.09,12,13,12.6,10.57
"R_3zUDBCxW2qbdvq0","delta",1,0,0,1.055,0.915,4.25,1.91,-100,5.5,-8.5,-15,9.14
"R_50VNlOuGl9WaRFq","black",0,1,0.4,1.27,1.1,5.72,1.94,21.21,27,10,14.4,10.86
"R_50uVKO336CKMd9g","delta",0,0,0.35,1.1,1.09,5.605,1.84,6.06,10,9,12.1,5.14
"R_515WERFeb94ohyf","black",1,1,0,0,0,0,0,-100,-100,-100,-100,-100
"R_51QOu5fKciJXULV","black",0,1,0.36,1.24,1.28,5.59,2.21,9.09,24,28,11.8,26.29
"R_51p9w6TT18SwUSM","delta",1,0,0.295,0.85,0.95,4.265,1.545,-10.61,-15,-5,-14.7,-11.71
"R_52GnbWX9ExC4vXo","delta",1,0,0.38,1.1,1.14,5.57,2.005,15.15,10,14,11.4,14.57
"R_52GoUjWJP8BnWh3","delta",0,0,0.305,0.86,1.145,4.36,2.2,-7.58,-14,14.5,-12.8,25.71
"R_52SlMlyLJVzfBKI","black",0,1,0.36,1.11,1.145,5.43,1.865,9.09,11,14.5,8.6,6.57
"R_52mcck15Vz6WDea","black",1,1,0.39,1.28,1.19,6.5,1.99,18.18,28,19,30,13.71
"R_538NRPD1m4V0frr","delta",1,0,0,1.095,1.23,4.47,1.52,-100,9.5,23,-10.6,-13.14
"R_53ZH9GtQ8Qthkel","delta",0,0,0.4,1.075,1.14,5.4,2.005,21.21,7.5,14,8,14.57
"R_53erDiUyAa30eFd","delta",1,0,0.285,0.875,0.93,4.455,1.595,-13.64,-12.5,-7,-10.9,-8.86
"R_53fzwKzr5bKQqv4","black",0,1,0.43,1.12,1.13,5.73,1.94,30.3,12,13,14.6,10.86
"R_542IelBw9q5OEOH","delta",0,0,0.37,1.14,1.19,5.475,1.935,12.12,14,19,9.5,10.57
"R_54dxnPaQNtXx2Wh","delta",0,0,0.38,1.14,1.065,5.685,2.01,15.15,14,6.5,13.7,14.86
"R_55WrzgQ4QFhwTyz","delta",1,0,0.41,1.095,1.07,5.655,1.91,24.24,9.5,7,13.1,9.14
"R_56i2Gif6nhfs2W4","black",1,1,0.37,1.29,1.11,6.21,2.23,12.12,29,11,24.2,27.43
"R_56mc3f54Ro4TmVk","delta",1,0,0.345,1.075,1.14,5.59,2.015,4.55,7.5,14,11.8,15.14
"R_572SU9VWFPjCHpK","black",0,1,0.36,1.075,1.06,5.26,1.94,9.09,7.5,6,5.2,10.86
"R_57Oqp0V11xj54yu","delta",0,0,0.28,1.135,0.905,4.735,1.605,-15.15,13.5,-9.5,-5.3,-8.29
"R_57sRxo6MSqAPqpP","delta",0,0,0.36,1.2,1.125,5.665,1.84,9.09,20,12.5,13.3,5.14
"R_57t5fdQbR8MESC5","black",0,1,0.39,1.23,1.14,5.55,1.99,18.18,23,14,11,13.71
"R_58AlFCcJzxdJbp6","black",1,1,0.38,1.25,1.19,6.47,2.18,15.15,25,19,29.4,24.57
"R_58Zme38Yud7wIiy","black",0,1,0.37,1.09,1.065,5.25,1.875,12.12,9,6.5,5,7.14
"R_59ys22CHUgFR2O5","delta",1,0,0.355,0.95,1.115,5.53,1.9,7.58,-5,11.5,10.6,8.57
"R_5BrhpBTkk8EjnuU","delta",0,0,0.365,1.075,1.075,5.435,1.94,10.61,7.5,7.5,8.7,10.86
"R_5Btvfu7nGlfBrFS","delta",1,0,0.41,1.1,1.1,6.5,2.06,24.24,10,10,30,17.71
"R_5Bvd6nlivYtSKuR","delta",0,0,0,0,0,0,0,-100,-100,-100,-100,-100
"R_5BzaVcphA3qSViS","black",0,1,0.43,1.15,1.23,5.46,2,30.3,15,23,9.2,14.29
"R_5CDyGolp2W1O6Se","black",1,1,0.36,1.1,1.23,6.16,1.9,9.09,10,23,23.2,8.57
"R_5CJXDZ3oawINBvQ","black",1,1,0.31,1.125,1.08,5.385,1.985,-6.06,12.5,8,7.7,13.43
"R_5CUBaolwn56trfi","black",0,1,0.365,1.11,1.13,5.555,1.84,10.61,11,13,11.1,5.14
"R_5CVnEoKAEry3z6E","delta",0,0,0.35,1.145,1.09,5.495,1.895,6.06,14.5,9,9.9,8.29
"R_5CwDsJbHC4YLIkB","black",0,1,0.36,1.12,1.12,6.3,1.98,9.09,12,12,26,13.14
"R_5CwUdX0Dcvt6VVg","black",1,1,0.345,1.15,1.115,5.495,1.915,4.55,15,11.5,9.9,9.43
"R_5DF8EgddSuj4BDX","delta",1,0,0.36,1.11,1.07,6.17,1.93,9.09,11,7,23.4,10.29
"R_5DSSx7g0CtKEYv8","delta",0,0,0.37,1.19,1.14,5.51,1.985,12.12,19,14,10.2,13.43
"R_5DdpW5YduWb1nHT","delta",1,0,0.42,1.28,1.11,5.54,1.93,27.27,28,11,10.8,10.29
"R_5Em4KEJXRFlQLji","black",0,1,0.37,1.15,1.19,5.79,2.12,12.12,15,19,15.8,21.14
"R_5ExXHqNXStkx78A","delta",1,0,0.36,1.08,1.075,4.615,1.6,9.09,8,7.5,-7.7,-8.57
"R_5FRoSTM153h1sT1","black",0,1,0.305,0.885,0.865,4.65,1.515,-7.58,-11.5,-13.5,-7,-13.43
"R_5FZafKq4aJUzoop","delta",1,0,0.36,1.12,1.25,5.58,1.99,9.09,12,25,11.6,13.71
"R_5FgIlfOIEqNT4uB","delta",1,0,0.43,1.22,1.2,5.93,1.94,30.3,22,20,18.6,10.86
"R_5G3Sx4mdOViHElP","black",1,1,0.39,1.28,1.19,5.59,2.01,18.18,28,19,11.8,14.86
"R_5GCALiL3SVduL3T","black",1,1,0.43,1.14,1.12,5.9,2.11,30.3,14,12,18,20.57
"R_5GDZOeWZxttwGOR","black",0,1,0.28,0.91,0.945,4.545,1.56,-15.15,-9,-5.5,-9.1,-10.86
"R_5GT7fRC3mL4vBG3","black",0,1,0.38,1.1,1.1,5.725,1.89,15.15,10,10,14.5,8
"R_5GcqrZTqVNRhYvT","delta",1,0,0.3,0.94,0.92,4.525,1.665,-9.09,-6,-8,-9.5,-4.86
"R_5GvxE5YkrSrZVpT","black",0,1,0.35,1.06,1.115,5.565,1.855,6.06,6,11.5,11.3,6
"R_5H5iVe6Xok40Ncm","delta",0,0,0,0,0,0,0,-100,-100,-100,-100,-100
"R_5HhHsHy0JjxLeZk","black",1,1,0.43,1.18,1.16,5.63,2.28,30.3,18,16,12.6,30.29
"R_5JBmNh24aR59j1v","black",1,1,0.37,1.1,1.15,5.41,1.905,12.12,10,15,8.2,8.86
"R_5JCuc1DxoBZRkeB","black",0,1,0.41,1.23,1.18,5.9,2.24,24.24,23,18,18,28
"R_5JIVPL9F7cN9oqg","delta",1,0,0.41,1.14,1.16,5.75,1.895,24.24,14,16,15,8.29
"R_5JJjXUIigyDONWT","black",1,1,0.31,0.94,1.055,5.74,1.525,-6.06,-6,5.5,14.8,-12.86
"R_5KOpoU4krFlCf3P","black",1,1,0.305,0.93,0.88,4.555,1.595,-7.58,-7,-12,-8.9,-8.86
"R_5KW9ovnYUtUyr8E","delta",0,0,0.41,1.2,1.21,5.58,1.91,24.24,20,21,11.6,9.14
"R_5LTm38xh9IZfCmi","delta",0,0,0.365,1.11,1.095,5.64,1.92,10.61,11,9.5,12.8,9.71
"R_5LtIQ3mVlNuLLS9","delta",0,0,0.42,1.135,1.29,5.74,2,27.27,13.5,29,14.8,14.29
"R_5MMr26UVFtL20Ls","black",0,1,0.42,1.1,1.15,6.2,2.06,27.27,10,15,24,17.71
"R_5MSNCgRM95lvspr","black",0,1,0.36,1.18,1.17,5.415,1.965,9.09,18,17,8.3,12.29
"R_5MfiaAZaj2EXPYl","delta",1,0,0.31,0.93,0.95,4.66,2.01,-6.06,-7,-5,-6.8,14.86
"R_5MzlhAf2TJ4UmqN","delta",0,0,0.375,1.075,1.15,5.635,1.875,13.64,7.5,15,12.7,7.14
"R_5N5WhHwxTTrSKmB","delta",1,0,0,0,1.27,6.27,0,-100,-100,27,25.4,-100
"R_5N5lDn5P2ln2uz6","delta",0,0,0.39,1.1,1.23,5.83,2.24,18.18,10,23,16.6,28
"R_5NEv4wl8cIWuiIb","black",0,1,0.38,1.105,1.075,5.595,1.96,15.15,10.5,7.5,11.9,12
"R_5NSptdkKNhGoGkh","delta",0,0,0.4,1.25,1.21,5.67,2.08,21.21,25,21,13.4,18.86
"R_5OW89WvSQ9oH0T3","black",0,1,0.42,1.15,1.19,5.63,2.16,27.27,15,19,12.6,23.43
"R_5OWrw7eTxHuNRx7","delta",0,0,0.43,1.055,1.105,5.515,1.845,30.3,5.5,10.5,10.3,5.43
"R_5P0DQPTACdZY2fn","black",1,1,0.375,1.3,1.15,5.92,1.855,13.64,30,15,18.4,6
"R_5P2N3N4lpPPxUlj","delta",0,0,0.36,1.095,1.07,5.64,1.92,9.09,9.5,7,12.8,9.71
"R_5PBvnLId4m2T4oY","delta",1,0,0.41,1.15,0.93,5.75,1.905,24.24,15,-7,15,8.86
"R_5PCcdgyrtzUyqOZ","delta",0,0,0,0.89,0.885,4.555,1.495,-100,-11,-11.5,-8.9,-14.57
"R_5Q2MyoyzP6SQ1Cp","black",1,1,0.36,1.22,1.27,6.12,2.13,9.09,22,27,22.4,21.71
"R_5QAr5N60G4uEYKJ","black",0,1,0.37,1.11,1.22,5.57,2.14,12.12,11,22,11.4,22.29
"R_5QAwNhoPrnuHoyd","delta",1,0,0.375,1.125,1.14,6.11,1.86,13.64,12.5,14,22.2,6.29
"R_5QDjcLRLO7Ur5oZ","black",1,1,0.35,1.125,1.15,5.7,1.995,6.06,12.5,15,14,14
"R_5QKXd61iVmIJeKw","black",0,1,0.39,1.23,1.23,6.07,1.93,18.18,23,23,21.4,10.29
"R_5QX66mJB2sDLOQp","delta",0,0,0.355,1.06,1.075,5.495,1.91,7.58,6,7.5,9.9,9.14
"R_5Rb7YJ8fv81lPBD","black",0,1,0.36,1.13,1.21,6.21,2.05,9.09,13,21,24.2,17.14
"R_5Ro51cf9tvfwqqd","black",0,1,0.4,1.23,1.15,6.49,2.1,21.21,23,15,29.8,20
"R_5S8et9M2nO8KN8x","black",1,1,0.38,1.15,1.19,5.87,2.19,15.15,15,19,17.4,25.14
"R_5SdhWRoVraV6ROt","black",1,1,0.365,1.15,1.115,5.39,1.99,10.61,15,11.5,7.8,13.71
"R_5TMhcVoXAML58aS","delta",0,0,0.4,1.12,1.27,6.38,1.93,21.21,12,27,27.6,10.29
"R_5V1sRXUeIgt1Roi","black",1,1,0.4,1.21,1.19,5.93,1.98,21.21,21,19,18.6,13.14
"R_5V7ngYzajAAAR1k","black",0,1,0.305,0.865,0.89,4.67,1.6,-7.58,-13.5,-11,-6.6,-8.57
"R_5VatAXJI0gW39wB","delta",1,0,0.29,0.85,0.855,4.58,1.63,-12.12,-15,-14.5,-8.4,-6.86
"R_5VpO90RrFLLMOXL","black",0,1,0.38,1.16,1.15,6.34,1.935,15.15,16,15,26.8,10.57
"R_5VrGQ6tS2cd2Tkt","black",0,1,0.375,1.125,1.15,5.52,1.915,13.64,12.5,15,10.4,9.43
"R_5VvVxN5im9Gbg69","black",1,1,0.345,1.075,1.06,5.375,1.915,4.55,7.5,6,7.5,9.43
"R_5X5qS0KgoVg41OO","black",0,1,0.38,0.935,1.14,6.23,1.655,15.15,-6.5,14,24.6,-5.43
"R_5Y8H6YtkCWRerct","delta",0,0,0,0.945,0.86,4.585,0,-100,-5.5,-14,-8.3,-100
"R_5YN1r9ivlKAtBaV","black",0,1,0.41,1.15,1.19,6.46,2.11,24.24,15,19,29.2,20.57
"R_5YcgVIgwtFr74aM","black",1,1,0.38,1.085,1.09,5.69,1.84,15.15,8.5,9,13.8,5.14
"R_5YeQ7SG5muOr5dv","delta",0,0,0.29,0.94,0.9,4.295,1.53,-12.12,-6,-10,-14.1,-12.57
"R_5Ygj20XD6lnXe3g","black",0,1,0.43,1.23,1.24,5.86,1.96,30.3,23,24,17.2,12
"R_5Ylmr0QfoPqNYSo","black",1,1,0.37,1.3,1.12,6.26,2.01,12.12,30,12,25.2,14.86
"R_5Yr02K8BARANKZt","black",0,1,0.36,1.2,1.28,5.53,2.24,9.09,20,28,10.6,28
"R_5YzZFwzbq1x3uFD","delta",0,0,0.365,1.26,1.12,5.29,1.89,10.61,26,12,5.8,8
"R_5ZV1r425JoyzwEi","black",0,1,0.35,1.095,1.135,5.525,2.015,6.06,9.5,13.5,10.5,15.14
"R_5al78uZYgn5VYU3","black",1,1,0.41,1.27,1.12,5.42,1.945,24.24,27,12,8.4,11.14
"R_5b2C1mCZMKJNENW","black",1,1,0.42,1.14,1.28,5.99,2,27.27,14,28,19.8,14.29
"R_5bQaq8dBZPXbtQB","delta",1,0,0.36,1.055,1.09,5.575,1.965,9.09,5.5,9,11.5,12.29
"R_5cd21jQ6LgRP31e","delta",0,0,0.38,1.17,1.2,6.47,2.16,15.15,17,20,29.4,23.43
"R_5cjjZQElF89HYI1","black",0,1,0.41,1.1,1.23,5.73,2.25,24.24,10,23,14.6,28.57
"R_5cvMmgLXhRXFzix","black",1,1,0.375,1.1,1.05,4.305,1.955,13.64,10,5,-13.9,11.71
"R_5dGuy0LYETSoYzy","black",1,1,0.375,1.07,1.1,5.485,2.01,13.64,7,10,9.7,14.86
"R_5dY7Y5v8T537Hpf","black",0,1,0,0.855,0.88,5.315,1.91,-100,-14.5,-12,6.3,9.14
"R_5davhY364Dj4CV0","black",1,1,0.29,0.895,0.85,4.255,1.605,-12.12,-10.5,-15,-14.9,-8.29
"R_5djOoDSUU8yJRoR","delta",1,0,0.36,1.065,1.065,5.31,1.985,9.09,6.5,6.5,6.2,13.43
"R_5dmFiOHyCJcEVVh","delta",0,0,0.38,1.14,1.14,5.53,1.93,15.15,14,14,10.6,10.29
"R_5duA2OCP2ljeUmh","black",1,1,0.295,0.905,0.86,4.34,1.58,-10.61,-9.5,-14,-13.2,-9.71
"R_5dzNbGeTqOmTXNy","delta",0,0,0.43,1.12,1.21,6.16,2.11,30.3,12,21,23.2,20.57
"R_5eoIRU7S1zcnc65","delta",0,0,0.41,1.26,1.12,5.39,1.89,24.24,26,12,7.8,8
"R_5epYh3gR5jOhqxP","delta",1,0,0.365,1.05,1.07,5.475,1.85,10.61,5,7,9.5,5.71
"R_5f3qUTnad6mjeq4","delta",0,0,0.295,0,1.21,0,1.85,-10.61,-100,21,-100,5.71
"R_5f9VThGnmgkUjIT","delta",1,0,0,0.885,0.85,4.355,1.565,-100,-11.5,-15,-12.9,-10.57
"R_5fB8yNmWvFqfGxz","black",0,1,0.37,1.2,1.11,5.85,2.24,12.12,20,11,17,28
"R_5fNoOFvhhQRLXlh","delta",1,0,0.35,1.065,1.06,5.485,1.9,6.06,6.5,6,9.7,8.57
"R_5fNsnUZHauk0htf","delta",0,0,0.355,1.08,1.095,5.535,1.84,7.58,8,9.5,10.7,5.14
"R_5fZZGDIOQ5mxj7m","delta",1,0,0.42,1.21,1.16,5.72,2.02,27.27,21,16,14.4,15.43
"R_5fjUCerjiqRnoaM","delta",1,0,0.37,1.19,1.1,5.71,1.975,12.12,19,10,14.2,12.86
"R_5frfNNY22O3TISP","black",1,1,0,1.115,1.13,5.55,1.635,-100,11.5,13,11,-6.57
"R_5fyExraDGzSkHv3","black",0,1,0.38,1.17,1.15,5.97,1.99,15.15,17,15,19.4,13.71
"R_5g7daniGOwWcdad","delta",1,0,0.36,1.145,1.14,5.69,1.905,9.09,14.5,14,13.8,8.86
"R_5hHktnVoSQ1uGAv","black",1,1,0.38,1.075,1.09,5.335,1.92,15.15,7.5,9,6.7,9.71
"R_5hSvtbd1oFqd6AF","black",1,1,0.375,1.11,1.13,5.81,1.845,13.64,11,13,16.2,5.43
"R_5iDME5YFtOGBD9v","delta",1,0,0.365,1.08,1.08,5.725,1.985,10.61,8,8,14.5,13.43
"R_5jE78rK6R0COImf","delta",0,0,0.36,1.22,1.25,5.535,1.945,9.09,22,25,10.7,11.14
"R_5jU2CV4LoL0j166","black",0,1,0.38,0.935,1.27,5.62,0,15.15,-6.5,27,12.4,-100
"R_5jVT9v8F9V75jsL","black",0,1,0.38,1.085,1.055,5.68,1.89,15.15,8.5,5.5,13.6,8
"R_5jfy8huKpt1SAj9","black",0,1,0.43,1.22,1.28,5.8,2.11,30.3,22,28,16,20.57
"R_5k1TS7xQMC2WRXi","delta",0,0,0,0,0,0,0,-100,-100,-100,-100,-100
"R_5k5PKRMgLJLMToo","delta",1,0,0.4,1.26,1.29,6.01,2.25,21.21,26,29,20.2,28.57
"R_5kcfnn8vRmmdJKW","black",1,1,0,0,0.865,0,1.495,-100,-100,-13.5,-100,-14.57
"R_5klByY6qsCv5Q77","black",1,1,0.41,1.13,1.26,6.19,2.2,24.24,13,26,23.8,25.71
"R_5l014l2LWZwiDpB","black",0,1,0.355,1.065,1.21,5.41,2.015,7.58,6.5,21,8.2,15.14
"R_5lX2msLz44gk3O9","black",1,1,0.38,1.125,1.055,6.37,1.905,15.15,12.5,5.5,27.4,8.86
"R_5lucTDjcTXzBFWb","black",0,1,0.41,1.105,1.16,5.86,2.02,24.24,10.5,16,17.2,15.43
"R_5mwuJEB7PpumOTD","delta",1,0,0.42,1.19,1.22,6.14,2.07,27.27,19,22,22.8,18.29
"R_5oEEVF2xkSBWa4C","delta",0,0,0.355,1.06,0.905,5.745,1.89,7.58,6,-9.5,14.9,8
"R_5oTSOc047Z8aeXj","delta",1,0,0.29,0.85,0.945,4.655,1.53,-12.12,-15,-5.5,-6.9,-12.57
"R_5orAvTPsM3BJBTz","black",1,1,0.42,1.15,1.3,6,2.27,27.27,15,30,20,29.71
"R_5ouPXdN1w1kVdXX","black",0,1,0.36,1.29,1.18,5.74,2.14,9.09,29,18,14.8,22.29
"R_5pRdvhBQILEeVHN","black",0,1,0.36,1.26,1.13,5.745,1.96,9.09,26,13,14.9,12
"R_5pX9E4WBOOokUsl","black",1,1,0.38,1.15,1.06,5.605,1.845,15.15,15,6,12.1,5.43
"R_5pul4jZGwnedEAX","black",0,1,0.355,1.105,1.09,5.4,1.965,7.58,10.5,9,8,12.29
"R_5qJyixseyb4dtww","delta",1,0,0.375,1.29,1.12,5.58,1.89,13.64,29,12,11.6,8
"R_5qKjuPy9XnUE6NO","delta",0,0,0.38,1.12,1.115,5.655,1.865,15.15,12,11.5,13.1,6.57
"R_5qs2nc2xoCN3ro6","black",1,1,0.42,1.17,1.26,5.89,2.11,27.27,17,26,17.8,20.57
"R_5rBnHtvtbgJmMH7","black",1,1,0.37,1.125,1.11,5.68,1.955,12.12,12.5,11,13.6,11.71
"R_5rYhxcycN6VbQ2L","delta",0,0,0.36,1.11,1.27,5.54,2.16,9.09,11,27,10.8,23.43
"R_5rrTKavCcQDQNHj","delta",1,0,0.38,1.12,1.105,5.295,1.875,15.15,12,10.5,5.9,7.14
"R_5s6qXUUYpbKVxYe","delta",1,0,0.4,1.11,1.055,5.57,1.885,21.21,11,5.5,11.4,7.71
"R_5sXCRr7bLpcri7N","delta",0,0,0.38,1.27,1.05,0,2.015,15.15,27,5,-100,15.14
"R_5swnIaSMvtXlDjP","black",1,1,0.38,1.1,1.07,5.72,1.935,15.15,10,7,14.4,10.57
"R_5szFjutSGkbgTiC","black",1,1,0.4,1.16,1.12,5.655,1.84,21.21,16,12,13.1,5.14
"R_5t8faLzUoJQ2wLv","black",1,1,0.41,1.105,1.12,5.69,1.98,24.24,10.5,12,13.8,13.14
"R_5tajFHwg94zr1la","black",0,1,0.39,1.19,1.2,6.1,1.99,18.18,19,20,22,13.71
"R_5tyTzqDeLQ4EvjX","delta",0,0,0.285,1.13,1.105,4.37,1.625,-13.64,13,10.5,-12.6,-7.14
"R_5u2aAH9Rv698Jt7","delta",0,0,0.38,1.2,1.23,6.22,1.96,15.15,20,23,24.4,12
"R_5wFS6V3risUz9fP","delta",0,0,0.37,1.1,1.27,6.39,2.08,12.12,10,27,27.8,18.86
"R_5wKOchiblkgsDzr","black",1,1,0.36,1.22,1.29,5.64,2.07,9.09,22,29,12.8,18.29
"R_5wmLlmRF7SNiEox","delta",1,0,0.345,1.11,1.13,5.66,2.005,4.55,11,13,13.2,14.57
"R_5yOAGxDRlvb2hjP","black",0,1,0.37,1.19,1.27,5.96,2.08,12.12,19,27,19.2,18.86
"R_5ypVgRV6drmO32J","black",1,1,0.39,1.21,1.27,6.19,2.24,18.18,21,27,23.8,28
"R_5zVLRoFc8nQzR61","delta",0,0,0,0,0,0,0,-100,-100,-100,-100,-100
"R_5zd1bSvYaiDTbYR","black",1,1,0.305,0.94,0.885,4.635,0,-7.58,-6,-11.5,-7.3,-100
"R_5zl2PIluGAzwAk7","delta",1,0,0,0.95,0,0,0,-100,-5,-100,-100,-100
"R_5zoaWD5xJDzuvRv","black",0,1,0.36,1.145,1.05,5.74,1.87,9.09,14.5,5,14.8,6.86
"R_60Hmhvowz71wh9Z","black",0,1,0.37,1.145,1.18,5.405,1.89,12.12,14.5,18,8.1,8
"R_60OznrzX5j0nzmM","black",0,1,0.355,1.05,1.105,5.46,1.895,7.58,5,10.5,9.2,8.29
"R_60UswbGcqa246Fv","black",1,1,0.375,1.135,1.1,5.455,1.865,13.64,13.5,10,9.1,6.57
"R_60YMm8tV7XrdYK8","delta",0,0,0.39,1.15,1.16,4.405,1.85,18.18,15,16,-11.9,5.71
"R_60ZqOavZxUUpW11","black",0,1,0.38,1.2,1.21,5.545,2.04,15.15,20,21,10.9,16.57
"R_60vgaT537bHlsFe","black",0,1,0.36,1.115,1.115,5.395,1.92,9.09,11.5,11.5,7.9,9.71
"R_6158g7JUavMRaSB","delta",1,0,0.38,1.3,1.065,5.485,1.865,15.15,30,6.5,9.7,6.57
"R_62Mhh3XxHgr0vDs","black",1,1,0.37,1.145,1.12,5.51,2.015,12.12,14.5,12,10.2,15.14
"R_62sDlM4YHUS7me3","delta",0,0,0.29,0.905,0,0,0,-12.12,-9.5,-100,-100,-100
"R_63lN97jjRdxn6dH","black",0,1,0.37,1.13,1.19,5.29,1.95,12.12,13,19,5.8,11.43
"R_63u3GrDWn8GLvG1","delta",0,0,0.305,0.93,0.89,4.635,1.5,-7.58,-7,-11,-7.3,-14.29
"R_647zd15MpzspVOp","black",1,1,0.29,0.89,0.9,4.435,1.61,-12.12,-11,-10,-11.3,-8
"R_64N1HGiVwp0KDmq","delta",0,0,0.41,1.115,1.085,5.295,1.955,24.24,11.5,8.5,5.9,11.71
"R_64oWwKSSDpRSVmp","delta",0,0,0.35,1.15,1.12,5.47,1.915,6.06,15,12,9.4,9.43
"R_64w0afIdm74i6F3","black",0,1,0.36,1.22,1.25,5.79,1.995,9.09,22,25,15.8,14
"R_65MFd4LIspqrvMB","black",0,1,0.42,1.12,1.19,5.565,1.91,27.27,12,19,11.3,9.14
"R_65QKi29XWMyb3nf","delta",1,0,0.29,1.29,0,5.51,2.27,-12.12,29,-100,10.2,29.71
"R_65uAM4hgNK14TlL","delta",1,0,0.35,1.18,1.11,6.47,1.96,6.06,18,11,29.4,12
"R_65ydtlf6nxVKgHD","delta",1,0,0.37,1.11,1.08,0,1.945,12.12,11,8,-100,11.14
"R_67QimSZ5edGHvKt","delta",0,0,0.37,1.22,1.16,5.465,1.935,12.12,22,16,9.3,10.57
"R_67d3Z2DLPx2xqpP","black",0,1,0.39,1.14,1.28,5.345,2.005,18.18,14,28,6.9,14.57
"R_68O2MLury9BCHjv","delta",1,0,0.38,1.12,1.11,5.94,2.27,15.15,12,11,18.8,29.71
"R_68neiP78LrimBK9","delta",1,0,0.36,1.14,1.055,5.82,1.95,9.09,14,5.5,16.4,11.43
"R_69YSpoKUzp0pdmN","black",0,1,0.39,1.27,1.25,6.18,2.08,18.18,27,25,23.6,18.86
"R_6AHKHyxLMf47hpx","delta",1,0,0.4,1.105,1.1,5.405,1.875,21.21,10.5,10,8.1,7.14
"R_6AI0EzdUEwTS5Mt","black",1,1,0.31,0.94,0.905,4.62,1.555,-6.06,-6,-9.5,-7.6,-11.14
"R_6B4zmUBlD62oaPj","delta",0,0,0,0,0,0,0,-100,-100,-100,-100,-100
"R_6CJtXeVPAGgVnm3","black",1,1,0.43,1.22,1.24,5.9,1.95,30.3,22,24,18,11.43
"R_6Cll3nPKOHf826F","delta",0,0,0.365,1.085,1.095,5.575,1.86,10.61,8.5,9.5,11.5,6.29
"R_6DCZurYgqDUYaK5","delta",0,0,0.345,1.065,1.05,5.325,1.95,4.55,6.5,5,6.5,11.43
"R_6DTsJlZMA8PYH4L","delta",1,0,0.35,0.885,0.88,4.75,1.595,6.06,-11.5,-12,-5,-8.86
"R_6DnGtMbfNXqyQ1N","delta",1,0,0.37,1.125,1.07,5.31,1.935,12.12,12.5,7,6.2,10.57
"R_6EoYbsKFIWOueJ3","delta",1,0,0.37,1.22,1.11,5.515,2.18,12.12,22,11,10.3,24.57
"R_6FJa6ibrRPs66hq","delta",1,0,0.4,1.17,1.16,5.675,2.015,21.21,17,16,13.5,15.14
"R_6Fb7WANWFp7RDtK","delta",1,0,0.375,1.105,1.2,5.715,2.24,13.64,10.5,20,14.3,28
"R_6FlzEusSzPnICgi","delta",1,0,0,0,0.93,0,1.58,-100,-100,-7,-100,-9.71
"R_6Fx36vwSleit6Zd","black",1,1,0.36,1.13,1.085,5.585,1.915,9.09,13,8.5,11.7,9.43
"R_6G6ce5CEjynEhHP","delta",1,0,0.3,0.87,0.9,4.52,2.01,-9.09,-13,-10,-9.6,14.86
"R_6GB3MBLeXxMCN9Z","delta",0,0,0.305,0.875,0.935,4.44,1.58,-7.58,-12.5,-6.5,-11.2,-9.71
"R_6GHXhFuv2DTxDvq","black",1,1,0.305,0.875,0.855,4.655,1.665,-7.58,-12.5,-14.5,-6.9,-4.86
"R_6GUnz8ZgMfcEDfb","delta",1,0,0.42,1.25,1.13,5.95,2.28,27.27,25,13,19,30.29
"R_6GWD0KAoVvuEN3j","black",1,1,0.43,1.3,1.23,6.16,2.24,30.3,30,23,23.2,28
"R_6GeosAA3VZWxKyc","black",1,1,0.28,0.85,0.86,4.345,1.655,-15.15,-15,-14,-13.1,-5.43
"R_6GreYjGMgjKoblW","black",1,1,0,0,0,0,0,-100,-100,-100,-100,-100
"R_6H7TJD6ICghZoF4","black",0,1,0.37,1.26,1.12,5.665,1.97,12.12,26,12,13.3,12.57
"R_6HLJ7lIDPEQRugA","delta",1,0,0.35,1.125,1.11,5.25,1.89,6.06,12.5,11,5,8
"R_6HS5fnLQig6HzL8","delta",0,0,0.295,1.075,0.895,5.315,1.84,-10.61,7.5,-10.5,6.3,5.14
"R_6HzZF8iQ2at4mu5","black",0,1,0.36,1.06,1.07,5.465,1.955,9.09,6,7,9.3,11.71
"R_6I6SxdrQQNiEqYN","black",0,1,0.38,1.105,1.125,5.485,1.925,15.15,10.5,12.5,9.7,10
"R_6IyMG6MdjYUke6F","black",1,1,0.39,1.3,1.25,5.645,1.98,18.18,30,25,12.9,13.14
"R_6J2VX9gVJwoxeXm","black",1,1,0.36,1.08,1.13,5.675,1.91,9.09,8,13,13.5,9.14
"R_6JKhl3FaaOxeogs","delta",0,0,0.4,1.13,1.05,5.71,1.87,21.21,13,5,14.2,6.86
"R_6JL9UjffuOm29QK","delta",1,0,0.285,0,0.9,4.745,2.06,-13.64,-100,-10,-5.1,17.71
"R_6JRwL5i3yrlYKwe","black",0,1,0.41,1.23,1.22,5.425,1.9,24.24,23,22,8.5,8.57
"R_6JnmkoCioiFcdyN","delta",1,0,0.36,0.86,1.105,5.745,1.89,9.09,-14,10.5,14.9,8
"R_6K0Iae7IpBgegmt","black",1,1,0.4,1.12,1.1,5.715,1.985,21.21,12,10,14.3,13.43
"R_6KfHCKeqwQ7Kcz1","delta",1,0,0.36,1.085,1.09,5.635,1.94,9.09,8.5,9,12.7,10.86
"R_6Kfn7Oh2h9MdcVH","black",1,1,0,1.28,1.26,5.45,2,-100,28,26,9,14.29
"R_6Kqyz6UHGbbE533","black",0,1,0.41,1.13,1.19,6.15,2.13,24.24,13,19,23,21.71
"R_6LGVvbYQH9f7gaU","delta",1,0,0.3,0.905,1.08,5.95,2.19,-9.09,-9.5,8,19,25.14
"R_6LunGGtkdTo4uTB","black",0,1,0.38,1.11,1.125,6.4,1.995,15.15,11,12.5,28,14
"R_6M6W4Fon34QdFT8","black",0,1,0.365,1.11,1.13,5.685,1.95,10.61,11,13,13.7,11.43
"R_6MKH0DlyFXns0Lv","delta",1,0,0.37,1.11,1.14,5.85,2.01,12.12,11,14,17,14.86
"R_6MXoIVBg6eXyq9R","black",1,1,0.36,1.105,1.11,5.515,1.955,9.09,10.5,11,10.3,11.71
"R_6NJ3CUFkiI4YFIR","black",0,1,0.38,1.14,1.095,5.725,1.885,15.15,14,9.5,14.5,7.71
"R_6NJqmkM8DxoLrHj","black",0,1,0.38,1.16,1.13,6.32,1.99,15.15,16,13,26.4,13.71
"R_6NfdvEWgsbtcK14","black",1,1,0.36,1.12,1.105,5.26,2.01,9.09,12,10.5,5.2,14.86
"R_6NyN17xt3nesWwH","black",1,1,0.39,1.24,1.21,5.7,1.97,18.18,24,21,14,12.57
"R_6O13mgdtVWJsxvr","delta",1,0,0.315,0.935,0.935,4.315,1.61,-4.55,-6.5,-6.5,-13.7,-8
"R_6OHCBd8VRd4t8FO","black",0,1,0.315,0.94,0.915,4.62,1.625,-4.55,-6,-8.5,-7.6,-7.14
"R_6OTlYPZGDrlxueQ","black",1,1,0.37,1.12,1.1,5.66,1.95,12.12,12,10,13.2,11.43
"R_6OVfSUIasvogfEf","delta",1,0,0.43,1.12,1.19,5.65,1.99,30.3,12,19,13,13.71
"R_6OdD6GwXDJIUKCv","delta",1,0,0.35,0.865,0.94,4.435,1.61,6.06,-13.5,-6,-11.3,-8
"R_6P5W9GL1EQhpCMD","delta",0,0,0.345,1.125,1.13,5.435,1.935,4.55,12.5,13,8.7,10.57
"R_6PAUxZOCwkUt0KF","black",0,1,0.43,1.13,1.27,6.29,2.19,30.3,13,27,25.8,25.14
"R_6PcP4D0a0USTTgJ","delta",0,0,0.39,1.09,1.055,5.555,2.01,18.18,9,5.5,11.1,14.86
"R_6Q0nvteFEh1Sx3c","black",0,1,0.39,1.11,1.13,5.685,1.95,18.18,11,13,13.7,11.43
"R_6QGUdCMi6XoVOTV","black",0,1,0.39,1.07,1.12,5.37,1.91,18.18,7,12,7.4,9.14
"R_6RNSovt9opSet3j","black",0,1,0.37,1.27,1.15,5.78,2.25,12.12,27,15,15.6,28.57
"R_6RPmDKbJ6qPF52J","delta",0,0,0,0,0,0,0,-100,-100,-100,-100,-100
"R_6RVaJ5tuqHcJ1xn","black",0,1,0.36,1.1,1.15,5.255,1.965,9.09,10,15,5.1,12.29
"R_6RqZ4v5ps87cdIB","black",1,1,0.355,1.11,1.1,5.745,1.925,7.58,11,10,14.9,10
"R_6SDMrQAoEy7cR8j","delta",1,0,0.375,1.21,1.25,5.88,1.895,13.64,21,25,17.6,8.29
"R_6Se59xeY7jvgUvi","black",1,1,0.42,1.26,1.26,5.77,2.08,27.27,26,26,15.4,18.86
"R_6Sod5kaYUoPkI7o","delta",0,0,0.355,1.08,1.095,5.655,1.865,7.58,8,9.5,13.1,6.57
"R_6TLbp9Ygk7sutSu","delta",1,0,0.37,1.11,1.15,5.675,1.885,12.12,11,15,13.5,7.71
"R_6VPwtIPHHzzfKW9","black",1,1,0.31,0.85,0.85,4.62,1.605,-6.06,-15,-15,-7.6,-8.29
"R_6VfMClUW4Rnm40c","delta",1,0,0.38,1.12,1.055,5.61,1.865,15.15,12,5.5,12.2,6.57
"R_6VrUdPl1rH5FFXQ","black",0,1,0.365,1.12,1.06,5.375,1.93,10.61,12,6,7.5,10.29
"R_6VwoANEcSYNLjWq","delta",1,0,0.38,1.15,1.07,5.475,1.97,15.15,15,7,9.5,12.57
"R_6VybVXK1Qc2S9m1","black",1,1,0.295,1.14,0.92,5.265,1.585,-10.61,14,-8,5.3,-9.43
"R_6WC1cEO2E2UtUj7","black",1,1,0.37,1.14,1.095,5.465,1.885,12.12,14,9.5,9.3,7.71
"R_6WO9Kh6IvxRUssF","delta",0,0,0.36,1.105,1.135,5.575,1.9,9.09,10.5,13.5,11.5,8.57
"R_6Wx36kw82LpA2mB","black",0,1,0.375,1.105,1.075,5.39,1.875,13.64,10.5,7.5,7.8,7.14
"R_6XqXCCCiG9oZsBP","black",1,1,0.42,1.065,1.12,5.92,1.905,27.27,6.5,12,18.4,8.86
"R_6YOhnMtAxX8C9WN","delta",0,0,0.39,1.115,1.135,5.65,1.97,18.18,11.5,13.5,13,12.57
"R_6Zjh6hwGqicO6VX","delta",0,0,0,0,0,0,0,-100,-100,-100,-100,-100
"R_6ahum0kYSzLHytv","black",1,1,0.41,1.15,1.145,6.04,1.865,24.24,15,14.5,20.8,6.57
"R_6c6JGisideNEfei","delta",1,0,0.355,1.145,1.26,5.84,2.08,7.58,14.5,26,16.8,18.86
"R_6cBUX8C6cai5D0Z","delta",1,0,0.365,1.055,1.15,5.72,1.855,10.61,5.5,15,14.4,6
"R_6dXJ38UK2qQmFYY","delta",1,0,0.37,1.07,1.13,5.7,1.925,12.12,7,13,14,10
"R_6dXYePIW4TGpptL","black",0,1,0.43,1.075,1.125,5.495,1.935,30.3,7.5,12.5,9.9,10.57
"R_6dopCwqH0VLsOCq","black",1,1,0.295,0.88,0.91,4.565,1.605,-10.61,-12,-9,-8.7,-8.29
"R_6en5Rcj3F8tNmIY","black",0,1,0.365,1.075,1.065,5.385,2.01,10.61,7.5,6.5,7.7,14.86
"R_6f1A4eZwahSEoHj","delta",0,0,0.345,1.08,1.09,5.415,1.84,4.55,8,9,8.3,5.14
"R_6f9tCvNBtHQ6q9B","black",0,1,0.38,1.12,1.16,6.22,2.08,15.15,12,16,24.4,18.86
"R_6fwEQ0FXWInF1N7","delta",1,0,0.37,1.17,1.26,6.21,2.26,12.12,17,26,24.2,29.14
"R_6g1BzBPCEkOZvup","black",1,1,0.365,1.14,1.115,5.29,1.845,10.61,14,11.5,5.8,5.43
"R_6gL5bJIuTkBjl7t","delta",1,0,0.43,1.3,1.24,5.535,1.97,30.3,30,24,10.7,12.57
"R_6hA95p2BVQJ1qSd","delta",1,0,0.36,0.865,1.1,4.555,1.93,9.09,-13.5,10,-8.9,10.29
"R_6hExKY6IFLBX1Iz","delta",0,0,0.345,1.13,0.92,4.595,0,4.55,13,-8,-8.1,-100
"R_6hK4A9AjulBuvOV","black",1,1,0.37,1.13,1.12,5.49,1.99,12.12,13,12,9.8,13.71
"R_6iI2i4fC1yMj6nh","delta",1,0,0.4,1.18,1.27,5.715,2.09,21.21,18,27,14.3,19.43
"R_6il1ax7D8YrcFSQ","black",0,1,0.38,1.095,1.12,5.355,1.935,15.15,9.5,12,7.1,10.57
"R_6k3re8hANh1DMAx","black",0,1,0.4,1.16,1.18,6.1,2.01,21.21,16,18,22,14.86
"R_6k7gRvUiugqqw1d","black",0,1,0.4,1.145,1.05,5.31,1.93,21.21,14.5,5,6.2,10.29
"R_6knsDFuAZqh9d1q","black",0,1,0.37,1.065,1.15,5.5,1.945,12.12,6.5,15,10,11.14
"R_6l4zNIFkEi92Xgn","black",0,1,0.4,1.17,1.11,5.64,2.19,21.21,17,11,12.8,25.14
"R_6lztmHgiWVQHLyk","delta",1,0,0.345,1.07,1.05,5.505,1.97,4.55,7,5,10.1,12.57
"R_6mCPhmNIE4XrZWV","black",1,1,0,0,1.13,4.36,1.96,-100,-100,13,-12.8,12
"R_6n2a8AM5GoOZVJ8","delta",0,0,0.4,1.1,1.14,5.63,2.07,21.21,10,14,12.6,18.29
"R_6nAhTPEAyOgSNeF","black",0,1,0.31,0.935,0.87,4.53,1.645,-6.06,-6.5,-13,-9.4,-6
"R_6nkHRjRAreOr7rA","delta",1,0,0.43,1.13,1.24,5.6,2.08,30.3,13,24,12,18.86
"R_6oHEk3lCTPhAJlh","delta",0,0,0.36,0.885,0.94,5.685,1.645,9.09,-11.5,-6,13.7,-6
"R_6oeX7YSjiy5HYkh","black",0,1,0.41,1.26,1.11,5.75,2.01,24.24,26,11,15,14.86
"R_6p4t0PFDizfN4N4","delta",1,0,0.355,1.13,1.12,5.7,1.93,7.58,13,12,14,10.29
"R_6pY0o8TvPy3V556","delta",1,0,0.355,1.13,1.14,5.62,1.865,7.58,13,14,12.4,6.57
"R_6pguUU55v9CzuYC","delta",1,0,0.42,1.19,1.15,6.37,2.09,27.27,19,15,27.4,19.43
"R_6ptzXdSfbSkVas1","delta",0,0,0.43,1.23,1.12,5.85,2.21,30.3,23,12,17,26.29
"R_6qzce2xS85BHOcr","delta",0,0,0.31,0.88,0.91,4.625,1.54,-6.06,-12,-9,-7.5,-12
"R_6r1xJKBL68dhfq0","delta",1,0,0.355,1.115,1.075,5.735,1.95,7.58,11.5,7.5,14.7,11.43
"R_6rB0OKTkDVhU4SU","black",1,1,0.315,0.945,0.875,4.74,0,-4.55,-5.5,-12.5,-5.2,-100
"R_6rCNmNosa8u51c7","delta",1,0,0.375,1.075,1.14,5.63,2.08,13.64,7.5,14,12.6,18.86
"R_6rIAbFMBPXJb14p","delta",1,0,0.31,0.92,0.895,4.64,1.58,-6.06,-8,-10.5,-7.2,-9.71
"R_6rOBIv3dN4Qf3PV","black",1,1,0.37,1.1,1.09,5.585,2.015,12.12,10,9,11.7,15.14
"R_6ra1wOMeQGWLCNP","black",0,1,0.29,0.895,0.91,4.64,1.525,-12.12,-10.5,-9,-7.2,-12.86
"R_6s4hA374aivC7XM","black",1,1,0.36,1.29,1.12,6.45,2.14,9.09,29,12,29,22.29
"R_6s4umZol16oZeRG","delta",0,0,0,1.22,0,0,1.665,-100,22,-100,-100,-4.86
"R_6si8SnBa8Z1GjWm","black",1,1,0.35,1.11,1.075,5.335,1.955,6.06,11,7.5,6.7,11.71
"R_6uLxk8fSXz7VDkl","delta",1,0,0.36,1.13,1.065,5.73,1.895,9.09,13,6.5,14.6,8.29
"R_6vc9vNvnui4C0Li","black",0,1,0.37,1.2,1.17,5.77,2.07,12.12,20,17,15.4,18.29
"R_6wAyuDcKYK5BpC2","delta",1,0,0.295,1.23,1.28,6.14,2.09,-10.61,23,28,22.8,19.43
"R_6wtrUA5PwDLOmd8","delta",0,0,0.345,1.05,1.105,5.675,1.95,4.55,5,10.5,13.5,11.43
"R_6y1agSrSededqDy","delta",1,0,0.375,1.13,1.12,5.46,2,13.64,13,12,9.2,14.29
"R_6yaz2b374HbaBt1","delta",0,0,0.39,1.27,1.18,5.91,1.96,18.18,27,18,18.2,12
"R_6ymvkrcHaCcpFCb","black",1,1,0.305,0.875,0.945,4.25,1.55,-7.58,-12.5,-5.5,-15,-11.43
"R_6zNP9gLiDBPXtJr","black",1,1,0,0,0,0,0,-100,-100,-100,-100,-100
"R_700tfQGOXh5R9xD","black",0,1,0.39,1.22,1.18,6.41,2.21,18.18,22,18,28.2,26.29
"R_70O6GyQzpE9Mcp4","delta",0,0,0.36,1.085,1.125,0,2.14,9.09,8.5,12.5,-100,22.29
"R_70hH8hJXgI1Czsw","delta",0,0,0,0,1.055,0,1.545,-100,-100,5.5,-100,-11.71
"R_70tQBGaRyMnFxsP","black",0,1,0.43,1.22,1.28,5.5,1.91,30.3,22,28,10,9.14
"R_71FpJxAGv3lcGc1","delta",0,0,0.35,1.055,1.07,5.485,1.96,6.06,5.5,7,9.7,12
"R_71ZztyuDXsM9PHX","black",1,1,0.375,1.065,1.135,5.415,2.01,13.64,6.5,13.5,8.3,14.86
"R_71hGjgZamlRxmgu","delta",1,0,0.365,1.15,1.14,5.39,1.9,10.61,15,14,7.8,8.57
"R_71mx22zbt8y6pMc","delta",1,0,0.365,1.125,1.135,5.275,1.955,10.61,12.5,13.5,5.5,11.71
"R_72Fh0CaLSXTxnCU","black",1,1,0.42,1.23,1.27,5.77,1.96,27.27,23,27,15.4,12
"R_72J90NiTFvVJyVf","black",1,1,0.37,1.135,1.125,5.51,1.945,12.12,13.5,12.5,10.2,11.14
"R_72LH40NEAPUGBep","delta",1,0,0,0,0,0,0,-100,-100,-100,-100,-100
"R_72PTJ4FXB60agYT","black",0,1,0.28,1.2,1.13,5.35,1.87,-15.15,20,13,7,6.86
"R_72VTtBgGiF4mOs6","delta",0,0,0.3,0.925,0.88,4.41,1.995,-9.09,-7.5,-12,-11.8,14
"R_72sOkw8JrHaKfCh","black",0,1,0.295,1.12,1.08,5.28,1.645,-10.61,12,8,5.6,-6
"R_737cwnsbTSiXIQ2","black",1,1,0.41,0.905,1.12,0,2.24,24.24,-9.5,12,-100,28
"R_73C1QUAZbv267IE","black",0,1,0.315,0,0.92,4.595,1.515,-4.55,-100,-8,-8.1,-13.43
"R_73ZGHOJTibHF5xO","black",0,1,0.375,1.105,1.075,4.57,1.56,13.64,10.5,7.5,-8.6,-10.86
"R_73ahxue2LDtB8se","black",1,1,0.365,1.065,1.15,5.56,1.995,10.61,6.5,15,11.2,14
"R_73nH0VgYexIxCwx","black",0,1,0.365,1.13,1.145,5.495,1.995,10.61,13,14.5,9.9,14
"R_742sa3zNYCLNX69","delta",0,0,0.365,1.14,1.05,5.61,2.015,10.61,14,5,12.2,15.14
"R_74GgDFsiagq1hA7","black",0,1,0.37,1.27,1.25,5.73,2.16,12.12,27,25,14.6,23.43
"R_74TMOLZEyf4w46J","delta",1,0,0.3,1.06,1.135,5.33,1.98,-9.09,6,13.5,6.6,13.14
"R_74pfnDB6bAuCo5b","delta",0,0,0.42,1.28,1.3,6.21,2.23,27.27,28,30,24.2,27.43
"R_74vdTVp73fYiirI","delta",1,0,0.38,1.115,1.08,5.635,1.975,15.15,11.5,8,12.7,12.86
"R_74yUjZhf73VcBZD","black",0,1,0.42,1.085,1.11,6.46,1.98,27.27,8.5,11,29.2,13.14
"R_75ksX2QZRs2MFoZ","delta",1,0,0.355,1.095,1.065,5.27,1.91,7.58,9.5,6.5,5.4,9.14
"R_765aFGRtLLuBX0U","delta",0,0,0,0,0,0,0,-100,-100,-100,-100,-100
"R_76ffpkaFdS42mgF","black",0,1,0.4,1.11,1.12,5.61,2.1,21.21,11,12,12.2,20
"R_774xoAduDheueQN","delta",1,0,0.41,1.25,1.19,6.03,1.95,24.24,25,19,20.6,11.43
"R_77TGbjW6mzIMnV7","delta",0,0,0,0,0,0,0,-100,-100,-100,-100,-100
"R_78TVnATP1hx7msf","delta",0,0,0.43,1.14,1.135,5.305,1.93,30.3,14,13.5,6.1,10.29
"R_78wxl1784ZcP3cl","black",1,1,0.37,1.23,1.16,5.68,1.96,12.12,23,16,13.6,12
"R_7964fUKUmXXGAYf","delta",1,0,0.295,1.18,1.135,5.725,1.96,-10.61,18,13.5,14.5,12
"R_79bKDl2B867tOP3","black",0,1,0.41,1.28,1.17,5.67,2,24.24,28,17,13.4,14.29
"R_79mfe3E8tOlgBtD","delta",1,0,0.38,1.3,1.115,5.555,1.92,15.15,30,11.5,11.1,9.71
"R_7AXxXd24ZF5m0s6","delta",0,0,0.28,0.925,0.87,4.61,1.955,-15.15,-7.5,-13,-7.8,11.71
"R_7BCoR1WAvVqpW4V","delta",1,0,0.4,1.25,1.2,6.2,2.1,21.21,25,20,24,20
"R_7BbL5V1yrqrOlDI","delta",1,0,0.36,0,1.2,4.555,1.9,9.09,-100,20,-8.9,8.57
"R_7BfWNbFPq7Y9kpk","black",1,1,0.355,1.065,1.135,5.665,1.89,7.58,6.5,13.5,13.3,8
"R_7BhSQxux5yFatMS","delta",0,0,0.41,1.115,1.19,5.655,2.15,24.24,11.5,19,13.1,22.86
"R_7C1mi6R5CGvVOIK","black",1,1,0.4,1.16,1.23,6.01,2.08,21.21,16,23,20.2,18.86
"R_7C8phr4UWD3zVsJ","delta",0,0,0.41,1.17,1.14,5.67,1.975,24.24,17,14,13.4,12.86
"R_7CDCZKQKZgMyvKO","black",0,1,0.38,1.09,1.12,5.625,1.945,15.15,9,12,12.5,11.14
"R_7CNf8qf6GbMF4Pr","delta",1,0,0.375,1.12,1.145,5.525,1.965,13.64,12,14.5,10.5,12.29
"R_7CTEwtU0KvG4BtD","delta",1,0,0.3,0.93,1.05,4.75,1.58,-9.09,-7,5,-5,-9.71
"R_7D0Aj7d8Y1jY64c","delta",0,0,0.43,1.19,1.27,5.46,2.13,30.3,19,27,9.2,21.71
"R_7D0nYY1RrKNu64g","black",0,1,0.41,1.075,1.105,5.665,1.925,24.24,7.5,10.5,13.3,10
"R_7D6qvuc5vFSYwTR","delta",1,0,0.375,1.12,1.095,5.455,2.015,13.64,12,9.5,9.1,15.14
"R_7DUzXzf2rXiCA2y","delta",1,0,0.38,1.23,1.135,5.69,1.86,15.15,23,13.5,13.8,6.29
"R_7DnCNsqnoqfZUKW","black",0,1,0.43,1.21,1.13,5.425,1.955,30.3,21,13,8.5,11.71
"R_7DonIxujnTL0s7c","black",0,1,0.31,0.865,0.885,4.505,1.64,-6.06,-13.5,-11.5,-9.9,-6.29
"R_7E1bpWpKE9pVhbh","delta",0,0,0.355,1.16,1.075,5.53,1.985,7.58,16,7.5,10.6,13.43
"R_7EJOkcVmbis3d1l","delta",0,0,0.29,0.855,0.93,4.505,1.555,-12.12,-14.5,-7,-9.9,-11.14
"R_7EipMG2FvfcyE2N","black",0,1,0.375,1.07,1.08,5.525,1.98,13.64,7,8,10.5,13.14
"R_7EpjQr7gtX0czJw","delta",1,0,0.345,1.055,1.14,5.46,1.975,4.55,5.5,14,9.2,12.86
"R_7FEr9LKQN8r8HqV","black",0,1,0.38,1.09,1.095,5.55,1.99,15.15,9,9.5,11,13.71
"R_7FG7xprDBoJKjRP","delta",1,0,0.36,1.28,1.09,6.09,1.84,9.09,28,9,21.8,5.14
"R_7FKWsJtLtarxqCJ","delta",0,0,0.375,1.125,1.14,6.42,1.845,13.64,12.5,14,28.4,5.43
"R_7FXa5FfTNh9TUWu","black",1,1,0.38,1.23,1.19,5.69,2.27,15.15,23,19,13.8,29.71
"R_7GCHjTSSQnv4amy","delta",0,0,0.295,0.86,0.925,4.525,1.51,-10.61,-14,-7.5,-9.5,-13.71
"R_7GLfQFB45H26Qc9","black",0,1,0.42,1.24,1.26,6.47,2.02,27.27,24,26,29.4,15.43
"R_7GtPdMDpjQxUj0R","black",1,1,0.3,0.895,0.945,4.735,1.505,-9.09,-10.5,-5.5,-5.3,-14
"R_7GwckkABd3Cx6T9","black",0,1,0.3,0.945,0.935,4.645,1.515,-9.09,-5.5,-6.5,-7.1,-13.43
"R_7HCu0vjWGjsWJVl","black",1,1,0.41,1.14,1.12,5.62,2.25,24.24,14,12,12.4,28.57
"R_7HSxj3AlicKKWUT","delta",0,0,0.42,1.12,1.15,5.41,1.89,27.27,12,15,8.2,8
"R_7HueIPYz1mTZOnw","delta",1,0,0.29,0.88,0.865,4.655,1.63,-12.12,-12,-13.5,-6.9,-6.86
"R_7I4APnw1gOXtkXC","delta",0,0,0,0,0,0,0,-100,-100,-100,-100,-100
"R_7IQWJ6eTpDd39kA","black",1,1,0.36,1.145,1.085,5.3,1.895,9.09,14.5,8.5,6,8.29
"R_7IRi3heF38qE6R3","black",1,1,0.3,0.87,0.9,4.555,1.66,-9.09,-13,-10,-8.9,-5.14
"R_7IT8noEkAL69RQb","delta",1,0,0.3,0.915,0.86,4.6,0,-9.09,-8.5,-14,-8,-100
"R_7JDYm9yXflJvtS2","delta",0,0,0.39,1.19,1.16,5.46,1.96,18.18,19,16,9.2,12
"R_7JJSXtdKA3EMnPf","black",0,1,0.375,1.075,1.115,5.615,1.925,13.64,7.5,11.5,12.3,10
"R_7Jczust8Edzy9ZD","black",0,1,0.37,1.22,1.24,5.73,2.2,12.12,22,24,14.6,25.71
"R_7JenKLe1cO2xqIu","black",1,1,0.35,1.15,1.145,5.41,1.99,6.06,15,14.5,8.2,13.71
"R_7KBM2cLrFNbHNfn","delta",0,0,0.39,1.11,1.19,5.44,1.97,18.18,11,19,8.8,12.57
"R_7KuSprt7JAYiCDJ","black",0,1,0.4,1.29,1.28,5.69,2.11,21.21,29,28,13.8,20.57
"R_7KuXueuRohNumxA","black",0,1,0.37,1.105,0.87,4.305,1.59,12.12,10.5,-13,-13.9,-9.14
"R_7KvylXO82UhUp5b","delta",1,0,0.38,1.135,1.085,5.565,1.91,15.15,13.5,8.5,11.3,9.14
"R_7LeBJkJy3620Vax","black",0,1,0.39,1.12,1.055,5.48,1.975,18.18,12,5.5,9.6,12.86
"R_7Lik6NApMSiCisp","delta",1,0,0.375,1.06,1.09,5.26,1.655,13.64,6,9,5.2,-5.43
"R_7LyDbl838o8rf4R","black",1,1,0.4,1.15,1.3,6.08,1.94,21.21,15,30,21.6,10.86
"R_7M4Xeufx75V306I","delta",1,0,0,1.24,0.92,5.27,2.19,-100,24,-8,5.4,25.14
"R_7MBz6bubqjzuOZz","black",1,1,0.3,0.945,1.13,4.725,1.58,-9.09,-5.5,13,-5.5,-9.71
"R_7MK8bSbWGAiDqVl","delta",0,0,0,0.945,0.93,4.365,1.575,-100,-5.5,-7,-12.7,-10
"R_7MKbkkCGWbMUybx","black",1,1,0.39,1.2,1.24,6.26,1.99,18.18,20,24,25.2,13.71
"R_7My3EFCACVdSbg5","delta",0,0,0.37,1.14,1.1,5.6,1.95,12.12,14,10,12,11.43
"R_7Mz2ayUUThEjCZ3","black",1,1,0.375,1.06,1.095,5.44,2.01,13.64,6,9.5,8.8,14.86
"R_7N35kifbW4rTZrJ","delta",1,0,0.36,1.15,1.12,5.295,1.85,9.09,15,12,5.9,5.71
"R_7N39X3iO1Wg70OT","black",0,1,0.355,1.12,1.055,5.265,1.975,7.58,12,5.5,5.3,12.86
"R_7NCbougjIdYswHL","black",0,1,0.39,1.23,1.3,5.8,2.02,18.18,23,30,16,15.43
"R_7Ns205qlk8EvAVH","delta",1,0,0.42,1.13,1.1,6.46,1.93,27.27,13,10,29.2,10.29
"R_7NsSZMEHJL2xjfZ","delta",0,0,0.42,1.15,1.29,5.5,2.28,27.27,15,29,10,30.29
"R_7NuXbMN0TFX7ntn","black",0,1,0.355,1.055,1.095,5.295,1.855,7.58,5.5,9.5,5.9,6
"R_7O8LLi8vbgUONkK","delta",1,0,0.365,1.15,1.07,5.46,1.865,10.61,15,7,9.2,6.57
"R_7OOyuP0rjiIaj6c","black",1,1,0.35,1.09,1.105,5.58,1.91,6.06,9,10.5,11.6,9.14
"R_7OYIqj4ra8xM4yC","black",0,1,0.38,1.135,1.13,5.27,1.855,15.15,13.5,13,5.4,6
"R_7OfrOX5ClfnGQhz","black",0,1,0.35,1.105,1.06,5.305,1.885,6.06,10.5,6,6.1,7.71
"R_7OrW6nYs9oO2nfD","black",1,1,0.375,1.17,1.25,5.615,1.99,13.64,17,25,12.3,13.71
"R_7PLcwJRlpRvsupz","delta",1,0,0.38,1.29,1.25,5.355,1.945,15.15,29,25,7.1,11.14
"R_7PZbjSIJdBAu9zl","black",0,1,0.41,1.22,1.3,6.26,1.95,24.24,22,30,25.2,11.43
"R_7PtEZqStOjki24p","black",1,1,0.39,1.12,1.18,5.62,1.945,18.18,12,18,12.4,11.14
"R_7QAWBeGxDhcLqbn","delta",1,0,0.39,1.18,1.15,6.2,2.18,18.18,18,15,24,24.57
"R_7QKmF3f2mrSshrg","black",0,1,0.295,0.94,0.95,4.3,1.58,-10.61,-6,-5,-14,-9.71
"R_7QLvbrIqRdlJskx","black",1,1,0.355,1.055,1.15,5.375,1.975,7.58,5.5,15,7.5,12.86
"R_7Qs68p0qID5ueoD","black",1,1,0.38,1.12,1.26,5.6,1.98,15.15,12,26,12,13.14
"R_7QuIXeM9QqknYIN","delta",0,0,0.37,0.87,1.085,4.34,1.5,12.12,-13,8.5,-13.2,-14.29
"R_7RQVkGYqWWCtBm7","delta",0,0,0.4,1.23,1.25,6.13,2.21,21.21,23,25,22.6,26.29
"R_7RWXgOEcAYtp7Vv","delta",1,0,0.375,1.12,0.89,5.375,1.91,13.64,12,-11,7.5,9.14
"R_7S2Csw4Mabdr4ml","delta",1,0,0.36,0.88,1.06,5.495,1.94,9.09,-12,6,9.9,10.86
"R_7S7F6KBDkAKkFPe","black",1,1,0.35,1.08,1.11,5.575,1.895,6.06,8,11,11.5,8.29
"R_7S7veUGqu5uf6T6","delta",0,0,0.345,1.12,1.13,5.725,1.855,4.55,12,13,14.5,6
"R_7TGQTaw4n2OWZMJ","black",1,1,0.36,1.065,1.07,5.6,1.91,9.09,6.5,7,12,9.14
"R_7TNQCetBdTeA7gI","black",0,1,0.39,1.13,1.11,5.49,1.96,18.18,13,11,9.8,12
"R_7TYSs0av10SuRzF","delta",1,0,0,0.875,0.935,5.365,1.87,-100,-12.5,-6.5,7.3,6.86
"R_7U60M1yiggMxnOT","delta",0,0,0,0,0,0,0,-100,-100,-100,-100,-100
"R_7UEchcUXf3r8xMt","black",1,1,0.4,1.11,1.095,5.7,1.935,21.21,11,9.5,14,10.57
"R_7UO3rnnocgVaRLr","black",1,1,0.35,1.135,1.15,5.655,1.885,6.06,13.5,15,13.1,7.71
"R_7Uf1mTkepOcpEf2","black",0,1,0.39,1.16,1.29,5.92,1.94,18.18,16,29,18.4,10.86
"R_7Ufp5qBh3AKhBjU","black",0,1,0.39,1.12,1.1,5.58,2.19,18.18,12,10,11.6,25.14
"R_7Vbweoln4Rl3GEx","delta",1,0,0.36,1.3,1.11,5.58,1.99,9.09,30,11,11.6,13.71
"R_7Vqlx0IgZ08FN4F","black",1,1,0.315,0.935,0.865,4.37,1.87,-4.55,-6.5,-13.5,-12.6,6.86
"R_7WImh1tySdJFSrv","black",0,1,0.38,1.1,1.07,5.485,2,15.15,10,7,9.7,14.29
"R_7Y90tw1lvprHOud","black",0,1,0.4,1.3,1.29,6.5,2.23,21.21,30,29,30,27.43
"R_7YrC4aaSDsJ0Dij","delta",1,0,0,1.095,1.06,5.455,1.85,-100,9.5,6,9.1,5.71
"R_7YzbIK8WNqzvImg","black",1,1,0.355,1.085,1.08,5.37,1.97,7.58,8.5,8,7.4,12.57
"R_7ZEMWucqYEaxUER","black",1,1,0.42,1.25,1.29,5.71,2.2,27.27,25,29,14.2,25.71
"R_7ZIj233ZV1qsnpD","delta",0,0,0.365,1.14,0.9,5.56,0,10.61,14,-10,11.2,-100
"R_7ZOXVcXutMpLy0h","black",0,1,0.42,1.18,1.12,5.61,2.22,27.27,18,12,12.2,26.86
"R_7bO7ZQIXumP1xcS","delta",1,0,0.41,1.21,1.14,6.39,2.01,24.24,21,14,27.8,14.86
"R_7cfptQ5I2f6tk8V","delta",1,0,0.38,1.29,1.3,6.25,2.08,15.15,29,30,25,18.86
"R_7ckenDi4dMNBMUp","delta",1,0,0.29,0.87,0.88,0,1.65,-12.12,-13,-12,-100,-5.71
"R_7dMaNbGeIIXCtO1","black",1,1,0.345,1.105,1.135,5.32,1.9,4.55,10.5,13.5,6.4,8.57
"R_7eCV5uRtxkOBfVH","delta",1,0,0.36,1.115,1.13,5.515,1.995,9.09,11.5,13,10.3,14
"R_7eURNZRRJiGVbUn","black",0,1,0.37,1.09,1.075,5.38,1.97,12.12,9,7.5,7.6,12.57
"R_7eq2SzxiRnIn1O9","black",0,1,0.4,1.2,1.135,5.73,2.015,21.21,20,13.5,14.6,15.14
"R_7eqMUDpim53dUWY","delta",0,0,0.285,0.94,0.855,4.375,1.65,-13.64,-6,-14.5,-12.5,-5.71
"R_7f8diQe39IoHV4B","black",1,1,0.38,1.11,1.19,5.57,1.895,15.15,11,19,11.4,8.29
"R_7fCeuQjTOs36w4P","delta",0,0,0.42,1.09,1.05,5.655,1.895,27.27,9,5,13.1,8.29
"R_7fCzGhfAQPk9Ueu","black",1,1,0.38,1.135,1.1,6.46,1.93,15.15,13.5,10,29.2,10.29
"R_7gC8vQEAi0h2J5D","delta",1,0,0.36,1.13,1.14,5.405,1.905,9.09,13,14,8.1,8.86
"R_7gU88OBHehM5CgA","black",1,1,0.285,0.88,0.925,4.475,1.495,-13.64,-12,-7.5,-10.5,-14.57
"R_7hM4q0FGAGsVXU8","black",1,1,0.36,1.12,1.29,6.29,2.13,9.09,12,29,25.8,21.71
"R_7hNn0PavLE0xuwm","delta",0,0,0.38,1.21,1.15,6.33,2.16,15.15,21,15,26.6,23.43
"R_7hYb67Fceo3hSfu","delta",1,0,0.35,1.105,1.14,5.355,2.005,6.06,10.5,14,7.1,14.57
"R_7i3aCpuRqW8Be9j","black",1,1,0.38,1.13,0.85,4.42,1.56,15.15,13,-15,-11.6,-10.86
"R_7iDUgrxH3FnzNza","black",0,1,0.37,1.085,1.1,5.32,1.92,12.12,8.5,10,6.4,9.71
"R_7iQobx3wrX85hlp","delta",1,0,0.365,1.1,1.115,5.47,1.995,10.61,10,11.5,9.4,14
"R_7iRwbx0aFkdR1al","black",1,1,0.42,1.2,1.26,5.73,2.13,27.27,20,26,14.6,21.71
"R_7icvVJRIIUttk5z","black",0,1,0.43,1.18,1.12,5.54,2.04,30.3,18,12,10.8,16.57
"R_7ifVO7k2N12yAYJ","black",0,1,0.38,1.16,1.17,5.395,2.01,15.15,16,17,7.9,14.86
"R_7j9EiHmdTufrhgg","black",1,1,0.305,0.905,0.94,4.45,1.56,-7.58,-9.5,-6,-11,-10.86
"R_7k6b9dPzUYlWqFQ","black",1,1,0.41,1.2,1.3,6.43,2.15,24.24,20,30,28.6,22.86
"R_7kRkSC4lvnwqiYN","delta",1,0,0.3,0.905,0.885,5.555,1.525,-9.09,-9.5,-11.5,11.1,-12.86
"R_7kUOgTYE7KSE1Lb","delta",1,0,0.41,1.11,1.12,5.44,1.88,24.24,11,12,8.8,7.43
"R_7kv571ViefrApyp","delta",0,0,0.38,1.09,1.115,5.545,1.545,15.15,9,11.5,10.9,-11.71
"R_7l5IUCglKSNs82D","delta",1,0,0.37,1.095,1.15,5.585,1.575,12.12,9.5,15,11.7,-10
"R_7lCDKs2UcVRQXBv","black",1,1,0.38,1.17,1.11,4.47,1.935,15.15,17,11,-10.6,10.57
"R_7lFTBIjn1U1P2lM","black",0,1,0.38,1.115,1.08,5.675,1.88,15.15,11.5,8,13.5,7.43
"R_7lKdiHetjJPlwmL","delta",0,0,0.295,0,0,4.39,0,-10.61,-100,-100,-12.2,-100
"R_7lWkbVUNfERRand","delta",1,0,0.38,1.105,1.15,5.67,2,15.15,10.5,15,13.4,14.29
"R_7lbpy7NRAdD6t3v","delta",0,0,0.39,1.17,1.29,5.55,1.955,18.18,17,29,11,11.71
"R_7m9QVnNTD9ZKXeG","delta",1,0,0.38,1.15,1.15,5.745,1.97,15.15,15,15,14.9,12.57
"R_7mIfszF0gobdRLj","black",1,1,0.345,1.115,1.075,5.475,1.925,4.55,11.5,7.5,9.5,10
"R_7mUdPoGtA5Ot74o","black",1,1,0.39,1.19,1.25,5.86,2.1,18.18,19,25,17.2,20
"R_7mkRmFeOFMyhvTX","black",1,1,0.4,1.11,1.12,5.33,2.17,21.21,11,12,6.6,24
"R_7msmh4g8RQkEXTt","black",1,1,0.36,1.21,1.11,5.735,1.93,9.09,21,11,14.7,10.29
"R_7nxdChvbBibTXm0","delta",0,0,0.38,0.915,0.885,4.67,1.955,15.15,-8.5,-11.5,-6.6,11.71
"R_7o862I0E411Bdzr","black",0,1,0.43,1.29,1.26,5.35,2.17,30.3,29,26,7,24
"R_7oSbN6dE3NM24jq","delta",1,0,0.43,1.13,1.24,5.82,1.99,30.3,13,24,16.4,13.71
"R_7otZuQyXmsBiF0m","delta",0,0,0.375,1.07,1.1,5.455,1.96,13.64,7,10,9.1,12
"R_7oyWjE8BoLE5oob","black",1,1,0.43,1.055,1.06,5.42,1.98,30.3,5.5,6,8.4,13.14
"R_7pJLOPPpuda4Oin","black",1,1,0.345,1.125,1.075,5.525,1.95,4.55,12.5,7.5,10.5,11.43
"R_7pnaW8KkltcjXui","black",1,1,0.31,0.855,0.86,4.35,1.58,-6.06,-14.5,-14,-13,-9.71
"R_7pngqzUw2aUR9Cx","black",1,1,0.35,1.105,1.065,5.295,1.875,6.06,10.5,6.5,5.9,7.14
"R_7qCY50TeiWxeIXM","delta",1,0,0.375,1.125,1.13,5.345,1.96,13.64,12.5,13,6.9,12
"R_7qCzeW46nzqo9NY","delta",1,0,0.285,0.865,1.23,5.55,1.625,-13.64,-13.5,23,11,-7.14
"R_7qVubQ0mnZwwyKK","delta",1,0,0.37,1.055,1.125,5.5,1.845,12.12,5.5,12.5,10,5.43
"R_7rC7lqlyhn13WGX","delta",1,0,0.28,0.88,0.935,4.445,1.65,-15.15,-12,-6.5,-11.1,-5.71
"R_7rSzCHZyVrZS2ZI","delta",0,0,0.4,1.16,1.16,6.09,2.04,21.21,16,16,21.8,16.57
"R_7rY4tSDe2FfjBq7","delta",0,0,0.37,1.1,1.105,5.26,1.865,12.12,10,10.5,5.2,6.57
"R_7rwjGqsWjmq38zG","black",1,1,0.38,1.15,1.26,6.06,2.12,15.15,15,26,21.2,21.14
"R_7sJqAS198vhQHZf","delta",1,0,0.36,1.105,1.145,5.39,1.915,9.09,10.5,14.5,7.8,9.43
"R_7sVSRw9SwiBk58t","delta",1,0,0.38,1.23,1.09,5.58,1.93,15.15,23,9,11.6,10.29
"R_7sp5ToQhcbkU9s5","delta",0,0,0.3,0.89,0.92,4.32,1.51,-9.09,-11,-8,-13.6,-13.71
"R_7tqTheCY0tSNs3L","delta",1,0,0.37,1.135,1.065,5.68,1.98,12.12,13.5,6.5,13.6,13.14
"R_7tyajnuZbltkRJK","black",0,1,0.375,1.09,1.055,5.33,2.22,13.64,9,5.5,6.6,26.86
"R_7uJxoR1Npxq5Hwr","delta",1,0,0.41,1.1,1.08,5.705,1.84,24.24,10,8,14.1,5.14
"R_7v0qu0nQ0zfOwTU","delta",1,0,0.365,1.105,1.13,5.315,1.96,10.61,10.5,13,6.3,12
"R_7vcrngdcNsPQjrd","black",0,1,0.36,1.26,1.28,5.79,2.18,9.09,26,28,15.8,24.57
"R_7vkbzex9g3twNeQ","black",0,1,0.38,1.12,1.12,6.15,1.89,15.15,12,12,23,8
"R_7xJFf82WW30ZsEG","delta",1,0,0.37,1.3,1.22,5.9,1.97,12.12,30,22,18,12.57
"R_7xvZmCjk5jzePBL","black",1,1,0.355,1.14,1.145,5.435,1.94,7.58,14,14.5,8.7,10.86
"R_7zShfsxiKIzMeyk","black",1,1,0.39,1.29,1.28,6.3,2.015,18.18,29,28,26,15.14
"R_7zZKjqWuAoaYzWK","black",1,1,0.35,1.28,1.18,5.635,1.905,6.06,28,18,12.7,8.86
"R_7zZbcpG7FCO7Ax8","delta",0,0,0.43,0.855,1.05,5.74,1.92,30.3,-14.5,5,14.8,9.71
"R_7zxgpfxQ4zJynfP","delta",1,0,0.43,1.145,1.15,5.47,2.03,30.3,14.5,15,9.4,16
"R_8LNP0bJy7Gy0Wt3","delta",0,0,0.37,1.15,1.28,5.69,2.13,12.12,15,28,13.8,21.71
