"respondent_id","info_treatment","target_state","black","mean_wtp","pct_premium"
"R_100kM99kEXU61aN","delta",0,0,1.9,0.15
"R_107676zmq1oFVvR","black",0,1,1.949,6.7
"R_10RoZLxADaSzTwJ","delta",1,0,2.01,11.83
"R_10gPp2tyrzFeuHL","delta",1,0,2.023,12.21
"R_10quEFzLCAoH930","delta",1,0,1.837,10.51
"R_10xs9M5wzSBNYsv","delta",1,0,2.214,15.94
"R_115X4doEolcrxe3","black",1,1,2.206,20.42
"R_117NA2AXK7KR2ad","delta",1,0,1.995,8.91
"R_11GceXMn0QJtrLz","delta",0,0,2.036,16.55
"R_11KlUJe4IiBFd2p","black",0,1,2.188,19.34
"R_11aBelcEzxoyACd","black",1,1,1.958,9.44
"R_11gWQtIlgFhpoWr","delta",1,0,2.032,12.44
"R_11jPqfklr8Aqfro","delta",1,0,0.869,-82.62
"R_11tOXR2Cndb9QC5","black",1,1,2.148,18.01
"R_11uZ8I4S0Vifsd5","delta",0,0,1.957,8.31
"R_12S6UfQOW79raKI","delta",0,0,1.796,3.79
"R_138AOegzvQ9Lcgy","delta",1,0,1.936,6.74
"R_13Kr2xF9rU5rOBr","black",1,1,2.007,12.7
"R_13Uhux3qbpMnYfc","black",1,1,1.895,7.13
"R_13frgigVDQqD68Z","black",0,1,1.963,10.2
"R_13mR1YPUOGaCdfb","black",1,1,1.944,7.15
"R_14D7WJ0FMRT9jIm","black",0,1,1.981,8.71
"R_14TI4N03i7Ty2xb","delta",1,0,2.046,14.1
"R_14p9PPe3lChgzD3","delta",1,0,1.408,-18.18
"R_15D0RSLzRXZFiut","delta",1,0,1.944,8.36
"R_15SItFtGYiZbR46","black",0,1,1.985,8.26
"R_15X6nivfpCJumRt","black",1,1,2.021,12.15
"R_16mcL6qfWNrSqTl","delta",0,0,2.086,17.41
"R_16qYBvYpuIgMsxz","delta",1,0,1.735,-15.35
"R_17J7rl1GwGmR4RM","black",1,1,2.285,21.94
"R_17lNyzKjxfJFOdM","delta",1,0,2.009,12
"R_18Exw6qjLv7HhIJ","black",1,1,2.035,12.3
"R_18FY2PSaYV7wk9z","delta",0,0,2.01,11.97
"R_19hTfxn6BYDGUDy","delta",1,0,2.176,20.06
"R_19yvMQTPqSop06B","delta",1,0,2.014,11.4
"R_1A06tKD02m5C2rv","black",0,1,2.057,11.93
"R_1AHL3gltMG8Mrkd","delta",0,0,2.092,13.93
"R_1CAVRP7VFRsSryO","delta",0,0,1.793,-17.13
"R_1CBaIFowYrQWdXO","black",1,1,1.923,16.84
"R_1CEzcYeNH3InuY1","delta",0,0,1.674,-7.98
"R_1CZGl5ACUyN15r7","delta",0,0,2.056,12.31
"R_1CdGH7Lt6PVKCd8","black",1,1,2.113,17.6
"R_1CwJkE8GZFz2agt","delta",1,0,1.972,10.83
"R_1D7L9atNFzuq8p9","delta",0,0,1.976,5.26
"R_1DM38F3vo8dJCVD","black",0,1,2.028,10.69
"R_1DOgH7wVqDLBXjz","delta",1,0,2.124,23.2
"R_1DuKJfcksh6jSvF","delta",0,0,2.067,15.71
"R_1DwNCFTOVKR73Dh","black",1,1,1.981,12.05
"R_1E1euv0TlYjcNQ9","delta",0,0,2.1,20.16
"R_1E1iYf9GuTUgQ0x","delta",0,0,1.993,8.25
"R_1EEFsoClcc25BwW","black",1,1,2.164,17.04
"R_1EFZm2gLJXqhvGb","black",1,1,1.971,9.35
"R_1EQlfhWNzLKZIuO","delta",1,0,2.004,12.49
"R_1EjccHOA61aABL3","black",0,1,1.941,8.98
"R_1EtbJ5BoGo0rerZ","black",1,1,2.092,17.8
"R_1Etk8Zj7O2SbIZm","black",0,1,2.166,17.29
"R_1FDtfIGfSOVrLpi","delta",0,0,1.975,9.73
"R_1FEQ1qFuHWcXLRR","black",1,1,1.896,-9.52
"R_1FMaaQ0KqcFENql","black",0,1,2.112,12.89
"R_1FOnAAdxFCaYAHL","delta",1,0,2.14,17.37
"R_1FQVPOUqoYO3a47","black",0,1,2.078,14.58
"R_1FVeDBp7IGMZD6C","delta",0,0,1.591,-28.49
"R_1FWYilipGdlM2Ai","delta",1,0,1.77,0.99
"R_1Fv7wRp958UrT9v","delta",1,0,2.021,10.93
"R_1GVXI4rI1kPXAan","delta",1,0,2.084,18.03
"R_1Gj1oEkQU6j6M1D","delta",0,0,1.992,10.34
"R_1GxnOyCmg4nXY6q","black",1,1,1.966,11.45
"R_1HR14yQHmM9H1Cx","black",0,1,2.087,13.17
"R_1HcwHJstCrb4tB5","black",0,1,2.285,24.53
"R_1HpKOt24jF7T7O1","black",1,1,2.157,15.93
"R_1HuFobF7OD7pbZv","black",0,1,2.143,21.11
"R_1I03Ha7JNEDxsCd","black",0,1,2.08,16.26
"R_1IQq4mW7AvqefHr","black",0,1,2.05,11.8
"R_1IlbHRtya7cQ8Mh","black",0,1,1.718,0.53
"R_1K3iaLTdTZ6qA28","black",1,1,1.977,9.72
"R_1KGQUCFA1eI8hjI","delta",1,0,1.958,10.2
"R_1KVNcq519XtJKzx","black",0,1,2.031,10.56
"R_1KdobaxxzbFxRbw","black",1,1,1.618,-10.68
"R_1KeSzIC2SJtUXBn","black",0,1,2.137,18.6
"R_1KqiNVlsULna5dn","black",1,1,2.076,17.67
"R_1Kx0C35CvzrEXDT","black",0,1,2.024,13.16
"R_1L85Oh5oyANLMM2","delta",1,0,2.224,20.73
"R_1LQyt3L45PY4WFX","black",0,1,1.647,-8.11
"R_1LtELK4LsyHDX4j","black",0,1,1.941,7.69
"R_1LzG1CZo1zoGDtm","black",1,1,1.991,10.89
"R_1MVSU6mkHy64FXy","delta",1,0,2.035,14.26
"R_1MnHp7LorV2LKQM","black",0,1,2.081,18.97
"R_1N2CnRjfmNHC9eq","delta",0,0,2.138,19.96
"R_1ON2MDgqf2b4Ef2","black",0,1,2.204,17.66
"R_1OW8KPQHtlQmYke","black",0,1,1.293,-29.68
"R_1OZUBTjKUF1760G","delta",0,0,2.004,11.81
"R_1Oqn54cdgPbidWh","delta",0,0,2.06,16.54
"R_1P20KccIRZyamAh","black",0,1,0,-100
"R_1P5VCkawn0iphy7","delta",0,0,1.636,-10.44
"R_1PbdSdBH02PKIDy","black",1,1,2.206,20.57
"R_1PrAKX0VaNL3W81","delta",1,0,2.194,22.67
"R_1Pue4hTSsQAtEXn","black",0,1,1.976,12.75
"R_1Q44jASnwwjFNTj","black",0,1,1.988,6.99
"R_1QWpUXtZnTxAyT1","delta",0,0,2.048,15.69
"R_1QrpTnSy7qdkET5","black",0,1,2.018,12.96
"R_1RPZ3dkaKpfPJBL","delta",1,0,2.19,20.12
"R_1RV6GOgaolimq2k","delta",0,0,2.08,18.24
"R_1Rz3ObpaK7zGSyI","delta",0,0,2.228,18.16
"R_1SdVcnNtMF4SvLz","black",1,1,2.14,20.64
"R_1T6ikLQQOuxIbgl","delta",1,0,2.246,20.14
"R_1TEPHhAxGLysMCx","delta",0,0,1.968,10.05
"R_1UtIjvc32pofaiB","delta",0,0,2.242,24.05
"R_1Uxv0er8U5ONNEB","delta",1,0,2.153,17.94
"R_1WGqOPmKOeVIoK1","delta",1,0,0,-100
"R_1WWlFITElFGjeG5","black",0,1,1.947,8.95
"R_1XimTmyUq5RiMEj","black",0,1,1.797,5.05
"R_1Y3aXGsrL4iXNf7","delta",0,0,1.997,10.5
"R_1YOZHQN6HD8dP6B","black",1,1,0,-100
"R_1YmLWDGFAfM649a","black",0,1,2.058,14.46
"R_1YzZADjEeXhV8fq","delta",0,0,0.074,-77.58
"R_1YzdvEUzTHLcz99","black",1,1,2.023,10.39
"R_1Z7GVSLfVizRtgR","delta",1,0,0.717,-29.74
"R_1ZNscCFnbuQTqRn","black",0,1,1.632,-10.24
"R_1btdIKi15jK6CJ3","delta",0,0,2.126,18.58
"R_1dFSnOeYbRTUK72","delta",1,0,2.024,10.71
"R_1dG606TNX1YX3AK","delta",0,0,1.994,5.77
"R_1dGxAl1eMenvcYx","black",1,1,2.114,18.13
"R_1dSfDsHvnNYdkCD","black",0,1,2.16,19.06
"R_1dogmrmJfPwqmAj","delta",0,0,1.724,-16.6
"R_1elclVy76sckNmg","delta",0,0,2.002,9.71
"R_1en0JxAwJWhpW3b","delta",1,0,1.702,-6.71
"R_1f1gr8m09ONIleF","delta",0,0,2.053,12.31
"R_1fNp61HxY3CJmRn","black",1,1,2.138,20.77
"R_1fj8t04AF3i2z5D","delta",0,0,1.817,3.33
"R_1fku880qttX8WCg","black",1,1,2,10.68
"R_1fpbtUTz95djWcR","delta",1,0,2.066,14.93
"R_1g6qFV7cRauDUam","delta",1,0,2.041,10.57
"R_1gEUEOTASriFntT","black",0,1,2.164,20.55
"R_1gOD82X10V6gWxX","black",1,1,1.546,-28.71
"R_1gQ59PzXIFJHlux","black",0,1,2.166,17.58
"R_1gbdTOLBlSaskc2","black",1,1,1.752,2.68
"R_1gcjhtLnTBzFCA1","delta",1,0,1.649,-8.82
"R_1hDVKJqeHd2FGUZ","black",0,1,2.011,13.83
"R_1hjUAlXgrXoslWN","delta",1,0,1.727,3.06
"R_1htjp2kwJN1vRqd","delta",1,0,2.224,23.84
"R_1ifSAe8adgMRfA5","delta",0,0,2.288,25.05
"R_1irpBq4sTBuwnTP","delta",0,0,1.763,3.08
"R_1iwKnowUQXCiDFV","black",0,1,1.588,-10.34
"R_1j1KI5uYEvsCbgJ","black",1,1,2.022,9.95
"R_1j9xCbeJfIx6Z9n","delta",1,0,1.616,-8.74
"R_1jNukLyIBJIheE0","delta",1,0,2.039,12.45
"R_1jf7XKv3AhiRGA4","delta",0,0,1.975,10.86
"R_1jrIAxmmSafNHST","delta",1,0,2.228,18.79
"R_1k2hCTBp1J92Mbp","black",1,1,1.725,-6.21
"R_1kMvHm9WudEn9Ki","black",1,1,2.069,15.46
"R_1kNvu2iP8cXmZx8","black",1,1,2.052,15.41
"R_1kiSDaxNoEcQmL3","delta",0,0,2.02,11.56
"R_1kqJsFeUv1GKTER","delta",0,0,1.977,9.23
"R_1kt62C9ansKpBvz","black",0,1,1.979,12.68
"R_1lyFDkYTOk57XJ3","black",1,1,1.983,10.63
"R_1mgi8BpvUUuU5AB","black",1,1,1.608,-28.01
"R_1mlz47d3nOEq0ja","black",0,1,1.999,10.52
"R_1mz6aiAC2ag0t7H","delta",0,0,1.635,-9.85
"R_1nTRCyi94VEk1jQ","delta",0,0,2.094,16.48
"R_1nUIqtrffx5bNoZ","delta",0,0,2.028,14.14
"R_1nrsGs1jG7BcUIE","delta",0,0,2.018,11.66
"R_1nvCJP11BTGMQu7","black",1,1,2.298,24.23
"R_1o5U1tAc8mHmHet","black",0,1,2.081,12.81
"R_1oEA82SXBfYRGpa","black",0,1,2.216,18.56
"R_1oEfGKwldKnHNId","delta",0,0,2.218,18.2
"R_1p9XmDKJjx9OGFT","delta",1,0,2.166,18.4
"R_1p9wiMkYIDRDe4F","delta",1,0,2.06,11.86
"R_1pGRW3OU6FOfV4K","black",0,1,2.012,8.47
"R_1q1mZG0iusfjVzX","black",1,1,2.272,21.82
"R_1qCqXkpF2DR11Oe","black",1,1,2.212,20.94
"R_1qWO0Zj5H4I4W30","black",1,1,2.032,10.46
"R_1qcKdYdbymprJg5","black",0,1,2.013,11.3
"R_1qdWXJRBo14jsS2","black",0,1,2.22,18.45
"R_1qpPkEaCyy4gSIe","delta",1,0,2.011,13.09
"R_1rPJtWSHfDc44uh","delta",0,0,2.146,18.05
"R_1rU7Q3c3FRzzLUQ","delta",1,0,2.187,14.23
"R_1sSwAXRe4vawg0i","delta",0,0,1.991,12.15
"R_1smN2VMZHkoF84r","delta",1,0,0.669,-46.13
"R_1solZxlBfDfcO4V","delta",1,0,2.048,15.05
"R_1sp0CTQpW0JTAsC","black",1,1,2.026,13.86
"R_1u23tMCeOot2dJT","black",0,1,1.62,-9.4
"R_1uO1wuXFEonH7Ug","delta",1,0,2.087,16.59
"R_1uPOqSI8nehm0xP","delta",0,0,1.965,9.64
"R_1urMu2QlcrDilWN","black",1,1,1.856,-2.9
"R_1vjNKMLW0uNpJ08","delta",1,0,2.228,20.87
"R_1waHLBnmwXkjkXw","delta",1,0,1.642,-11.07
"R_1wc3k9wkX4wpIrD","delta",1,0,2.198,17.32
"R_1wvHkluv8OVJtLe","black",1,1,2.06,14.67
"R_1xdRU4RmjrdsTmh","delta",1,0,2.226,19.04
"R_1yfdj0NKGDQXntD","delta",0,0,2.096,20.81
"R_2qh1pfBZtttHk69","delta",0,0,1.977,9.3
"R_30dgT7TG8CeISrX","black",0,1,2.016,12.47
"R_30n7NYhk4mXA3UB","black",0,1,2.07,15.68
"R_311fNQw1JHhCEqg","black",0,1,1.989,12.45
"R_31F2J5FPs7cJVi4","delta",1,0,2.038,12.8
"R_31JtlOtohibtFBL","delta",0,0,1.921,2.46
"R_31PkMgODjrVEEMx","black",1,1,1.964,9.06
"R_31d81f4QqNsfa3c","delta",1,0,2.164,20.96
"R_31u3npytAtgsikw","delta",1,0,1.604,-10.13
"R_32DOa5N9Omz0uNH","delta",0,0,2.053,13.18
"R_32FGOSfCZYS94zL","black",0,1,2.262,22.03
"R_32FLlYqKaKnUNl2","delta",1,0,1.956,-2.1
"R_32byUevtqZHccoo","black",1,1,2.085,17.97
"R_34CQVDJeIB0la15","black",1,1,2.001,10.8
"R_34GWeSRXlKHmvyo","black",0,1,1.963,7.84
"R_34R8SXaJ4ITIPrH","delta",1,0,2.072,14.93
"R_34b8lDBq58jys7f","delta",0,0,2.142,17.15
"R_34ojLn3z3YWT4Zj","delta",1,0,2.037,12.74
"R_34wV3JypQKdJk6T","black",1,1,2.124,19.19
"R_35BkJTsViaMTQNi","black",1,1,2.114,20.59
"R_35RtIXPXntciVOW","delta",1,0,2.147,18.11
"R_36alJilELcts4q5","delta",0,0,2.068,16.55
"R_36gRpbdmsXnKEFu","delta",1,0,1.999,8.81
"R_3772I3PDm5AjqKI","black",0,1,2.134,20.01
"R_37CCB3fJOfFVmMy","delta",0,0,1.947,6.24
"R_37Hkn2jOvewjeNg","black",1,1,2.176,21.87
"R_37QJ0PpcvwWmssG","delta",0,0,2.121,14.8
"R_37nRllwQgzJ6EE1","delta",1,0,1.685,-7.99
"R_37rlCWVRXFeT7Wx","delta",1,0,1.62,-10.29
"R_38EH09wM8dB05IB","delta",0,0,2.021,10
"R_39iPt9CtjbEazgl","delta",1,0,1.995,10.78
"R_39lX9cDPHx0q0kk","delta",1,0,2.139,13.47
"R_3AXbv59I7y8c6lI","black",1,1,2.04,13.73
"R_3AYcQA82tLHXMCw","delta",0,0,1.937,8.82
"R_3B2tefZnZ6UPpcg","black",0,1,2.208,24.38
"R_3BaPsvNyQJfnQtg","delta",0,0,1.465,-19.88
"R_3Bgu5krVUyIprgd","delta",1,0,1.345,-27
"R_3Bn9GSk5guswnm3","delta",1,0,2.041,11.07
"R_3CKhKtBfWzWAtNk","black",1,1,2.08,14.48
"R_3CUcrSNzc9UYhBH","delta",0,0,2.156,20.63
"R_3D2rQfKj9brtus5","delta",1,0,2.061,11.37
"R_3D8GjDJ7aYC2SQt","black",0,1,2.104,17.18
"R_3DM3eNIFyDIBg4i","delta",1,0,2.142,15.66
"R_3E4weEBGxFIc5mm","delta",1,0,2.146,13.16
"R_3EEwcXfrNmAU9yh","black",0,1,2.102,20.38
"R_3EHalcI8Elm2C0c","delta",0,0,1.999,10.58
"R_3ETibMIpoIzU0bG","delta",0,0,2.216,19.81
"R_3EhjsmK7XuaNSEI","black",1,1,2.138,20.55
"R_3EnSG9W4UmicAku","delta",0,0,1.99,8.83
"R_3FIL7g7IW1XBNbf","black",1,1,1.907,2.93
"R_3FRpmDqAmYuI1up","delta",0,0,2.274,21.77
"R_3Fhn0yb6PlzEzXs","black",0,1,2.136,20.4
"R_3G8tH4E3Rd0Lxg6","delta",1,0,1.981,11.7
"R_3GZvTGOw0ti07gi","delta",1,0,1.84,-6.11
"R_3H3mpX8RHdjA1sl","delta",1,0,2.204,18.25
"R_3H72NGqwDffk9C9","black",1,1,1.627,-8.97
"R_3HAXepKxyPswW5j","black",1,1,1.709,-6.76
"R_3HG9cSyrr9X2izf","black",0,1,2.168,17.06
"R_3Hf2yh34soD6m41","black",1,1,2.027,10.61
"R_3HtasMSXrSAcnaR","delta",1,0,1.95,8.69
"R_3IGDyMQdlce8KoF","delta",0,0,1.234,-47.64
"R_3IRTW6zddGKoDCx","black",0,1,0,-100
"R_3IXdMfUvoV4HiKc","black",1,1,2.152,17.06
"R_3InybGiHSvdZHk5","delta",1,0,2.182,21.77
"R_3IoV1xSqqgmauTA","delta",1,0,1.294,-45.08
"R_3IsmZ9Nf9HdMBUt","delta",0,0,2.116,18.94
"R_3JCrUPcXXINEHH1","delta",0,0,1.713,-19.52
"R_3JL9UFZTCFskJ7V","black",1,1,1.945,9.26
"R_3JLESdWLJiGfnGZ","black",1,1,1.955,8.44
"R_3JRas6xIiNUI3iG","delta",0,0,1.967,9.99
"R_3KZOsX85lAQvbWx","black",1,1,1.99,7.94
"R_3L3zhpF44EOuPLP","black",0,1,2.003,11.11
"R_3L7K0zx7INfPv2N","black",1,1,2.224,24.06
"R_3LH4P01BtMYdXr3","delta",0,0,2.035,12.03
"R_3MoliqmZXKi8J69","black",0,1,2.028,10.46
"R_3MuJr0F9yBMGxvK","delta",1,0,2.117,18.5
"R_3Mubbn8LKCfxrRD","delta",0,0,1.616,-10.21
"R_3NCbiokauA7nylX","black",0,1,1.956,8.7
"R_3NEatmGBqtX4eW8","delta",1,0,2.017,15.89
"R_3NFGlxZy0kUvSCM","black",0,1,2.021,11.82
"R_3NfQOuFBJsXEnVf","delta",0,0,1.784,-21.03
"R_3NsQ9cuVycAbWXl","black",1,1,1.65,-10.39
"R_3OI7ik1QqMDOBIn","black",1,1,1.974,11.12
"R_3OW4jdXeHvlQC6U","delta",1,0,2.03,11.96
"R_3OYJFmFfEpIwAna","black",0,1,2.051,12.17
"R_3OoCsOvkuGo9nQ9","delta",1,0,0,-100
"R_3OqwwsftoNHvxJS","delta",1,0,2.054,12.65
"R_3P0bsh1Bkkf7HxL","black",1,1,2.017,10.38
"R_3P7TEABG0JUcCNR","delta",1,0,1.976,10.5
"R_3PmQ90DxAMLHGy6","black",0,1,2.204,21.33
"R_3PuWmEHk2ZpwyBc","delta",1,0,2.066,14.85
"R_3PzmCtkM8S7dix3","delta",1,0,1.587,-27.02
"R_3QAEdZGdVb7YicZ","delta",1,0,2.075,14.06
"R_3QSxpycVjdsGSZi","black",1,1,1.987,10.83
"R_3QY7b1tpu3rFvhu","black",1,1,2.076,16.74
"R_3QbhQA5PFVDNEr6","black",1,1,2.107,22.53
"R_3QnNkyMTbfhuxy4","black",0,1,2.085,16.62
"R_3QtKwZVO42el5bP","black",1,1,1.958,11.27
"R_3QzS2y96jP2e6GZ","delta",1,0,2.04,15.72
"R_3RNTqWOeymRWKeR","delta",0,0,1.618,-24.87
"R_3S08FbiFYartTWy","delta",0,0,2.152,19.37
"R_3S2B0c0WpMxRVSE","delta",0,0,2.096,16.7
"R_3Si5rvcEFbil3d7","delta",0,0,1.99,5.59
"R_3SkpOf8QQ9RsoQt","black",0,1,1.962,11.8
"R_3SlxHmHtS6ACZ8F","black",1,1,2.04,16.13
"R_3SoH2ZIzQcS2gkT","delta",1,0,1.903,1.03
"R_3SqaG4XNpbcdS86","black",0,1,2.12,17.66
"R_3TZdaYIXLbiCqSh","delta",0,0,2.013,13.94
"R_3Tno3NR0Db5zhbS","black",1,1,1.977,8.96
"R_3TxFLMjiBcvUsxP","delta",0,0,1.958,8.06
"R_3U5Uh71tl5vWDEj","delta",1,0,2.064,15.13
"R_3U9GQShzpJz3OEV","delta",0,0,1.832,-4
"R_3UVrZ6KRhmEFFhV","black",1,1,1.615,-8.29
"R_3UfQfpGOEOBV94J","black",1,1,1.615,-10.72
"R_3VPJdE6w6yVXMo6","delta",0,0,1.986,12.98
"R_3VhTyjkoCKuoLJf","delta",1,0,1.948,7.15
"R_3VvwwnSbzrK1ln1","black",0,1,1.977,9.89
"R_3WJIireb320Ias1","delta",1,0,1.996,10.29
"R_3WP5hNVqNhwxD4R","delta",0,0,1.641,-6.49
"R_3WUMOR5hNGBzjNf","delta",0,0,1.966,10.48
"R_3WuLnb3TQ3ulJMc","delta",1,0,2.282,22.81
"R_3XgqxhZ5kOzFek4","black",1,1,2.276,24.3
"R_3Xii5g0yLHShuDy","black",0,1,1.949,4.51
"R_3XjDJ2n19m9nFxn","delta",1,0,1.996,10.83
"R_3YKFJm8EbNCWrgP","black",0,1,2.04,10.46
"R_3YO34DDEeHoi6GZ","delta",1,0,1.981,11.23
"R_3YYzSOHiiUaqBUt","black",0,1,1.984,10.54
"R_3YnzQFiRAdbPfyx","delta",1,0,2.05,11.77
"R_3Ys2Z5E0BzaEk8e","black",1,1,2.091,16.65
"R_3Z9FvXl6U894KXv","black",1,1,1.804,-6.22
"R_3ZOcNX33VCxgIdH","black",1,1,2.092,16.56
"R_3a1Mt6LwvnGtdYZ","black",0,1,2.284,24.62
"R_3a8WDUvXosH51Fn","black",1,1,2.13,17.26
"R_3apOQ7EeWBcwqLD","black",1,1,1.966,7.73
"R_3azFZxP7E07zvSF","black",0,1,1.96,7.74
"R_3bDWFzrxb3qjycV","black",0,1,1.973,8.97
"R_3bsMCogzhyMm4ff","black",0,1,1.902,-17.38
"R_3cc3cb7fgAVwwq1","black",1,1,2.236,23.8
"R_3dH9pKpg5Z7Llzo","black",0,1,1.694,-6.63
"R_3dhu1ROa79DHxT3","delta",0,0,2.058,13.11
"R_3dp7j84xQTLha4k","delta",1,0,2.228,23.76
"R_3dreB32zNMra0qB","black",1,1,1.655,-9.88
"R_3dyS2DYVF89QACP","delta",0,0,2.028,12.2
"R_3eLFcZP4iX5QbaT","delta",1,0,2.178,17.43
"R_3eR1GlO642IzesK","black",1,1,2.088,16.41
"R_3er649DHFmUUyKB","black",0,1,2.112,18.96
"R_3f4BhqNJxv6lAid","black",0,1,2.038,13.32
"R_3fPqCwUttkO6BMJ","black",1,1,1.818,5.88
"R_3fcISUrLkJBeKVv","delta",0,0,2.001,10.53
"R_3fm0ZqgVdxyVK13","delta",1,0,2.246,22.48
"R_3g1skqwqXfJLUgH","black",0,1,2.021,13.26
"R_3g8b4w40ojruKy0","delta",1,0,2.166,21.58
"R_3gBFe6E3NJl5taZ","black",1,1,1.979,11.34
"R_3gCRSkYRf2NldUo","delta",1,0,2.193,17.27
"R_3gGYt3Retn29Yqt","delta",0,0,1.931,3.51
"R_3gNLWzqrUWPCKuF","black",0,1,2.25,21.7
"R_3hNiZjaYnwlYsoC","black",0,1,1.965,8.85
"R_3hOGEGCPLxeLTxL","black",0,1,2.138,18.61
"R_3ha9yws2iwG8hMc","black",1,1,2.206,21.65
"R_3i4LEWZx5EBWW1V","delta",0,0,2.112,16.9
"R_3isdCjCXAgKGyod","black",0,1,1.976,8.3
"R_3jetDcewcley3db","delta",0,0,1.988,11.4
"R_3k3TRlrneKwIiyJ","delta",0,0,2.214,17.54
"R_3kBrpJB9fCl8qgp","delta",1,0,1.666,-10.06
"R_3kIAfUSOQtCrPaQ","delta",0,0,1.687,-7.98
"R_3kSMFndnKO9gOPo","delta",0,0,2.033,10.74
"R_3mBeG4cIOCOxhyV","black",0,1,2.11,17.45
"R_3mJfrZzmkHcm473","black",1,1,1.976,9.03
"R_3mSR8ZlVZ2IBULT","black",1,1,1.764,4.53
"R_3mmEoOwIXyRL902","black",1,1,1.662,-6.8
"R_3myItHm0OhqQVfR","black",0,1,0.882,-17.21
"R_3n7W43coCmHZ8Ip","black",1,1,2.122,15.78
"R_3nNIQOCrno1yG35","delta",0,0,1.63,-10.8
"R_3oHUemUxOVECbSx","delta",0,0,2.054,12.54
"R_3oNtP3rvQ7TjR4p","delta",0,0,2.078,20.12
"R_3oai5d7X8lzd4Zj","black",1,1,0,-100
"R_3oiNhaXBWcN1cbL","black",1,1,2.244,20.58
"R_3p1cXfCZGyXYRln","delta",1,0,1.751,-14.89
"R_3p3EyltFpzdZAZq","delta",1,0,2.146,20.58
"R_3pflKFdEYdFdk6W","delta",1,0,2.038,13.24
"R_3pm00fZqFVmgZFE","black",1,1,1.967,9.9
"R_3qKYHD7UOGrUdtD","black",1,1,1.97,9.89
"R_3qTX1EOUeE4rnyh","delta",1,0,2.119,18.36
"R_3r9x56Ylhne3o6l","black",0,1,1.954,7.7
"R_3rU9FaJHhSdThrs","black",1,1,1.948,8.32
"R_3reNy7ygPBg5L3N","delta",1,0,2.116,15.56
"R_3rrs8JzFDTLS4na","delta",1,0,1.972,9.69
"R_3rwVpOZjaiPWYLR","black",0,1,2.076,18.65
"R_3s6xEy5SQScWCwv","black",0,1,2.112,16.55
"R_3sXCmdHsbR9JR7Q","black",1,1,2.037,10.95
"R_3scZCeRsOj0C5Ub","black",1,1,1.955,6.47
"R_3st6mKrn8fsYORC","black",1,1,2.033,9.88
"R_3tGwsztQkVAsclO","delta",0,0,1.964,9.15
"R_3uOmqCUQ4tMyuqn","delta",0,0,2.186,20.26
"R_3vAIGdzqj7CU1t7","black",0,1,2.173,17.81
"R_3vEkHBGOPNKsdMt","delta",1,0,2.23,22.98
"R_3vk0PMoqlCS8EhE","black",0,1,2.024,13.44
"R_3w6ujtsf2TrEQok","black",1,1,1.666,-6.26
"R_3yJSjXOUZRTFJ4t","black",0,1,2.105,17.99
"R_3ymXB4UlaSYbbfr","black",1,1,2.114,12.6
"R_3zAMGddhPKws5hE","delta",0,0,2.082,17.83
"R_3zEAr8iYvAOHsxr","delta",1,0,1.986,11.28
"R_3zPjeK4WakKdZKn","black",0,1,2.035,11.45
"R_3zUDBCxW2qbdvq0","delta",1,0,1.626,-21.77
"R_50VNlOuGl9WaRFq","black",0,1,2.086,16.69
"R_50uVKO336CKMd9g","delta",0,0,1.997,8.46
"R_515WERFeb94ohyf","black",1,1,0,-100
"R_51QOu5fKciJXULV","black",0,1,2.136,19.84
"R_51p9w6TT18SwUSM","delta",1,0,1.581,-11.4
"R_52GnbWX9ExC4vXo","delta",1,0,2.039,13.02
"R_52GoUjWJP8BnWh3","delta",0,0,1.774,1.17
"R_52SlMlyLJVzfBKI","black",0,1,1.982,9.95
"R_52mcck15Vz6WDea","black",1,1,2.27,21.78
"R_538NRPD1m4V0frr","delta",1,0,1.663,-18.25
"R_53ZH9GtQ8Qthkel","delta",0,0,2.004,13.06
"R_53erDiUyAa30eFd","delta",1,0,1.628,-10.58
"R_53fzwKzr5bKQqv4","black",0,1,2.07,16.15
"R_542IelBw9q5OEOH","delta",0,0,2.022,13.04
"R_54dxnPaQNtXx2Wh","delta",0,0,2.056,12.84
"R_55WrzgQ4QFhwTyz","delta",1,0,2.028,12.6
"R_56i2Gif6nhfs2W4","black",1,1,2.242,20.75
"R_56mc3f54Ro4TmVk","delta",1,0,2.033,10.6
"R_572SU9VWFPjCHpK","black",0,1,1.939,7.73
"R_57Oqp0V11xj54yu","delta",0,0,1.732,-4.95
"R_57sRxo6MSqAPqpP","delta",0,0,2.038,12.01
"R_57t5fdQbR8MESC5","black",0,1,2.06,15.98
"R_58AlFCcJzxdJbp6","black",1,1,2.294,22.62
"R_58Zme38Yud7wIiy","black",0,1,1.93,7.95
"R_59ys22CHUgFR2O5","delta",1,0,1.97,6.65
"R_5BrhpBTkk8EjnuU","delta",0,0,1.978,9.03
"R_5Btvfu7nGlfBrFS","delta",1,0,2.234,18.39
"R_5Bvd6nlivYtSKuR","delta",0,0,0,-100
"R_5BzaVcphA3qSViS","black",0,1,2.054,18.36
"R_5CDyGolp2W1O6Se","black",1,1,2.15,14.77
"R_5CJXDZ3oawINBvQ","black",1,1,1.977,7.11
"R_5CUBaolwn56trfi","black",0,1,2,10.17
"R_5CVnEoKAEry3z6E","delta",0,0,1.995,9.55
"R_5CwDsJbHC4YLIkB","black",0,1,2.176,14.45
"R_5CwUdX0Dcvt6VVg","black",1,1,2.004,10.08
"R_5DF8EgddSuj4BDX","delta",1,0,2.128,12.16
"R_5DSSx7g0CtKEYv8","delta",0,0,2.039,13.75
"R_5DdpW5YduWb1nHT","delta",1,0,2.056,17.47
"R_5Em4KEJXRFlQLji","black",0,1,2.124,16.61
"R_5ExXHqNXStkx78A","delta",1,0,1.746,1.66
"R_5FRoSTM153h1sT1","black",0,1,1.644,-10.6
"R_5FZafKq4aJUzoop","delta",1,0,2.06,14.28
"R_5FgIlfOIEqNT4uB","delta",1,0,2.144,20.35
"R_5G3Sx4mdOViHElP","black",1,1,2.092,18.37
"R_5GCALiL3SVduL3T","black",1,1,2.14,18.97
"R_5GDZOeWZxttwGOR","black",0,1,1.648,-9.92
"R_5GT7fRC3mL4vBG3","black",0,1,2.039,11.53
"R_5GcqrZTqVNRhYvT","delta",1,0,1.67,-7.49
"R_5GvxE5YkrSrZVpT","black",0,1,1.989,8.17
"R_5H5iVe6Xok40Ncm","delta",0,0,0,-100
"R_5HhHsHy0JjxLeZk","black",1,1,2.136,21.44
"R_5JBmNh24aR59j1v","black",1,1,1.987,10.84
"R_5JCuc1DxoBZRkeB","black",0,1,2.192,22.25
"R_5JIVPL9F7cN9oqg","delta",1,0,2.071,15.51
"R_5JJjXUIigyDONWT","black",1,1,1.914,-0.92
"R_5KOpoU4krFlCf3P","black",1,1,1.653,-8.87
"R_5KW9ovnYUtUyr8E","delta",0,0,2.062,17.2
"R_5LTm38xh9IZfCmi","delta",0,0,2.026,10.72
"R_5LtIQ3mVlNuLLS9","delta",0,0,2.117,19.77
"R_5MMr26UVFtL20Ls","black",0,1,2.186,18.8
"R_5MSNCgRM95lvspr","black",0,1,2.018,12.94
"R_5MfiaAZaj2EXPYl","delta",1,0,1.772,-2
"R_5MzlhAf2TJ4UmqN","delta",0,0,2.022,11.2
"R_5N5WhHwxTTrSKmB","delta",1,0,1.508,-49.52
"R_5N5lDn5P2ln2uz6","delta",0,0,2.158,19.16
"R_5NEv4wl8cIWuiIb","black",0,1,2.023,11.41
"R_5NSptdkKNhGoGkh","delta",0,0,2.122,19.89
"R_5OW89WvSQ9oH0T3","black",0,1,2.11,19.46
"R_5OWrw7eTxHuNRx7","delta",0,0,1.99,12.41
"R_5P0DQPTACdZY2fn","black",1,1,2.12,16.61
"R_5P2N3N4lpPPxUlj","delta",0,0,2.017,9.62
"R_5PBvnLId4m2T4oY","delta",1,0,2.029,11.22
"R_5PCcdgyrtzUyqOZ","delta",0,0,1.565,-29.19
"R_5Q2MyoyzP6SQ1Cp","black",1,1,2.22,20.44
"R_5QAr5N60G4uEYKJ","black",0,1,2.082,15.76
"R_5QAwNhoPrnuHoyd","delta",1,0,2.122,13.73
"R_5QDjcLRLO7Ur5oZ","black",1,1,2.064,12.31
"R_5QKXd61iVmIJeKw","black",0,1,2.17,19.17
"R_5QX66mJB2sDLOQp","delta",0,0,1.979,8.02
"R_5Rb7YJ8fv81lPBD","black",0,1,2.192,16.89
"R_5Ro51cf9tvfwqqd","black",0,1,2.274,21.8
"R_5S8et9M2nO8KN8x","black",1,1,2.156,18.34
"R_5SdhWRoVraV6ROt","black",1,1,2.002,11.72
"R_5TMhcVoXAML58aS","delta",0,0,2.22,19.62
"R_5V1sRXUeIgt1Roi","black",1,1,2.142,18.59
"R_5V7ngYzajAAAR1k","black",0,1,1.666,-9.45
"R_5VatAXJI0gW39wB","delta",1,0,1.641,-11.38
"R_5VpO90RrFLLMOXL","black",0,1,2.193,16.7
"R_5VrGQ6tS2cd2Tkt","black",0,1,2.017,12.19
"R_5VvVxN5im9Gbg69","black",1,1,1.954,7
"R_5X5qS0KgoVg41OO","black",0,1,2.068,8.36
"R_5Y8H6YtkCWRerct","delta",0,0,1.278,-45.56
"R_5YN1r9ivlKAtBaV","black",0,1,2.264,21.6
"R_5YcgVIgwtFr74aM","black",1,1,2.017,10.32
"R_5YeQ7SG5muOr5dv","delta",0,0,1.591,-10.96
"R_5Ygj20XD6lnXe3g","black",0,1,2.144,21.3
"R_5Ylmr0QfoPqNYSo","black",1,1,2.212,18.84
"R_5Yr02K8BARANKZt","black",0,1,2.122,19.14
"R_5YzZFwzbq1x3uFD","delta",0,0,1.985,12.48
"R_5ZV1r425JoyzwEi","black",0,1,2.024,10.94
"R_5al78uZYgn5VYU3","black",1,1,2.033,16.56
"R_5b2C1mCZMKJNENW","black",1,1,2.166,20.67
"R_5bQaq8dBZPXbtQB","delta",1,0,2.009,9.48
"R_5cd21jQ6LgRP31e","delta",0,0,2.276,21
"R_5cjjZQElF89HYI1","black",0,1,2.144,20.08
"R_5cvMmgLXhRXFzix","black",1,1,1.757,5.29
"R_5dGuy0LYETSoYzy","black",1,1,2.008,11.04
"R_5dY7Y5v8T537Hpf","black",0,1,1.792,-22.21
"R_5davhY364Dj4CV0","black",1,1,1.579,-12.16
"R_5djOoDSUU8yJRoR","delta",1,0,1.957,8.34
"R_5dmFiOHyCJcEVVh","delta",0,0,2.024,12.81
"R_5duA2OCP2ljeUmh","black",1,1,1.596,-11.4
"R_5dzNbGeTqOmTXNy","delta",0,0,2.206,21.41
"R_5eoIRU7S1zcnc65","delta",0,0,2.014,15.61
"R_5epYh3gR5jOhqxP","delta",1,0,1.962,7.56
"R_5f3qUTnad6mjeq4","delta",0,0,0.671,-36.78
"R_5f9VThGnmgkUjIT","delta",1,0,1.531,-29.99
"R_5fB8yNmWvFqfGxz","black",0,1,2.154,17.62
"R_5fNoOFvhhQRLXlh","delta",1,0,1.972,7.37
"R_5fNsnUZHauk0htf","delta",0,0,1.981,8.18
"R_5fZZGDIOQ5mxj7m","delta",1,0,2.106,18.82
"R_5fjUCerjiqRnoaM","delta",1,0,2.069,13.64
"R_5frfNNY22O3TISP","black",1,1,1.886,-14.21
"R_5fyExraDGzSkHv3","black",0,1,2.132,16.05
"R_5g7daniGOwWcdad","delta",1,0,2.048,12.05
"R_5hHktnVoSQ1uGAv","black",1,1,1.96,9.61
"R_5hSvtbd1oFqd6AF","black",1,1,2.054,11.85
"R_5iDME5YFtOGBD9v","delta",1,0,2.047,10.91
"R_5jE78rK6R0COImf","delta",0,0,2.062,15.59
"R_5jU2CV4LoL0j166","black",0,1,1.641,-10.39
"R_5jVT9v8F9V75jsL","black",0,1,2.018,10.15
"R_5jfy8huKpt1SAj9","black",0,1,2.168,23.37
"R_5k1TS7xQMC2WRXi","delta",0,0,0,-100
"R_5k5PKRMgLJLMToo","delta",1,0,2.242,25
"R_5kcfnn8vRmmdJKW","black",1,1,0.472,-65.61
"R_5klByY6qsCv5Q77","black",1,1,2.238,22.55
"R_5l014l2LWZwiDpB","black",0,1,2.011,11.68
"R_5lX2msLz44gk3O9","black",1,1,2.167,13.88
"R_5lucTDjcTXzBFWb","black",0,1,2.111,16.67
"R_5mwuJEB7PpumOTD","delta",1,0,2.208,21.87
"R_5oEEVF2xkSBWa4C","delta",0,0,1.991,5.4
"R_5oTSOc047Z8aeXj","delta",1,0,1.654,-10.42
"R_5orAvTPsM3BJBTz","black",1,1,2.228,24.4
"R_5ouPXdN1w1kVdXX","black",0,1,2.142,18.64
"R_5pRdvhBQILEeVHN","black",0,1,2.091,15
"R_5pX9E4WBOOokUsl","black",1,1,2.008,10.74
"R_5pul4jZGwnedEAX","black",0,1,1.983,9.47
"R_5qJyixseyb4dtww","delta",1,0,2.051,14.85
"R_5qKjuPy9XnUE6NO","delta",0,0,2.027,11.66
"R_5qs2nc2xoCN3ro6","black",1,1,2.17,21.73
"R_5rBnHtvtbgJmMH7","black",1,1,2.048,12.19
"R_5rYhxcycN6VbQ2L","delta",0,0,2.088,16.26
"R_5rrTKavCcQDQNHj","delta",1,0,1.955,10.14
"R_5s6qXUUYpbKVxYe","delta",1,0,2.004,11.36
"R_5sXCRr7bLpcri7N","delta",0,0,0.943,-7.54
"R_5swnIaSMvtXlDjP","black",1,1,2.041,11.42
"R_5szFjutSGkbgTiC","black",1,1,2.035,13.49
"R_5t8faLzUoJQ2wLv","black",1,1,2.061,14.74
"R_5tajFHwg94zr1la","black",0,1,2.174,18.58
"R_5tyTzqDeLQ4EvjX","delta",0,0,1.703,-1.98
"R_5u2aAH9Rv698Jt7","delta",0,0,2.198,18.91
"R_5wFS6V3risUz9fP","delta",0,0,2.242,19.16
"R_5wKOchiblkgsDzr","black",1,1,2.116,18.24
"R_5wmLlmRF7SNiEox","delta",1,0,2.05,11.26
"R_5yOAGxDRlvb2hjP","black",0,1,2.174,19.24
"R_5ypVgRV6drmO32J","black",1,1,2.26,23.6
"R_5zVLRoFc8nQzR61","delta",0,0,0,-100
"R_5zd1bSvYaiDTbYR","black",1,1,1.353,-26.48
"R_5zl2PIluGAzwAk7","delta",1,0,0.19,-81
"R_5zoaWD5xJDzuvRv","black",0,1,2.033,10.05
"R_60Hmhvowz71wh9Z","black",0,1,1.998,12.14
"R_60OznrzX5j0nzmM","black",0,1,1.973,8.11
"R_60UswbGcqa246Fv","black",1,1,1.986,10.56
"R_60YMm8tV7XrdYK8","delta",0,0,1.791,8.6
"R_60ZqOavZxUUpW11","black",0,1,2.075,16.72
"R_60vgaT537bHlsFe","black",0,1,1.981,9.94
"R_6158g7JUavMRaSB","delta",1,0,2.019,13.58
"R_62Mhh3XxHgr0vDs","black",1,1,2.032,12.79
"R_62sDlM4YHUS7me3","delta",0,0,0.239,-64.32
"R_63lN97jjRdxn6dH","black",0,1,1.986,12.27
"R_63u3GrDWn8GLvG1","delta",0,0,1.652,-9.43
"R_647zd15MpzspVOp","black",1,1,1.625,-10.48
"R_64N1HGiVwp0KDmq","delta",0,0,1.972,12.37
"R_64oWwKSSDpRSVmp","delta",0,0,2.001,10.38
"R_64w0afIdm74i6F3","black",0,1,2.123,17.18
"R_65MFd4LIspqrvMB","black",0,1,2.041,15.74
"R_65QKi29XWMyb3nf","delta",1,0,1.872,-8.64
"R_65uAM4hgNK14TlL","delta",1,0,2.214,15.29
"R_65ydtlf6nxVKgHD","delta",1,0,0.901,-11.55
"R_67QimSZ5edGHvKt","delta",0,0,2.03,14
"R_67d3Z2DLPx2xqpP","black",0,1,2.032,16.33
"R_68O2MLury9BCHjv","delta",1,0,2.164,17.33
"R_68neiP78LrimBK9","delta",1,0,2.065,11.28
"R_69YSpoKUzp0pdmN","black",0,1,2.234,22.53
"R_6AHKHyxLMf47hpx","delta",1,0,1.977,11.39
"R_6AI0EzdUEwTS5Mt","black",1,1,1.666,-8.06
"R_6B4zmUBlD62oaPj","delta",0,0,0,-100
"R_6CJtXeVPAGgVnm3","black",1,1,2.148,21.15
"R_6Cll3nPKOHf826F","delta",0,0,1.996,9.28
"R_6DCZurYgqDUYaK5","delta",0,0,1.947,6.8
"R_6DTsJlZMA8PYH4L","delta",1,0,1.692,-6.26
"R_6DnGtMbfNXqyQ1N","delta",1,0,1.962,9.68
"R_6EoYbsKFIWOueJ3","delta",1,0,2.079,16
"R_6FJa6ibrRPs66hq","delta",1,0,2.084,16.57
"R_6Fb7WANWFp7RDtK","delta",1,0,2.127,17.29
"R_6FlzEusSzPnICgi","delta",1,0,0.502,-63.34
"R_6Fx36vwSleit6Zd","black",1,1,2.015,10.34
"R_6G6ce5CEjynEhHP","delta",1,0,1.72,-5.37
"R_6GB3MBLeXxMCN9Z","delta",0,0,1.627,-9.5
"R_6GHXhFuv2DTxDvq","black",1,1,1.671,-9.27
"R_6GUnz8ZgMfcEDfb","delta",1,0,2.206,22.91
"R_6GWD0KAoVvuEN3j","black",1,1,2.272,26.9
"R_6GeosAA3VZWxKyc","black",1,1,1.598,-12.54
"R_6GreYjGMgjKoblW","black",1,1,0,-100
"R_6H7TJD6ICghZoF4","black",0,1,2.077,15.2
"R_6HLJ7lIDPEQRugA","delta",1,0,1.945,8.51
"R_6HS5fnLQig6HzL8","delta",0,0,1.884,-0.43
"R_6HzZF8iQ2at4mu5","black",0,1,1.982,8.62
"R_6I6SxdrQQNiEqYN","black",0,1,2.004,11.57
"R_6IyMG6MdjYUke6F","black",1,1,2.113,19.84
"R_6J2VX9gVJwoxeXm","black",1,1,2.031,10.55
"R_6JKhl3FaaOxeogs","delta",0,0,2.032,12.05
"R_6JL9UjffuOm29QK","delta",1,0,1.598,-22.21
"R_6JRwL5i3yrlYKwe","black",0,1,2.037,17.26
"R_6JnmkoCioiFcdyN","delta",1,0,1.992,5.7
"R_6K0Iae7IpBgegmt","black",1,1,2.064,14.19
"R_6KfHCKeqwQ7Kcz1","delta",1,0,2.022,10.03
"R_6Kfn7Oh2h9MdcVH","black",1,1,1.998,-4.54
"R_6Kqyz6UHGbbE533","black",0,1,2.202,20.19
"R_6LGVvbYQH9f7gaU","delta",1,0,2.085,6.71
"R_6LunGGtkdTo4uTB","black",0,1,2.202,16.13
"R_6M6W4Fon34QdFT8","black",0,1,2.048,11.95
"R_6MKH0DlyFXns0Lv","delta",1,0,2.096,13.8
"R_6MXoIVBg6eXyq9R","black",1,1,2.009,10.52
"R_6NJ3CUFkiI4YFIR","black",0,1,2.045,12.17
"R_6NJqmkM8DxoLrHj","black",0,1,2.196,16.85
"R_6NfdvEWgsbtcK14","black",1,1,1.971,10.33
"R_6NyN17xt3nesWwH","black",1,1,2.102,17.95
"R_6O13mgdtVWJsxvr","delta",1,0,1.622,-7.85
"R_6OHCBd8VRd4t8FO","black",0,1,1.683,-6.76
"R_6OTlYPZGDrlxueQ","black",1,1,2.04,11.75
"R_6OVfSUIasvogfEf","delta",1,0,2.076,17.6
"R_6OdD6GwXDJIUKCv","delta",1,0,1.64,-6.55
"R_6P5W9GL1EQhpCMD","delta",0,0,1.994,9.86
"R_6PAUxZOCwkUt0KF","black",0,1,2.262,24.25
"R_6PcP4D0a0USTTgJ","delta",0,0,2.02,11.73
"R_6Q0nvteFEh1Sx3c","black",0,1,2.053,13.46
"R_6QGUdCMi6XoVOTV","black",0,1,1.972,10.74
"R_6RNSovt9opSet3j","black",0,1,2.164,19.66
"R_6RPmDKbJ6qPF52J","delta",0,0,0,-100
"R_6RVaJ5tuqHcJ1xn","black",0,1,1.966,10.3
"R_6RqZ4v5ps87cdIB","black",1,1,2.047,10.7
"R_6SDMrQAoEy7cR8j","delta",1,0,2.122,17.11
"R_6Se59xeY7jvgUvi","black",1,1,2.158,22.71
"R_6Sod5kaYUoPkI7o","delta",0,0,2.01,8.95
"R_6TLbp9Ygk7sutSu","delta",1,0,2.038,11.87
"R_6VPwtIPHHzzfKW9","black",1,1,1.647,-10.39
"R_6VfMClUW4Rnm40c","delta",1,0,2.006,10.28
"R_6VrUdPl1rH5FFXQ","black",0,1,1.97,9.28
"R_6VwoANEcSYNLjWq","delta",1,0,2.009,11.84
"R_6VybVXK1Qc2S9m1","black",1,1,1.841,-1.75
"R_6WC1cEO2E2UtUj7","black",1,1,1.991,10.53
"R_6WO9Kh6IvxRUssF","delta",0,0,2.015,10.63
"R_6Wx36kw82LpA2mB","black",0,1,1.964,9.32
"R_6XqXCCCiG9oZsBP","black",1,1,2.086,14.61
"R_6YOhnMtAxX8C9WN","delta",0,0,2.052,13.75
"R_6Zjh6hwGqicO6VX","delta",0,0,0,-100
"R_6ahum0kYSzLHytv","black",1,1,2.122,16.22
"R_6c6JGisideNEfei","delta",1,0,2.136,16.75
"R_6cBUX8C6cai5D0Z","delta",1,0,2.029,10.3
"R_6dXJ38UK2qQmFYY","delta",1,0,2.039,11.22
"R_6dXYePIW4TGpptL","black",0,1,2.012,14.15
"R_6dopCwqH0VLsOCq","black",1,1,1.651,-9.72
"R_6en5Rcj3F8tNmIY","black",0,1,1.98,9.43
"R_6f1A4eZwahSEoHj","delta",0,0,1.954,7
"R_6f9tCvNBtHQ6q9B","black",0,1,2.192,17.28
"R_6fwEQ0FXWInF1N7","delta",1,0,2.254,21.69
"R_6g1BzBPCEkOZvup","black",1,1,1.951,9.47
"R_6gL5bJIuTkBjl7t","delta",1,0,2.095,21.51
"R_6hA95p2BVQJ1qSd","delta",1,0,1.762,1.4
"R_6hExKY6IFLBX1Iz","delta",0,0,1.398,-19.71
"R_6hK4A9AjulBuvOV","black",1,1,2.02,12.13
"R_6iI2i4fC1yMj6nh","delta",1,0,2.131,19.99
"R_6il1ax7D8YrcFSQ","black",0,1,1.977,10.86
"R_6k3re8hANh1DMAx","black",0,1,2.17,18.41
"R_6k7gRvUiugqqw1d","black",0,1,1.967,11.44
"R_6knsDFuAZqh9d1q","black",0,1,2.006,10.95
"R_6l4zNIFkEi92Xgn","black",0,1,2.102,17.43
"R_6lztmHgiWVQHLyk","delta",1,0,1.988,7.84
"R_6mCPhmNIE4XrZWV","black",1,1,1.49,-37.56
"R_6n2a8AM5GoOZVJ8","delta",0,0,2.068,15.22
"R_6nAhTPEAyOgSNeF","black",0,1,1.658,-8.19
"R_6nkHRjRAreOr7rA","delta",1,0,2.096,19.63
"R_6oHEk3lCTPhAJlh","delta",0,0,1.903,-0.14
"R_6oeX7YSjiy5HYkh","black",0,1,2.108,18.22
"R_6p4t0PFDizfN4N4","delta",1,0,2.047,11.37
"R_6pY0o8TvPy3V556","delta",1,0,2.022,10.71
"R_6pguUU55v9CzuYC","delta",1,0,2.244,21.62
"R_6ptzXdSfbSkVas1","delta",0,0,2.168,21.72
"R_6qzce2xS85BHOcr","delta",0,0,1.653,-9.31
"R_6r1xJKBL68dhfq0","delta",1,0,2.046,10.54
"R_6rB0OKTkDVhU4SU","black",1,1,1.375,-25.55
"R_6rCNmNosa8u51c7","delta",1,0,2.06,13.32
"R_6rIAbFMBPXJb14p","delta",1,0,1.669,-8.29
"R_6rOBIv3dN4Qf3PV","black",1,1,2.032,11.59
"R_6ra1wOMeQGWLCNP","black",0,1,1.652,-10.34
"R_6s4hA374aivC7XM","black",1,1,2.272,20.28
"R_6s4umZol16oZeRG","delta",0,0,0.577,-56.57
"R_6si8SnBa8Z1GjWm","black",1,1,1.965,8.59
"R_6uLxk8fSXz7VDkl","delta",1,0,2.036,10.3
"R_6vc9vNvnui4C0Li","black",0,1,2.116,16.56
"R_6wAyuDcKYK5BpC2","delta",1,0,2.207,16.52
"R_6wtrUA5PwDLOmd8","delta",0,0,2.025,9
"R_6y1agSrSededqDy","delta",1,0,2.017,12.43
"R_6yaz2b374HbaBt1","delta",0,0,2.142,18.68
"R_6ymvkrcHaCcpFCb","black",1,1,1.585,-10.4
"R_6zNP9gLiDBPXtJr","black",1,1,0,-100
"R_700tfQGOXh5R9xD","black",0,1,2.282,22.53
"R_70O6GyQzpE9Mcp4","delta",0,0,0.942,-9.52
"R_70hH8hJXgI1Czsw","delta",0,0,0.52,-61.24
"R_70tQBGaRyMnFxsP","black",0,1,2.068,19.89
"R_71FpJxAGv3lcGc1","delta",0,0,1.984,8.05
"R_71ZztyuDXsM9PHX","black",1,1,2,11.36
"R_71hGjgZamlRxmgu","delta",1,0,1.989,11.2
"R_71mx22zbt8y6pMc","delta",1,0,1.971,10.76
"R_72Fh0CaLSXTxnCU","black",1,1,2.13,20.93
"R_72J90NiTFvVJyVf","black",1,1,2.017,11.89
"R_72LH40NEAPUGBep","delta",1,0,0,-100
"R_72PTJ4FXB60agYT","black",0,1,1.966,6.34
"R_72VTtBgGiF4mOs6","delta",0,0,1.702,-5.28
"R_72sOkw8JrHaKfCh","black",0,1,1.884,1.8
"R_737cwnsbTSiXIQ2","black",1,1,0.935,-9.05
"R_73C1QUAZbv267IE","black",0,1,1.469,-26.82
"R_73ZGHOJTibHF5xO","black",0,1,1.737,2.44
"R_73ahxue2LDtB8se","black",1,1,2.027,11.46
"R_73nH0VgYexIxCwx","black",0,1,2.026,12.4
"R_742sa3zNYCLNX69","delta",0,0,2.036,11.39
"R_74GgDFsiagq1hA7","black",0,1,2.156,20.43
"R_74TMOLZEyf4w46J","delta",1,0,1.961,6.03
"R_74pfnDB6bAuCo5b","delta",0,0,2.288,27.38
"R_74vdTVp73fYiirI","delta",1,0,2.037,12.04
"R_74yUjZhf73VcBZD","black",0,1,2.211,17.82
"R_75ksX2QZRs2MFoZ","delta",1,0,1.939,7.62
"R_765aFGRtLLuBX0U","delta",0,0,0,-100
"R_76ffpkaFdS42mgF","black",0,1,2.068,15.28
"R_774xoAduDheueQN","delta",1,0,2.166,20.05
"R_77TGbjW6mzIMnV7","delta",0,0,0,-100
"R_78TVnATP1hx7msf","delta",0,0,1.988,14.84
"R_78wxl1784ZcP3cl","black",1,1,2.08,15.34
"R_7964fUKUmXXGAYf","delta",1,0,2.059,9.48
"R_79bKDl2B867tOP3","black",0,1,2.106,19.39
"R_79mfe3E8tOlgBtD","delta",1,0,2.054,15.49
"R_7AXxXd24ZF5m0s6","delta",0,0,1.728,-6.35
"R_7BCoR1WAvVqpW4V","delta",1,0,2.23,22.04
"R_7BbL5V1yrqrOlDI","delta",1,0,1.603,-14.25
"R_7BfWNbFPq7Y9kpk","black",1,1,2.022,9.78
"R_7BhSQxux5yFatMS","delta",0,0,2.104,18.14
"R_7C1mi6R5CGvVOIK","black",1,1,2.176,19.85
"R_7C8phr4UWD3zVsJ","delta",0,0,2.073,16.3
"R_7CDCZKQKZgMyvKO","black",0,1,2.032,11.96
"R_7CNf8qf6GbMF4Pr","delta",1,0,2.026,12.59
"R_7CTEwtU0KvG4BtD","delta",1,0,1.722,-5.16
"R_7D0Aj7d8Y1jY64c","delta",0,0,2.096,21.44
"R_7D0nYY1RrKNu64g","black",0,1,2.036,13.11
"R_7D6qvuc5vFSYwTR","delta",1,0,2.012,11.88
"R_7DUzXzf2rXiCA2y","delta",1,0,2.059,14.35
"R_7DnCNsqnoqfZUKW","black",0,1,2.03,16.9
"R_7DonIxujnTL0s7c","black",0,1,1.641,-9.45
"R_7E1bpWpKE9pVhbh","delta",0,0,2.021,11.02
"R_7EJOkcVmbis3d1l","delta",0,0,1.627,-10.93
"R_7EipMG2FvfcyE2N","black",0,1,2.006,10.46
"R_7EpjQr7gtX0czJw","delta",1,0,1.995,9.22
"R_7FEr9LKQN8r8HqV","black",0,1,2.021,11.67
"R_7FG7xprDBoJKjRP","delta",1,0,2.132,14.61
"R_7FKWsJtLtarxqCJ","delta",0,0,2.181,14.79
"R_7FXa5FfTNh9TUWu","black",1,1,2.152,20.13
"R_7GCHjTSSQnv4amy","delta",0,0,1.623,-11.06
"R_7GLfQFB45H26Qc9","black",0,1,2.282,24.42
"R_7GtPdMDpjQxUj0R","black",1,1,1.676,-8.88
"R_7GwckkABd3Cx6T9","black",0,1,1.668,-8.32
"R_7HCu0vjWGjsWJVl","black",1,1,2.108,18.24
"R_7HSxj3AlicKKWUT","delta",0,0,1.998,14.09
"R_7HueIPYz1mTZOnw","delta",1,0,1.664,-10.28
"R_7I4APnw1gOXtkXC","delta",0,0,0,-100
"R_7IQWJ6eTpDd39kA","black",1,1,1.957,9.28
"R_7IRi3heF38qE6R3","black",1,1,1.657,-9.23
"R_7IT8noEkAL69RQb","delta",1,0,1.335,-27.92
"R_7JDYm9yXflJvtS2","delta",0,0,2.032,14.88
"R_7JJSXtdKA3EMnPf","black",0,1,2.021,10.99
"R_7Jczust8Edzy9ZD","black",0,1,2.152,19.69
"R_7JenKLe1cO2xqIu","black",1,1,2.009,11.49
"R_7KBM2cLrFNbHNfn","delta",0,0,2.02,13.91
"R_7KuSprt7JAYiCDJ","black",0,1,2.154,22.52
"R_7KuXueuRohNumxA","black",0,1,1.648,-2.68
"R_7KvylXO82UhUp5b","delta",1,0,2.015,11.52
"R_7LeBJkJy3620Vax","black",0,1,2.004,11.63
"R_7Lik6NApMSiCisp","delta",1,0,1.888,5.68
"R_7LyDbl838o8rf4R","black",1,1,2.174,19.73
"R_7M4Xeufx75V306I","delta",1,0,1.924,-10.69
"R_7MBz6bubqjzuOZz","black",1,1,1.736,-3.36
"R_7MK8bSbWGAiDqVl","delta",0,0,1.563,-27.04
"R_7MKbkkCGWbMUybx","black",1,1,2.216,20.22
"R_7My3EFCACVdSbg5","delta",0,0,2.032,11.91
"R_7Mz2ayUUThEjCZ3","black",1,1,1.996,10.56
"R_7N35kifbW4rTZrJ","delta",1,0,1.955,9.54
"R_7N39X3iO1Wg70OT","black",0,1,1.954,8.65
"R_7NCbougjIdYswHL","black",0,1,2.148,20.52
"R_7Ns205qlk8EvAVH","delta",1,0,2.208,17.95
"R_7NsSZMEHJL2xjfZ","delta",0,0,2.128,22.31
"R_7NuXbMN0TFX7ntn","black",0,1,1.931,6.9
"R_7O8LLi8vbgUONkK","delta",1,0,1.982,9.68
"R_7OOyuP0rjiIaj6c","black",1,1,2.007,9.26
"R_7OYIqj4ra8xM4yC","black",0,1,1.954,10.61
"R_7OfrOX5ClfnGQhz","black",0,1,1.941,7.27
"R_7OrW6nYs9oO2nfD","black",1,1,2.08,16.33
"R_7PLcwJRlpRvsupz","delta",1,0,2.044,17.48
"R_7PZbjSIJdBAu9zl","black",0,1,2.228,22.57
"R_7PtEZqStOjki24p","black",1,1,2.051,14.34
"R_7QAWBeGxDhcLqbn","delta",1,0,2.22,19.95
"R_7QKmF3f2mrSshrg","black",0,1,1.613,-9.06
"R_7QLvbrIqRdlJskx","black",1,1,1.982,9.69
"R_7Qs68p0qID5ueoD","black",1,1,2.068,15.66
"R_7QuIXeM9QqknYIN","delta",0,0,1.633,-3.97
"R_7RQVkGYqWWCtBm7","delta",0,0,2.244,23.62
"R_7RWXgOEcAYtp7Vv","delta",1,0,1.934,6.26
"R_7S2Csw4Mabdr4ml","delta",1,0,1.947,4.77
"R_7S7F6KBDkAKkFPe","black",1,1,2.002,8.97
"R_7S7veUGqu5uf6T6","delta",0,0,2.035,10.01
"R_7TGQTaw4n2OWZMJ","black",1,1,2.001,8.75
"R_7TNQCetBdTeA7gI","black",0,1,2.016,12.8
"R_7TYSs0av10SuRzF","delta",1,0,1.809,-20.97
"R_7U60M1yiggMxnOT","delta",0,0,0,-100
"R_7UEchcUXf3r8xMt","black",1,1,2.048,13.26
"R_7UO3rnnocgVaRLr","black",1,1,2.035,11.07
"R_7Uf1mTkepOcpEf2","black",0,1,2.14,18.49
"R_7Ufp5qBh3AKhBjU","black",0,1,2.076,15.38
"R_7Vbweoln4Rl3GEx","delta",1,0,2.068,15.08
"R_7Vqlx0IgZ08FN4F","black",1,1,1.671,-6.06
"R_7WImh1tySdJFSrv","black",0,1,2.007,11.23
"R_7Y90tw1lvprHOud","black",0,1,2.344,27.53
"R_7YrC4aaSDsJ0Dij","delta",1,0,1.892,-13.94
"R_7YzbIK8WNqzvImg","black",1,1,1.972,8.81
"R_7ZEMWucqYEaxUER","black",1,1,2.174,24.24
"R_7ZIj233ZV1qsnpD","delta",0,0,1.593,-14.84
"R_7ZOXVcXutMpLy0h","black",0,1,2.11,19.27
"R_7bO7ZQIXumP1xcS","delta",1,0,2.232,20.38
"R_7cfptQ5I2f6tk8V","delta",1,0,2.26,23.6
"R_7ckenDi4dMNBMUp","delta",1,0,0.738,-28.57
"R_7dMaNbGeIIXCtO1","black",1,1,1.961,8.7
"R_7eCV5uRtxkOBfVH","delta",1,0,2.023,11.58
"R_7eURNZRRJiGVbUn","black",0,1,1.977,9.76
"R_7eq2SzxiRnIn1O9","black",0,1,2.096,16.89
"R_7eqMUDpim53dUWY","delta",0,0,1.621,-10.47
"R_7f8diQe39IoHV4B","black",1,1,2.029,12.97
"R_7fCeuQjTOs36w4P","delta",0,0,2.022,12.53
"R_7fCzGhfAQPk9Ueu","black",1,1,2.201,15.63
"R_7gC8vQEAi0h2J5D","delta",1,0,1.988,10.61
"R_7gU88OBHehM5CgA","black",1,1,1.612,-11.64
"R_7hM4q0FGAGsVXU8","black",1,1,2.238,19.52
"R_7hNn0PavLE0xuwm","delta",0,0,2.246,20.24
"R_7hYb67Fceo3hSfu","delta",1,0,1.991,10.45
"R_7i3aCpuRqW8Be9j","black",1,1,1.668,-1.86
"R_7iDUgrxH3FnzNza","black",0,1,1.959,9.35
"R_7iQobx3wrX85hlp","delta",1,0,2.009,11.1
"R_7iRwbx0aFkdR1al","black",1,1,2.148,21.92
"R_7icvVJRIIUttk5z","black",0,1,2.062,17.53
"R_7ifVO7k2N12yAYJ","black",0,1,2.023,14.18
"R_7j9EiHmdTufrhgg","black",1,1,1.632,-8.99
"R_7k6b9dPzUYlWqFQ","black",1,1,2.298,25.14
"R_7kRkSC4lvnwqiYN","delta",1,0,1.834,-6.37
"R_7kUOgTYE7KSE1Lb","delta",1,0,1.992,12.69
"R_7kv571ViefrApyp","delta",0,0,1.935,6.97
"R_7l5IUCglKSNs82D","delta",1,0,1.955,7.66
"R_7lCDKs2UcVRQXBv","black",1,1,1.813,8.62
"R_7lFTBIjn1U1P2lM","black",0,1,2.026,11.12
"R_7lKdiHetjJPlwmL","delta",0,0,0.937,-64.56
"R_7lWkbVUNfERRand","delta",1,0,2.061,13.67
"R_7lbpy7NRAdD6t3v","delta",0,0,2.071,17.38
"R_7m9QVnNTD9ZKXeG","delta",1,0,2.079,14.52
"R_7mIfszF0gobdRLj","black",1,1,1.987,8.61
"R_7mUdPoGtA5Ot74o","black",1,1,2.158,19.88
"R_7mkRmFeOFMyhvTX","black",1,1,2.026,14.96
"R_7msmh4g8RQkEXTt","black",1,1,2.069,13.22
"R_7nxdChvbBibTXm0","delta",0,0,1.761,0.05
"R_7o862I0E411Bdzr","black",0,1,2.1,23.26
"R_7oSbN6dE3NM24jq","delta",1,0,2.122,19.48
"R_7otZuQyXmsBiF0m","delta",0,0,1.992,10.35
"R_7oyWjE8BoLE5oob","black",1,1,1.989,12.67
"R_7pJLOPPpuda4Oin","black",1,1,2.004,9.3
"R_7pnaW8KkltcjXui","black",1,1,1.591,-11.45
"R_7pngqzUw2aUR9Cx","black",1,1,1.938,7.22
"R_7qCY50TeiWxeIXM","delta",1,0,1.987,11.61
"R_7qCzeW46nzqo9NY","delta",1,0,1.911,-0.06
"R_7qVubQ0mnZwwyKK","delta",1,0,1.979,9.11
"R_7rC7lqlyhn13WGX","delta",1,0,1.638,-10.09
"R_7rSzCHZyVrZS2ZI","delta",0,0,2.17,18.32
"R_7rY4tSDe2FfjBq7","delta",0,0,1.94,8.88
"R_7rwjGqsWjmq38zG","black",1,1,2.194,19.7
"R_7sJqAS198vhQHZf","delta",1,0,1.983,10.26
"R_7sVSRw9SwiBk58t","delta",1,0,2.042,13.81
"R_7sp5ToQhcbkU9s5","delta",0,0,1.588,-11.08
"R_7tqTheCY0tSNs3L","delta",1,0,2.046,11.77
"R_7tyajnuZbltkRJK","black",0,1,2.014,12.32
"R_7uJxoR1Npxq5Hwr","delta",1,0,2.027,12.3
"R_7v0qu0nQ0zfOwTU","delta",1,0,1.975,10.48
"R_7vcrngdcNsPQjrd","black",0,1,2.174,20.69
"R_7vkbzex9g3twNeQ","black",0,1,2.132,14.03
"R_7xJFf82WW30ZsEG","delta",1,0,2.152,18.94
"R_7xvZmCjk5jzePBL","black",1,1,2.003,11.13
"R_7zShfsxiKIzMeyk","black",1,1,2.255,23.26
"R_7zZKjqWuAoaYzWK","black",1,1,2.07,14.72
"R_7zZbcpG7FCO7Ax8","delta",0,0,1.999,9.06
"R_7zxgpfxQ4zJynfP","delta",1,0,2.045,17.04
"R_8LNP0bJy7Gy0Wt3","delta",0,0,2.124,18.13
