"","ResponseId","Q2","Q11","t2"
"1","R_2Qn66Rf2YF9MAs8","missouri","corn","corn"
"2","R_3LbzMX3EO9BSfNl","missouri","corn","corn"
"3","R_1GMMU4bh5cbScgN","arkansas","rice","rice"
"4","R_1GMMU4bh5cbScgN","arkansas","soybeans","soybeans"
"5","R_DbZK5EW9Yye8oWR","missouri","none","none"
"6","R_1Dvdn1VTNE3AMhT","mississippi","corn","corn"
"7","R_1Dvdn1VTNE3AMhT","mississippi","soybeans","soybeans"
"8","R_22PV9i2rxPQXQ1D","arkansas","burgers","burgers"
"9","R_TemImzNtBudehwt","tennessee","none","none"
"10","R_eJyzlfQ0zIjfZPX","mississippi","none","none"
"11","R_3oMJzPc5OxPThgu","tennessee","peas","peas"
"12","R_1BRXZgsH6Z4mklM","arkansas","tomatoes","tomatoes"
"13","R_3EDRA8eBynaNQSr","tennessee","soybeans","soybeans"
"14","R_3O0myuRY3qEtlKr","arkansas","watermelon","watermelon"
"15","R_3Gyd7B490z9mXzj","tennessee","corn","corn"
"16","R_3M9BslLcxciCTD8","missouri","cotton","cotton"
"17","R_3M9BslLcxciCTD8","missouri","soybeans","soybeans"
"18","R_3M9BslLcxciCTD8","missouri","sorghum","sorghum"
"19","R_40hmiN6FX8hQ0bD","louisiana","sugarcane","sugarcane"
"20","R_e4ALAr0JpghlJ2F","missouri","beef","beef"
"21","R_e4ALAr0JpghlJ2F","missouri","soybeans","soybeans"
"22","R_1gjvyG6Jcb5S7Fa","arkansas","alligator","alligator"
"23","R_3FIFaQIcIzgkdqz","louisiana","alligator","alligator"
"24","R_2zhxQX37Fou5nZx","tennessee","none","none"
"25","R_3D5QJbA99HvGwlK","arkansas","meat","meat"
"26","R_3D5QJbA99HvGwlK","arkansas","dairy","dairy"
"27","R_3D5QJbA99HvGwlK","arkansas","fruit","fruit"
"28","R_3D5QJbA99HvGwlK","arkansas","vegetables","vegetables"
"29","R_2tsb08TSqRytPvQ","tennessee","none","none"
"30","R_1g2bqMjVuG01FYp","mississippi","cajun","cajun"
"31","R_3s0vipc8EhJFPY8","mississippi","watermelon","watermelon"
"32","R_vqceisBBcdxKozD","missouri","rice","rice"
"33","R_vqceisBBcdxKozD","missouri","fruit","fruit"
"34","R_vqceisBBcdxKozD","missouri","pecans","pecans"
"35","R_9uXy6yPunRIPFYd","missouri","melons","melons"
"36","R_2ZQ90gBoLPibG44","louisiana","mexican","mexican"
"37","R_2ZQ90gBoLPibG44","louisiana","fastfood","fastfood"
"38","R_3j7lIRLxJfcIIil","missouri","corn","corn"
"39","R_u4VvxICY4ISHbMJ","tennessee","rice","rice"
"40","R_3L1GjJYLlK9T8nx","tennessee","corn","corn"
"41","R_3L1GjJYLlK9T8nx","tennessee","soybeans","soybeans"
"42","R_9peGerbHPkh4mHf","tennessee","corn","corn"
"43","R_3j6vU5IloVUmnF8","mississippi","pizza","pizza"
"44","R_Rtriw9x0FvhV92V","arkansas","banana","banana"
"45","R_2WSuFIfL9zEbomB","tennessee","pumpkin","pumpkin"
"46","R_31RYJ5QIhndK9Vq","mississippi","burgers","burgers"
"47","R_XzdfgDlIo5dm7ol","arkansas","rice","rice fish"
"48","R_XzdfgDlIo5dm7ol","arkansas","seafood","rice fish"
"49","R_3Hz6e1whEfKcnh0","arkansas","alfalfa","alfalfa"
"50","R_WCe9tsr6Pq1gs8h","arkansas","soybeans","soybeans"
"51","R_3HkyzulPXCECPXM","arkansas","beef","beef"
"52","R_3lVntJREaKFpJfM","tennessee","chicken","chicken"
"53","R_33C2dU9BYQPfuRW","louisiana","corn","corn"
"54","R_Brmx7PNJtkzJ7m9","arkansas","oranges","oranges"
"55","R_1CrR2paQIt5RKwX","tennessee","potatoes","potatoes"
"56","R_241y5giLMou8FdA","tennessee","potatoes","potatoes"
"57","R_1CvgW2cH0tJmb3M","louisiana","seafood","seafood"
"58","R_SQ1Z93yfEJ5Z2tH","louisiana","seafood","seafood sugarcane corn"
"59","R_SQ1Z93yfEJ5Z2tH","louisiana","sugarcane","seafood sugarcane corn"
"60","R_SQ1Z93yfEJ5Z2tH","louisiana","corn","seafood sugarcane corn"
"61","R_bp7HbtE0gbNkoNP","louisiana","seafood","shrimp"
"62","R_1o5OCWDLum0kRJE","missouri","soybeans","soybeans"
"63","R_Zlbz30Ta0ylrq7L","tennessee","strawberries","strawberries"
"64","R_4TkfgwyblFRPKTv","tennessee","none","none"
"65","R_32YfhUkmJ6AOIdo","tennessee","potatoes","potatoes"
"66","R_Ti621EmBIhiAvDP","missouri","rice","rice"
"67","R_3KUPcjMWl3InLHF","missouri","corn","corn"
"68","R_3KUPcjMWl3InLHF","missouri","poultry","poultry"
"69","R_2uTGYdaNlXsVefe","arkansas","none","none"
"70","R_3eeiMjLI3QW7lHA","arkansas","friedokra","friedokra"
"71","R_3eeiMjLI3QW7lHA","arkansas","friedsquash","friedsquash"
"72","R_1kYVgLEmx95i0gc","tennessee","soybeans","soybeans"
"73","R_1NafWJ2UWabVwcj","mississippi","seafood","fish"
"74","R_Uokc2z69WQuLGNj","mississippi","corn","corn"
"75","R_2Wxp7s6cd2Yps1l","louisiana","rice","rice sugarcane cotton"
"76","R_2Wxp7s6cd2Yps1l","louisiana","sugarcane","rice sugarcane cotton"
"77","R_2Wxp7s6cd2Yps1l","louisiana","cotton","rice sugarcane cotton"
"78","R_26hxFyKkuIWHoFS","arkansas","soybeans","soybeans"
"79","R_3g6ZXAakiJzHQfd","arkansas","corn","corn"
"80","R_24tH7k56GFxsEfz","mississippi","peaches","peaches"
"81","R_3PgZ2aWXGTaImBT","mississippi","cotton","cotton"
"82","R_3PgZ2aWXGTaImBT","mississippi","soybeans","soybeans"
"83","R_21bKSlDvCEMwGI8","missouri","corn","corn"
"84","R_cZKkcqz6CsFoulz","tennessee","tomatoes","tomatoes onions"
"85","R_cZKkcqz6CsFoulz","tennessee","onions","tomatoes onions"
"86","R_cZKkcqz6CsFoulz","tennessee","potatoes","potatoes"
"87","R_cZKkcqz6CsFoulz","tennessee","corn","corn"
"88","R_UACKkWTfTEatqFP","louisiana","cotton","cotton"
"89","R_2PByTVAY61p6BO1","tennessee","okra","okra"
"90","R_W8wRZmaMaJV7BQt","mississippi","fries","fries chicken eggs"
"91","R_W8wRZmaMaJV7BQt","mississippi","chicken","fries chicken eggs"
"92","R_W8wRZmaMaJV7BQt","mississippi","eggs","fries chicken eggs"
"93","R_1FKhqMOiC9l8pcV","arkansas","rice","rice"
"94","R_1i8mg50u4l29ySp","tennessee","apple","apple"
"95","R_1i8mg50u4l29ySp","tennessee","oranges","oranges"
"96","R_1i8mg50u4l29ySp","tennessee","peaches","peaches"
"97","R_O7t96CHYO1BSMYV","mississippi","seafood","fish"
"98","R_2uwIGXQUUW9s95a","arkansas","soybeans","soybeans"
"99","R_3dHbrOEf2YJc7zR","arkansas","corn","corn"
"100","R_2R2pBFsLTG7EPBA","louisiana","seafood","crawfish"
"101","R_1Ig61RtxEFxaEKy","missouri","gumbo","gumbo"
"102","R_1femMDuDa4308t6","arkansas","cotton","cotton"
"103","R_2wuHzNWG1NHjN9m","tennessee","eggs","eggs"
"104","R_3Jz7f1CjMViOIDS","mississippi","okra","okra"
"105","R_28ZLcOF2mg5ec3n","louisiana","watermelon","watermelon"
"106","R_3k5OWxnQXRbgm7M","louisiana","apple","apple"
"107","R_sZnLzBpl6aKimxr","tennessee","barbecue","barbecue"
"108","R_1jfVzukmaXlErQc","tennessee","barbecue","barbecue"
"109","R_w7txZSWBfWQhfzj","missouri","corn","corn"
"110","R_3PTSaEW0yvrQhJr","arkansas","corn","corn"
"111","R_3Oku1nKTYSw4cOX","mississippi","corn","corn"
"112","R_1K0GwPlw2cfAfnl","tennessee","corn","corn"
"113","R_cAzJbmjq6hL891f","arkansas","rice","rice"
"114","R_s5vjz3d0xQLmAox","louisiana","rice","rice"
"115","R_2z8SN691VJolrek","louisiana","rice","rice"
"116","R_Zy6khjmj15btUnD","tennessee","soybeans","soybeans"
"117","R_3oGSjmbPr6r3FcM","louisiana","sugarcane","sugarcane"
"118","R_1QLVxeqwKwJ9zUs","tennessee","grains","grains"
"119","R_1QLVxeqwKwJ9zUs","tennessee","rice","rice"
"120","R_1QLVxeqwKwJ9zUs","tennessee","soybeans","soybeans"
"121","R_1QLVxeqwKwJ9zUs","tennessee","sugarcane","sugarcane"
"122","R_O0CuNmkwlNed3sl","tennessee","beef","beef"
"123","R_3fPjQW3VLLegKC7","tennessee","corn","corn"
"124","R_3fPjQW3VLLegKC7","tennessee","soybeans","soybeans"
"125","R_3fPjQW3VLLegKC7","tennessee","chicken","chicken"
"126","R_3fPjQW3VLLegKC7","tennessee","pork","pork"
"127","R_3RjDD4PGHNmaM6G","arkansas","seafood","fish"
"128","R_3ERmWNvUpfLTY7D","tennessee","rice","rice"
"129","R_8p04YfdzELZuabL","louisiana","seafood","shrimp"
"130","R_8p04YfdzELZuabL","louisiana","seafood","crawfish"
"131","R_3isQGaX2ivKeXH3","louisiana","sugarcane","sugarcane"
"132","R_2DZDmeF3mRz6RiQ","arkansas","chicken","chicken"
"133","R_2DZDmeF3mRz6RiQ","arkansas","turkey","turkey"
"134","R_dhiusyKTIRym18Z","tennessee","chicken","chicken"
"135","R_DucQOojq7L8GAN3","arkansas","rice","rice"
"136","R_DucQOojq7L8GAN3","arkansas","chicken","chicken"
"137","R_xgXkjpDjzn3oyhb","tennessee","pork","pork"
"138","R_300Nf0sbuiilWUs","tennessee","sorghum","sorghum"
"139","R_ddpmpVDzgvtmA0N","arkansas","rice","rice"
"140","R_3QLaGoVejK5Ypsr","arkansas","rice","rice"
"141","R_3QLaGoVejK5Ypsr","arkansas","soybeans","soybeans"
"142","R_3QLaGoVejK5Ypsr","arkansas","corn","corn"
"143","R_307Wlohbz9F8HyO","missouri","walnuts","walnuts"
"144","R_306pq5YpKc2h9Be","mississippi","grits","grits"
"145","R_306pq5YpKc2h9Be","mississippi","rice","rice"
"146","R_306pq5YpKc2h9Be","mississippi","corn","corn"
"147","R_2D1Fh8VbyCJQS8w","missouri","soybeans","soybeans corn"
"148","R_2D1Fh8VbyCJQS8w","missouri","corn","soybeans corn"
"149","R_1IHjIoiFO4LNnwz","louisiana","rice","rice"
"150","R_3KJifjiGpEGLOrP","arkansas","persimmons","persimmons"
"151","R_2QFBEGjSQvOtmlT","missouri","corn","corn"
"152","R_7PMnyWlaLy2DKCJ","tennessee","seafood","shrimp"
"153","R_1CKMYkZ1UXX8D0A","missouri","seafood","fish"
"154","R_RhlKZv4Vv5f65RT","louisiana","grains","grains"
"155","R_2anI7Nk9yrTTeqx","arkansas","soybeans","soybeans"
"156","R_12ncz99768UOzNv","mississippi","seafood","seafood"
"157","R_2UhhIJO5gfYM1sw","mississippi","seafood","fish"
"158","R_2E5BisXo859xthF","louisiana","burgers","burgers"
"159","R_2dvdsvmpLxhBFLF","arkansas","fries","fries"
"160","R_Qn6ZD58bb0bHDGx","tennessee","seafood","fish"
"161","R_7Nvtkq5bJMmVhAJ","tennessee","soybeans","soybeans"
"162","R_cUalsLI5PR9m2oF","louisiana","cajun","cajun"
"163","R_2Pz2zmHuPQOLHjq","louisiana","sugarcane","sugarcane"
"164","R_2vlaA1s0dkjlVjv","mississippi","seafood","fish"
"165","R_2sdoTrweXFD5V0g","arkansas","friedpickles","friedpickles"
"166","R_2EHnx2ylSwQcSzm","missouri","cucumber","cucumber"
"167","R_1OTz7cmtvW9Z8oj","louisiana","seafood","seafood"
"168","R_wL5cujiaxZ5ub5v","tennessee","cabbage","cabbage"
"169","R_wL5cujiaxZ5ub5v","tennessee","greenbeans","greenbeans"
"170","R_wL5cujiaxZ5ub5v","tennessee","peas","peas"
"171","R_12A1Meacz3mBpZX","arkansas","carrots","carrots"
"172","R_3LXuuVFMr38Zk4g","missouri","carrots","carrots"
"173","R_3LXuuVFMr38Zk4g","missouri","strawberries","strawberries"
"174","R_3LXuuVFMr38Zk4g","missouri","oranges","oranges"
"175","R_3LXuuVFMr38Zk4g","missouri","celery","celery"
"176","R_ABaXvlDhbnkFaoN","louisiana","carrots","carrots"
"177","R_ABaXvlDhbnkFaoN","louisiana","milk","milk"
"178","R_ABaXvlDhbnkFaoN","louisiana","vegetables","vegetables"
"179","R_2U9Gq2TphxFs8Tq","mississippi","seafood","fish"
"180","R_3J9PfKxzWj47QpB","tennessee","corn","corn"
"181","R_3J9PfKxzWj47QpB","tennessee","soybeans","soybeans"
"182","R_2w6sjvzMr9FNbon","louisiana","seafood","crawfish"
"183","R_DGpKFofphGceHVT","mississippi","chicken","chicken"
"184","R_12GvIsSkKLtze62","missouri","chicken","chicken"
"185","R_2ZBQXdtsolAGJzc","arkansas","corn","corn"
"186","R_12QgrgBL15Cr78g","tennessee","peanuts","peanuts"
"187","R_2R9OS6hQmgbImgD","missouri","honey","honey"
"188","R_12lgzoXg2RXxA1j","tennessee","soybeans","soybeans"
"189","R_12lgzoXg2RXxA1j","tennessee","chicken","chicken"
"190","R_reb9j6ge8XQ4eat","missouri","watermelon","watermelon"
"191","R_reb9j6ge8XQ4eat","missouri","pumpkin","pumpkin"
"192","R_scyOQQVpNBj45Kp","tennessee","burgers","burgers"
"193","R_32LMGDBbdhtusxM","missouri","corn","corn"
"194","R_1ifYJFcSEa4YEF5","louisiana","boudin","boudin"
"195","R_6JPpD44kDaROUP7","tennessee","mudpie","mudpie"
"196","R_PZkKrP9oLwImGoV","mississippi","salad","salad"
"197","R_2ffyo5dCf4RVR1Q","mississippi","chicken","chicken"
"198","R_3lDrpgYoFGBcjd7","mississippi","seafood","crawfish"
"199","R_3nHEWNq2pWMqPxk","missouri","chicken","chicken"
"200","R_1I4qvophyoD3ae1","louisiana","crabboil","crabboil"
"201","R_TuUZ9I5B2r816X7","arkansas","seafood","fish"
"202","R_3K0oeaCobJyXJux","tennessee","beef","beef"
"203","R_300pIARYGb4oPGQ","arkansas","seafood","fish"
"204","R_2qeZ5QZu4qRkUOu","arkansas","seafood","fish"
"205","R_1mxfl6FNHxPLA49","arkansas","ham","ham"
"206","R_1feen7wgfyo194I","arkansas","ribs","ribs"
"207","R_1l0EEbvjoyILd7A","arkansas","chili","chili"
"208","R_eEytfWxSRP2S093","missouri","meat","meat"
"209","R_881fKdnoK9NMWM9","tennessee","none","none"
"210","R_1hXsbdYsY8nNztw","missouri","beef","beef"
"211","R_22EKbbiEPtIpytC","arkansas","corn","corn"
"212","R_1q9YUdohPrgqkdJ","missouri","tobacco","tobacco"
"213","R_1q9YUdohPrgqkdJ","missouri","cotton","cotton"
"214","R_3oKM0Z0maPKE7ZO","louisiana","seafood","fish"
"215","R_3oKM0Z0maPKE7ZO","louisiana","chicken","chicken"
"216","R_3oKM0Z0maPKE7ZO","louisiana","bread","bread"
"217","R_2OPf7A7rtPisK1B","tennessee","corn","corn"
"218","R_pF3ikd1guXBYDGF","missouri","gumbo","gumbo"
"219","R_3O7y6jW29GCxT2R","mississippi","soybeans","soybeans"
"220","R_25Nt93AHs5wKN03","arkansas","none","none"
"221","R_1mEgpHzr9DWS0AP","arkansas","rice","rice soybean"
"222","R_1mEgpHzr9DWS0AP","arkansas","soybean","rice soybean"
"223","R_2fiB4oxoHTvIksa","arkansas","seafood","fish"
"224","R_2fiB4oxoHTvIksa","arkansas","seafood","shrimp"
"225","R_2pQOfwfLvPHOIHd","tennessee","seafood","fish"
"226","R_2afr7EMkyA40VfT","missouri","corn","corn"
"227","R_6WFtKRo5HWO8D05","tennessee","burgers","burgers"
"228","R_3nHv5WMBa23QRFt","louisiana","sugarcane","sugarcane"
"229","R_3nHv5WMBa23QRFt","louisiana","soybeans","soybeans"
"230","R_2aeiotnsywye4Dy","missouri","deltatamales","deltatamales"
"231","R_3s4uPnPySqFDQLH","louisiana","friedpickles","friedpickles"
"232","R_3s4uPnPySqFDQLH","louisiana","deltatamales","deltatamales"
"233","R_1I6PZ8l7dCVCls6","tennessee","seafood","crawfish"
"234","R_3RaLEbIiJsMfa7K","missouri","barbecue","barbecue"
"235","R_3iBZOjbvjcuHklu","tennessee","barbecue","barbecue"
"236","R_8AkyGtTm4tuSvLj","missouri","soybeans","soybeans"
"237","R_1lav0sunNG0Qmfz","mississippi","soybeans","soybeans"
"238","R_3jdGGJPu6R8QTke","tennessee","soybeans","soybeans"
"239","R_2ALU7wXvI5QzvVv","arkansas","soybeans","soybeans"
"240","R_22Mm9oIww4BbR5F","arkansas","berries","berries"
"241","R_1r1eZsZzQ9D7W7T","tennessee","biscuits","biscuits"
"242","R_2EF9ot7XdcZZVPZ","mississippi","seafood","fish"
"243","R_1DXYFwSQN6zF7BZ","tennessee","catfish","catfish walleye bass"
"244","R_1DXYFwSQN6zF7BZ","tennessee","walleye","catfish walleye bass"
"245","R_1DXYFwSQN6zF7BZ","tennessee","bass","catfish walleye bass"
"246","R_uro95TXdK7IwFB7","arkansas","chicken","chicken"
"247","R_3M9g5gVVKkAPoDs","arkansas","chicken","chicken"
"248","R_rkijmAYC2U7bBOV","mississippi","chicken","chicken"
"249","R_3GdjF3qGZMkWDkb","mississippi","chicken","chicken"
"250","R_1hXwXAfGo51cjec","tennessee","corn","corn"
"251","R_8p4gt89jsUJUwqB","tennessee","corn","corn"
"252","R_3hfMF7EhZgxP0Z8","arkansas","corn","corn"
"253","R_1j9EB3lwccW9Uyq","mississippi","corn","corn"
"254","R_1ImcJGPYZNFjFRF","tennessee","corn","corn"
"255","R_1N1TQJhstpZZArS","tennessee","corn","corn"
"256","R_1LRtkeqS8gOzilj","louisiana","corn","corn"
"257","R_3dREXbRV6YlTHvY","arkansas","corn","corn"
"258","R_1nPZCQY9nuIecSj","arkansas","corn","corn rice"
"259","R_1nPZCQY9nuIecSj","arkansas","rice","corn rice"
"260","R_3k7gkQCIMn7zeoq","missouri","corn","corn"
"261","R_3k7gkQCIMn7zeoq","missouri","soybeans","soybeans"
"262","R_22Rg53VseMVo71q","louisiana","cotton","cotton"
"263","R_1fjZh0XZmgL37Tr","mississippi","cotton","cotton"
"264","R_2trIPu5HBM0td3e","louisiana","cracklins","cracklins"
"265","R_xt4DP40Yi9F0NMJ","arkansas","seafood","crawfish"
"266","R_1EhX3irrvj8Mcod","tennessee","fruit","fruit"
"267","R_2aRXfnq95ne7Vdh","louisiana","greens","greens"
"268","R_3egnVJ7waFYpSnP","arkansas","hotdogs","hotdogs"
"269","R_2frnJtyV4GtAPTW","missouri","none","none"
"270","R_UgQkGH9XK62NdqF","louisiana","jambalaya","jambalaya"
"271","R_27qITEcHl4P4tSd","tennessee","melons","melons"
"272","R_D6LCldz8wj7UM5X","arkansas","mudpie","mudpie"
"273","R_322vCWidCAL08s9","louisiana","none","none"
"274","R_UX4SH9R034cT6Wl","missouri","none","none"
"275","R_9WFdQtnJiwcPAw9","missouri","peaches","peaches"
"276","R_2WUbusOBjbYiaF9","louisiana","peas","peas
pecans
peaches"
"277","R_2WUbusOBjbYiaF9","louisiana","pecans","peas
pecans
peaches"
"278","R_2WUbusOBjbYiaF9","louisiana","peaches","peas
pecans
peaches"
"279","R_3ERLl9LouSonNWx","missouri","pork","pork"
"280","R_VWJJW8aCtVMMj6x","arkansas","potatoes","potatoes"
"281","R_2SqObJChMQv0ois","arkansas","rice","rice"
"282","R_1hS7pxpqjR0suzL","tennessee","rice","rice"
"283","R_2rqMYwjz8ABlALh","arkansas","rice","rice"
"284","R_2460HniuQGxmDen","arkansas","rice","rice"
"285","R_2PiMpsFMYymP8UF","missouri","rice","rice"
"286","R_Olk06nJNiMuai2J","missouri","rice","rice"
"287","R_3HFbCBzPORU0BYH","arkansas","rice","rice"
"288","R_yHD93FagsBQjc5j","mississippi","rice","rice hay"
"289","R_yHD93FagsBQjc5j","mississippi","hay","rice hay"
"290","R_2feQAlHYBk9HpMq","mississippi","rice","rice"
"291","R_2feQAlHYBk9HpMq","mississippi","soybeans","soybeans"
"292","R_DtVqFM7Mv42zSXn","tennessee","rice","rice"
"293","R_DtVqFM7Mv42zSXn","tennessee","corn","corn"
"294","R_DtVqFM7Mv42zSXn","tennessee","soybeans","soybeans oranges"
"295","R_DtVqFM7Mv42zSXn","tennessee","oranges","soybeans oranges"
"296","R_DtVqFM7Mv42zSXn","tennessee","pineapple","pineapple"
"297","R_1goIVfvTvrbnmJW","arkansas","rice","rice"
"298","R_1goIVfvTvrbnmJW","arkansas","wheat","wheat"
"299","R_3CIXxbdp3H1vN7s","arkansas","rice","rice"
"300","R_23ZZFSye7yXqTNd","arkansas","seafood","seafood"
"301","R_DJ2WJbb2jrkpJsJ","louisiana","seafood","seafood"
"302","R_1gc50Pn0u49o66K","mississippi","seafood","shrimp"
"303","R_1Cx7sQMbi8xEBws","tennessee","soulfood","soulfood"
"304","R_wRYTguHw0ad4Ii5","missouri","soybeans","soybeans"
"305","R_10IOLrIQJeb5pRm","mississippi","soybeans","soybeans"
"306","R_RIX4Mbwr6lkVSo1","missouri","soybeans","soybeans"
"307","R_RIX4Mbwr6lkVSo1","missouri","corn","corn"
"308","R_qL70MAnLYxHbGcV","missouri","soybeans","soybeans"
"309","R_3NJz0StAdtLO0Dk","missouri","soybeans","soybeans"
"310","R_sGQ7YR7ffi1Gked","arkansas","soybeans","soybeans"
"311","R_6swzRuKu2PPvZKh","arkansas","soybeans","soybeans"
"312","R_DMZwudiC7MCDl5f","missouri","soybeans","soybeans"
"313","R_vYJJOqz7DBeFfJD","louisiana","strawberries","strawberries"
"314","R_zffQxkcbi8dZ7XP","louisiana","sugarcane","sugarcane"
"315","R_9ts3XSUmniyWhTr","louisiana","sugarcane","sugarcane"
"316","R_W08OCDLBCcJNkid","tennessee","tobacco","tobacco"
"317","R_1IENNfwe3UBPhYJ","missouri","watermelon","watermelon"
"318","R_1gGu7GIo8RWywDr","missouri","wheat","wheat"
"319","R_BYaZGtJ6lMpAJgZ","missouri","wheat","wheat"
"320","R_20ZhjSkkv69x7pi","missouri","wheat","wheat"
"321","R_25si3at0M2qgaMA","missouri","wheat","wheat"
"322","R_C3v9p4utMuCTyeJ","tennessee","corn","corn"
"323","R_3jVGfK3mvPgsexm","arkansas","cotton","cotton soybeans rice corn"
"324","R_3jVGfK3mvPgsexm","arkansas","soybeans","cotton soybeans rice corn"
"325","R_3jVGfK3mvPgsexm","arkansas","rice","cotton soybeans rice corn"
"326","R_3jVGfK3mvPgsexm","arkansas","corn","cotton soybeans rice corn"
"327","R_1jTkHYYPJYrV7nU","louisiana","greens","greens"
"328","R_2bIbzXrxEZKoFK4","arkansas","pork","pork"
"329","R_1kIJwYD7ptZuebI","mississippi","potatoes","potatoes"
"330","R_1kIJwYD7ptZuebI","mississippi","corn","corn"
"331","R_1kIJwYD7ptZuebI","mississippi","peas","peas"
"332","R_3Msd4YDc6biKHys","arkansas","rice","rice"
"333","R_302IFSrdFsUamlM","louisiana","seafood","shrimp"
"334","R_abNqQu7Gm5F5IY1","mississippi","wheat","wheat"
"335","R_AgnSa8NyQRtOFdn","tennessee","corn","corn   sorghum  rice  sugar"
"336","R_AgnSa8NyQRtOFdn","tennessee","sorghum","corn   sorghum  rice  sugar"
"337","R_AgnSa8NyQRtOFdn","tennessee","rice","corn   sorghum  rice  sugar"
"338","R_AgnSa8NyQRtOFdn","tennessee","sugar","corn   sorghum  rice  sugar"
"339","R_30dSdiVkQBdKFbp","louisiana","greens","greens"
"340","R_30dSdiVkQBdKFbp","louisiana","cornbread","cornbread"
"341","R_29tvsW3fX3lvGrE","tennessee","gumbo","gumbo"
"342","R_2U9L3sII2mPnczI","tennessee","none","none"
"343","R_1GEbazY4sTfqDoM","arkansas","seafood","fish"
"344","R_31ZR649ObxPqTYC","arkansas","corn","corn"
"345","R_21dq62J3Pr2PwFf","arkansas","corn","corn"
"346","R_p0q15WuNJB7nEVX","louisiana","seafood","crawfish"
"347","R_p0q15WuNJB7nEVX","louisiana","rice","rice"
"348","R_p0q15WuNJB7nEVX","louisiana","okra","okra"
"349","R_1MTmruJPz8dfvME","louisiana","corn","corn"
"350","R_1MTmruJPz8dfvME","louisiana","rice","rice"
"351","R_RWgGvDT5kzgjFKN","tennessee","cotton","cotton"
"352","R_3FKlcaTfJqDfR1p","missouri","beets","beets"
"353","R_3FKlcaTfJqDfR1p","missouri","corn","corn"
"354","R_3et3J7o58yaO1Ai","tennessee","corn","corn"
"355","R_3et3J7o58yaO1Ai","tennessee","potatoes","potatoes"
"356","R_SUUCiVYZDXx4SAx","missouri","corn","corn"
"357","R_2RQ6chgrkULGokO","missouri","seafood","crawfish"
"358","R_3Pnv0l16kdpithb","tennessee","okra","okra"
"359","R_2Sdxw3rsdtxYPOZ","missouri","corn","corn"
"360","R_OrtmMwqVBGosNUd","missouri","corn","corn potatoes"
"361","R_OrtmMwqVBGosNUd","missouri","potatoes","corn potatoes"
"362","R_5yYkMQp0YVhidRn","louisiana","corn","corn sugarcane"
"363","R_5yYkMQp0YVhidRn","louisiana","sugarcane","corn sugarcane"
"364","R_3kc5EzVK2SfouSu","missouri","cotton","cotton"
"365","R_3CWv5Q0xcEGyCYg","mississippi","cotton","cotton"
"366","R_3Hwx7aVZ0BKhSKA","tennessee","rice","rice"
"367","R_6KHK9nJ7vJ17nYB","arkansas","rice","rice"
"368","R_6KHK9nJ7vJ17nYB","arkansas","soybeans","soybeans"
"369","R_6KHK9nJ7vJ17nYB","arkansas","corn","corn"
"370","R_XU7jxxCDaukwa7D","arkansas","soybeans","soybeans"
"371","R_3ERJGibVf9qgCwY","arkansas","soybeans","soybeans"
"372","R_2U9nIq3WxrrwJKq","missouri","corn","corn"
"373","R_1PZdG5UFaKe7RT8","arkansas","rice","rice"
"374","R_1i42hCcaxqeVX8G","louisiana","rice","rice"
"375","R_1i42hCcaxqeVX8G","louisiana","sugarcane","sugarcane"
"376","R_PG7PjyCPKeqTkNH","arkansas","friedpickles","friedpickles"
"377","R_eJQ3XC5Qnp1rgCR","arkansas","chicken","chicken"
"378","R_1dnIFZ3QcmQNmbs","tennessee","cotton","cotton"
"379","R_1dnIFZ3QcmQNmbs","tennessee","corn","corn"
"380","R_3JC5FzXIheLpAfI","mississippi","peaches","peaches"
"381","R_2PinBGnJcFybN89","louisiana","sugarcane","sugarcane"
"382","R_1oI0uYfPhxp8pob","tennessee","seafood","fish shrimp"
"383","R_1oI0uYfPhxp8pob","tennessee","seafood","fish shrimp"
"384","R_VW6iEjl9V5M0ssF","missouri","seafood","fish"
"385","R_2AEHD1nZwwoPWjs","louisiana","seafood","seafood shrimp"
"386","R_2AEHD1nZwwoPWjs","louisiana","seafood","seafood shrimp"
"387","R_2AEHD1nZwwoPWjs","louisiana","seafood","fish"
"388","R_12nA0dEYYozbdfK","tennessee","jambalaya","jambalaya"
"389","R_2VamYsZRPuC1Sdf","tennessee","seafood","fish"
"390","R_0TlzullSleRIqM9","louisiana","cotton","cotton"
"391","R_2uKUOALhcfDSHnt","louisiana","cotton","cotton"
"392","R_O9I2XuHB7hzHKbD","louisiana","seafood","crawfish"
"393","R_eV9Fyb7HVtCvlvz","arkansas","seafood","crawfish"
"394","R_3ETmBxlLPbqCp8w","louisiana","seafood","fish"
"395","R_ALR55JZJ4YmRPRD","louisiana","rice","rice"
"396","R_3JKmnU3VfiakVPi","louisiana","catfish","catfish 
walleye
bass"
"397","R_3JKmnU3VfiakVPi","louisiana","walleye","catfish 
walleye
bass"
"398","R_3JKmnU3VfiakVPi","louisiana","bass","catfish 
walleye
bass"
"399","R_1jlD21juAlBvGX1","arkansas","gumbo","gumbo"
"400","R_1jlD21juAlBvGX1","arkansas","jambalaya","jambalaya"
"401","R_1jlD21juAlBvGX1","arkansas","etouffee","etouffee"
"402","R_1jlD21juAlBvGX1","arkansas","boudin","boudin"
"403","R_7R7xgbpbehm5YLn","louisiana","seafood","seafood"
"404","R_ThLLQvOATpPfJuN","missouri","seafood","crawfish"
"405","R_1fjEzogI9IEp6OM","arkansas","cornbread","cornbread"
"406","R_1fjEzogI9IEp6OM","arkansas","grits","grits"
"407","R_1fjEzogI9IEp6OM","arkansas","seafood","fish"
"408","R_1fjEzogI9IEp6OM","arkansas","pimentocheese","pimentocheese"
"409","R_1fjEzogI9IEp6OM","arkansas","seafood","shrimp"
"410","R_1fjEzogI9IEp6OM","arkansas","pecanpie","pecanpie"
"411","R_1fjEzogI9IEp6OM","arkansas","seafood","fish"
"412","R_1fjEzogI9IEp6OM","arkansas","pickledcucumber","pickledcucumber"
"413","R_2sapRH7CqPEcShi","louisiana","alligator","alligator"
"414","R_2QgFqZJc9knWukb","louisiana","catfish","catfish alligator"
"415","R_2QgFqZJc9knWukb","louisiana","alligator","catfish alligator"
"416","R_OvYrn2t6A9Hl8it","arkansas","corn","corn"
"417","R_dal2wIgxE7dcnBv","tennessee","none","none"
"418","R_3BQ4TFkrgf8GXEl","tennessee","corn","corn"
"419","R_2PtW7RgfOGnA4Ic","arkansas","pecans","pecans"
"420","R_3fCan4ojorE9WRG","arkansas","cajun","cajun"
"421","R_3MSWcMISJ3GKSTe","tennessee","sugarcane","sugarcane"
"422","R_1LSz2SshEBzNhJP","tennessee","none","none"
"423","R_2V8cFX8KmyTxSeC","tennessee","none","none"
"424","R_3Ld0GWPsOeWjRzW","tennessee","corn","corn"
"425","R_2SodRXZ5AwYGuYT","missouri","cotton","cotton"
"426","R_2SodRXZ5AwYGuYT","missouri","tobacco","tobacco okra collards"
"427","R_2SodRXZ5AwYGuYT","missouri","okra","tobacco okra collards"
"428","R_2SodRXZ5AwYGuYT","missouri","collards","tobacco okra collards"
"429","R_UFJdn1Hz7SZTDhL","tennessee","none","none"
"430","R_12FLly9evLeuPxh","missouri","none","none"
"431","R_2c5HnD64o3vFVdM","tennessee","none","none"
"432","R_1OpebpYRFiDd46Q","missouri","seafood","fish"
"433","R_88rrPkgvid60ZfH","missouri","none","none"
"434","R_UngJJf9wyXVx0EF","louisiana","potatoes","potatoes"
"435","R_1FFfGUHfjrZK62p","arkansas","squash","squash"
"436","R_2EsDMnfrdyMr7V0","louisiana","sugarcane","sugarcane"
"437","R_3OdECDt9LzEgDUr","mississippi","sweetpotatoes","sweetpotatoes"
"438","R_3Eg7UpI0OppERmt","missouri","wheat","wheat"
"439","R_WlIy7F3VrbcA5c5","tennessee","wheat","wheat"
"440","R_1fjGeGHLDZY8ZO7","tennessee","soybeans","soybeans"
"441","R_25XAPh1gV2U1zFR","mississippi","chicken","chicken"
"442","R_ZkPxVB2cEcOHe01","arkansas","chicken","chicken"
"443","R_11YICglJnN9c4OD","tennessee","corn","corn cotton soybeans"
"444","R_11YICglJnN9c4OD","tennessee","cotton","corn cotton soybeans"
"445","R_11YICglJnN9c4OD","tennessee","soybeans","corn cotton soybeans"
"446","R_6Gdr0hO9lNwSGNb","mississippi","none","none"
"447","R_3MQEp8vwiQaJvvX","missouri","none","none"
"448","R_XOfX3LGfXD7bhjH","tennessee","rice","rice"
"449","R_3L6APui3EOMxmLR","arkansas","corn","corn"
"450","R_3L6APui3EOMxmLR","arkansas","grains","grains"
"451","R_2YwUjosihaXY4AY","arkansas","mudpie","mudpie"
"452","R_3m50LhUweTIggme","mississippi","pie","pie"
"453","R_1k1uWMDxVNYqub1","missouri","seafood","fish"
"454","R_1kIwei9LsS39emZ","missouri","soybeans","soybeans"
"455","R_27NgArkfP69sxn2","arkansas","bread","bread"
"456","R_2WSSbwRLlp4WqEE","mississippi","soybeans","soybeans"
"457","R_1nPfOXrIiaMm4up","tennessee","carrots","carrots"
"458","R_1nPfOXrIiaMm4up","tennessee","corn","corn"
"459","R_3Rr9nIRzsWWBWkq","mississippi","seafood","fish"
"460","R_1LUnhasnY6LMNGw","mississippi","corn","corn"
"461","R_yyVhUUF55Je3Rw5","tennessee","none","none"
"462","R_1FeSqgcXnHRnuQP","tennessee","seafood","fish"
"463","R_eDlTr2ghGKNM32F","louisiana","chicken","chicken"
"464","R_3iRzUu9jtq7Gnuk","mississippi","corn","corn"
"465","R_1hQFPLiPE8zs9zA","missouri","seafood","crawfish"
"466","R_eMbb8sfovl7Zv1v","louisiana","none","none"
"467","R_1Ioaf3XjB1A4ytz","louisiana","seafood","fish"
"468","R_afqr9JJ15tIoKYx","mississippi","seafood","fish"
"469","R_3EfAXT5vvmaml0o","tennessee","seafood","fish"
"470","R_1fjDjOX3nwTdjdy","arkansas","seafood","fish"
"471","R_zeFgHGeYb6rYsCd","mississippi","friedpickles","friedpickles"
"472","R_zeFgHGeYb6rYsCd","mississippi","flour","flour"
"473","R_2Yn6eDlTcFrB2d8","mississippi","greens","greens"
"474","R_2ZQF5HiZCljxirU","tennessee","rice","rice"
"475","R_2ZQF5HiZCljxirU","tennessee","soybeans","soybeans"
"476","R_3Rl6DXUx0PLUhA4","louisiana","rice","rice dressing"
"477","R_3Rl6DXUx0PLUhA4","louisiana","dressing","rice dressing"
"478","R_3RmV6uWBF2aIqaD","tennessee","rice","rice sugarcane"
"479","R_3RmV6uWBF2aIqaD","tennessee","sugarcane","rice sugarcane"
"480","R_3iDwTOkZfVZACi8","tennessee","trout","trout"
"481","R_1mwrBkZji8rT5y0","louisiana","seafood","fish"
"482","R_1mwrBkZji8rT5y0","louisiana","seafood","shrimp"
"483","R_1mwrBkZji8rT5y0","louisiana","oysters","oysters"
"484","R_3KpCHtMrgOBQOU0","tennessee","okra","okra corn"
"485","R_3KpCHtMrgOBQOU0","tennessee","corn","okra corn"
"486","R_3KpCHtMrgOBQOU0","tennessee","peaches","peaches"
"487","R_2pPq2dDHlB0ww4Y","arkansas","friedpickles","friedpickles"
"488","R_2tbVQ0zZREwQ9m2","mississippi","burgers","burgers"
"489","R_1kHwR8BcDmE2ZKP","louisiana","potatoes","potatoes"
"490","R_3rUvpnXPh15jhXU","arkansas","coleslaw","coleslaw"
"491","R_3rUvpnXPh15jhXU","arkansas","pork","pork"
"492","R_3rUvpnXPh15jhXU","arkansas","seafood","fish"
"493","R_STObD3KJVMGbcpX","arkansas","none","none"
"494","R_C9REwZq2kP0SObv","tennessee","chicken","chicken pot pie"
"495","R_C9REwZq2kP0SObv","tennessee","pot","chicken pot pie"
"496","R_C9REwZq2kP0SObv","tennessee","pie","chicken pot pie"
"497","R_pKwqRtepM2H98YN","tennessee","mudpie","mudpie"
"498","R_datMbbolTRd5Z5f","missouri","cabbage","cabbage"
"499","R_2wgyOGcg15MTJ3b","tennessee","corn","corn"
"500","R_2wgyOGcg15MTJ3b","tennessee","soybeans","soybeans"
"501","R_9AlKnfVSfLiXfgZ","tennessee","soybeans","soybeans"
"502","R_28Ytz4iMDNNIJlS","mississippi","beef","beef"
"503","R_1MLmaqQQC3U14xS","tennessee","beef","beef"
"504","R_2xYq3MfEfsRfhx7","tennessee","corn","corn"
"505","R_1kNdB8CNyrDDcgd","mississippi","cotton","cotton"
"506","R_2VkGBtwcVrwXoqg","tennessee","friedeverything","friedeverything"
"507","R_2cuxlBZjkH3eJMc","arkansas","greens","greens"
"508","R_10JgHSB43OvukYO","louisiana","none","none"
"509","R_2AQJVRRMmOorBVL","mississippi","none","none"
"510","R_27jplkLX3twzmBU","mississippi","peas","peas"
"511","R_1oo6obAiG353WXN","mississippi","soybeans","soybeans"
"512","R_1oo6obAiG353WXN","mississippi","corn","corn"
"513","R_6m6Nsc1bUrgA2XL","tennessee","fruit","fruit"
"514","R_RfW9oiiHlr25qw1","arkansas","peaches","peaches"
"515","R_2uWWSbGaA2xGX70","tennessee","pumpkins","pumpkins"
"516","R_2uWWSbGaA2xGX70","tennessee","tobacco","tobacco"
"517","R_2uWWSbGaA2xGX70","tennessee","cotton","cotton"
"518","R_1CBywzbiAABZ3OD","mississippi","soybeans","soybeans"
"519","R_PMTKaFziiprPFPb","arkansas","rice","rice"
"520","R_PMTKaFziiprPFPb","arkansas","corn","corn"
"521","R_PMTKaFziiprPFPb","arkansas","potatoes","potatoes"
"522","R_2VDdZKn4OQZ1W5n","tennessee","barbecue","barbecue"
"523","R_3nUkOrNH2wgiTQ1","tennessee","corn","corn"
"524","R_yDviBvG6PhpQHpT","missouri","corn","corn"
"525","R_1gvCHqZGv8zVjpo","mississippi","corn","corn"
"526","R_1etMME4i74JAc4f","missouri","corn","corn"
"527","R_29caJYEeHZBMQrD","tennessee","fruit","fruit"
"528","R_31gyxzPnbtXMHVn","arkansas","nuts","nuts"
"529","R_2w1Eh3WnGwEsQn4","tennessee","potatoes","potatoes"
"530","R_xDRFFMg5AyqpQQ1","louisiana","seafood","seafood"
"531","R_ptvPeiugK72e94l","tennessee","turnips","turnips"
"532","R_1BRTb4d4GCaVYbL","tennessee","wheat","wheat"
"533","R_1BRTb4d4GCaVYbL","tennessee","beef","beef"
"534","R_1BRTb4d4GCaVYbL","tennessee","sheep","sheep"
"535","R_1BRTb4d4GCaVYbL","tennessee","chicken","chicken"
"536","R_7X2HJjtHkZKQ11v","mississippi","gumbo","gumbo"
"537","R_6yuI4pCZmJXUO5P","louisiana","sugarcane","sugarcane"
"538","R_ONA5aEHwLokbkDn","tennessee","soybeans","soybeans"
"539","R_ONA5aEHwLokbkDn","tennessee","cotton","cotton"
"540","R_ONA5aEHwLokbkDn","tennessee","corn","corn"
"541","R_ONA5aEHwLokbkDn","tennessee","grains","grains"
"542","R_WcJpOe6ycOBiICt","arkansas","peaches","peaches"
"543","R_3nxfbo9q068NukH","louisiana","seafood","seafood"
"544","R_u37074ksoYQWK3v","arkansas","rice","rice beans soybeans milo"
"545","R_u37074ksoYQWK3v","arkansas","beans","rice beans soybeans milo"
"546","R_u37074ksoYQWK3v","arkansas","soybeans","rice beans soybeans milo"
"547","R_u37074ksoYQWK3v","arkansas","milo","rice beans soybeans milo"
"548","R_32009arM7d3AgXX","louisiana","sugarcane","sugarcane"
"549","R_401igAuHZjSZHgt","arkansas","cotton","cotton"
"550","R_12AydeLyjFFAl0u","missouri","corn","corn"
"551","R_9ZfOFJfNcQnbZ1T","mississippi","seafood","fish"
"552","R_D8A9DwE4AyCN2bT","arkansas","seafood","fish beans"
"553","R_D8A9DwE4AyCN2bT","arkansas","beans","fish beans"
"554","R_1IuWwXntHv7ogAm","louisiana","seafood","fish apples"
"555","R_1IuWwXntHv7ogAm","louisiana","apples","fish apples"
"556","R_R3wpILBQRFzpFXb","tennessee","corn","corn"
"557","R_Df9Y5W3OEOvhusp","louisiana","corn","corn"
"558","R_28UvGCr8bGcHdgP","arkansas","corn","corn"
"559","R_2WUNtVudFpOHR6A","missouri","corn","corn"
"560","R_1QmeUUKG8HTlZK2","tennessee","grapes","grapes"
"561","R_1MLM1SYk4IqRw3G","missouri","wheat","wheat"
"562","R_1BXIwfnGJdngrEf","louisiana","corn","corn"
"563","R_3Dh9tXtoxffIaIs","louisiana","seafood","crawfish"
"564","R_2WA55qnHvTuP9pY","tennessee","corn","corn"
"565","R_2CZZr6aCkBd0QuJ","tennessee","corn","corn"
"566","R_2ZVPzggViouFOvA","missouri","potatoes","potatoes"
"567","R_1hxMXHK3aGsf6wd","tennessee","seafood","fish"
"568","R_db5DP7zHx7C2C77","louisiana","redbeans","redbeans"
"569","R_A4l1BeHNhHBoOUV","arkansas","soulfood","soulfood"
"570","R_A4l1BeHNhHBoOUV","arkansas","seafood","seafood"
"571","R_3oLo5zsYna5Zz2u","missouri","none","none"
"572","R_3WqeSUVB8G7iRY5","mississippi","none","none"
"573","R_1llY2Xc5yqgNdOY","mississippi","cotton","cotton"
"574","R_1iqXPbOfALS7KTr","arkansas","seafood","crawfish"
"575","R_2zdPTBoO72x6dZn","arkansas","burgers","burgers"
"576","R_0xGLPpvZVDitl4t","arkansas","rice","rice"
"577","R_1lz9azPz5ATmntU","missouri","none","none"
"578","R_2xJc9q9oZvgYPIX","missouri","beef","beef"
"579","R_BzSnPjrVAo6o05H","louisiana","cotton","cotton"
"580","R_BzSnPjrVAo6o05H","louisiana","sugarcane","sugarcane"
"581","R_sb7OriZEWw7uQ6Z","mississippi","none","none"
"582","R_0xpPTl7P67xdvlD","tennessee","moonshine","moonshine"
"583","R_07AGs11QuTQ1xh7","louisiana","corn","corn"
"584","R_XRNL28jlw89wNjj","missouri","soybeans","soybeans"
"585","R_1BQkTJhoq4b4yZ7","missouri","chips","chips"
"586","R_1Eg2hIjzVBF6Dvl","mississippi","cotton","cotton"
"587","R_bI0ENp43MRa1Im5","tennessee","moonpies","moonpies"
"588","R_3ylHEU4HfsYs8nL","missouri","soybeans","soybeans"
"589","R_1rPOcaQlf1oBHvl","tennessee","sweetpotatoes","sweetpotatoes"
"590","R_3Jw0glC8aSmTveg","arkansas","corn","corn"
"591","R_10ARltUziL8sGeF","missouri","corn","corn rice"
"592","R_10ARltUziL8sGeF","missouri","rice","corn rice"
"593","R_4Pydlg125y1d53b","tennessee","cotton","cotton"
"594","R_3k09QQv6IHufuJj","arkansas","seafood","fish"
"595","R_tRvlRXqe69jJKQ9","arkansas","seafood","fish"
"596","R_UXSI1oEVwO9Pyfv","mississippi","rice","rice"
"597","R_1oHfgIz5XAUwztH","louisiana","rice","rice wheat"
"598","R_1oHfgIz5XAUwztH","louisiana","wheat","rice wheat"
"599","R_2rITOA2xQnrrsLL","louisiana","soybeans","soybeans"
"600","R_2rITOA2xQnrrsLL","louisiana","corn","corn"
"601","R_2rITOA2xQnrrsLL","louisiana","sugarcane","sugarcane"
"602","R_2rITOA2xQnrrsLL","louisiana","sweetpotatoes","sweetpotatoes"
"603","R_1NbnsEmUiD9hbcV","louisiana","sugarcane","sugarcane"
"604","R_1NbnsEmUiD9hbcV","louisiana","rice","rice"
"605","R_qEE9c8RKfqtWCPf","tennessee","corn","corn"
"606","R_qEE9c8RKfqtWCPf","tennessee","soybeans","soybeans"
"607","R_qEE9c8RKfqtWCPf","tennessee","rice","rice"
"608","R_1GylIPwa1z7LNQA","louisiana","seafood","seafood"
"609","R_pyiocID8u9gEk8x","tennessee","none","none"
"610","R_2U4TZRkP7Ke5LXP","mississippi","seafood","fish"
"611","R_WDawK4VKq2L2Fbj","tennessee","tomatoes","tomatoes"
"612","R_XX1wTPqrQhUHX4l","arkansas","none","none"
"613","R_1hRNeuv5t1ftHLm","mississippi","friedpickles","friedpickles"
"614","R_1j9rTmvxQHjlhko","louisiana","sugarcane","sugarcane"
"615","R_1j9rTmvxQHjlhko","louisiana","rice","rice"
"616","R_1j9rTmvxQHjlhko","louisiana","syup","syup"
"617","R_2wu8J5vrD4tKE73","missouri","yellowsquash","yellowsquash"
"618","R_2wu8J5vrD4tKE73","missouri","zuchinni","zuchinni"
"619","R_2wu8J5vrD4tKE73","missouri","greenbeans","greenbeans"
"620","R_2wu8J5vrD4tKE73","missouri","tomatoes","tomatoes"
"621","R_2wu8J5vrD4tKE73","missouri","beef","beef"
"622","R_2wu8J5vrD4tKE73","missouri","chicken","chicken"
"623","R_2TzyboqILndpEcq","tennessee","soulfood","soulfood"
"624","R_2xREov2EP5S2gyh","mississippi","chicken","chicken"
"625","R_1kM3DtkwDHLyCZd","tennessee","barbecue","barbecue"
"626","R_1jHEm299OOWLvFD","tennessee","beef","beef"
"627","R_2tEiAZrvl1ZARfL","missouri","turkey","turkey"
"628","R_2tEiAZrvl1ZARfL","missouri","chicken","chicken"
"629","R_1JVGmvpvvigt2cL","arkansas","potatoes","potatoes"
"630","R_yTJ43GqeKaxGxwZ","arkansas","n\a","n\a"
"631","R_2rGRcuvODWTx9du","louisiana","sugarcane","sugarcane"
"632","R_2rGRcuvODWTx9du","louisiana","rice","rice"
"633","R_2YwTKiZAuYyOTO2","missouri","soybeans","soybeans"
"634","R_cIW9yPrv9wBK4Ap","arkansas","seafood","fish"
"635","R_33fHg9OnFd3KNKc","missouri","chicken","chicken"
"636","R_1QGl0GflnY5g0oO","arkansas","corn","corn"
"637","R_1dzc1R1C38NE53Y","tennessee","corn","corn"
"638","R_1dzc1R1C38NE53Y","tennessee","wheat","wheat"
"639","R_1dzc1R1C38NE53Y","tennessee","soybeans","soybeans"
"640","R_Q9O0egr1GPjEwyR","tennessee","cotton","cotton"
"641","R_1Hq3MmwRLx4LCkp","mississippi","cotton","cotton"
"642","R_1lgJfTlqCqcXf0S","tennessee","seafood","fish"
"643","R_2t0eNgQM73KZP5U","tennessee","seafood","fish"
"644","R_2YSs9lymDFm04AB","tennessee","seafood","fish"
"645","R_1eR8C5KSSzE11cm","missouri","none","none"
"646","R_3k4EvNKK985kKxd","tennessee","none","none"
"647","R_3EnddwGVwGj4Y7Z","mississippi","none","none"
"648","R_Uu6MTsHX3vORWEh","tennessee","none","none"
"649","R_2qjY2ES4RMqC5Wl","louisiana","none","none"
"650","R_3O07IcRrLySYNEG","tennessee","none","none"
"651","R_1GxAYKPzFtjxQAB","tennessee","none","none"
"652","R_2YbNDhhNI37gVi8","missouri","macncheese","macncheese"
"653","R_2wubr4vAisUVRMR","missouri","none","none"
"654","R_3rZqkwwvvVaCCnH","arkansas","rice","rice"
"655","R_piuZtvOBvt4dkbf","arkansas","rice","rice"
"656","R_1q7E4bKYLPfP5vj","arkansas","rice","rice"
"657","R_1q7E4bKYLPfP5vj","arkansas","soybeans","soybeans"
"658","R_1q7E4bKYLPfP5vj","arkansas","corn","corn"
"659","R_1q7E4bKYLPfP5vj","arkansas","okra","okra"
"660","R_1q7E4bKYLPfP5vj","arkansas","tomatoes","tomatoes"
"661","R_1PcQLCPbP7E9KSu","arkansas","soybeans","soybeans"
"662","R_3flPJFTig4bvtH8","missouri","watermelon","watermelon"
"663","R_3flPJFTig4bvtH8","missouri","peaches","peaches"
"664","R_1IQlX5lDogulz6J","arkansas","haitianfood","haitianfood"
"665","R_3NLs90SeJT0x3ek","arkansas","corn","corn"
"666","R_2zedn5PhTy7HLkE","arkansas","cattail","cattail"
"667","R_2zedn5PhTy7HLkE","arkansas","seafood","fish"
"668","R_1LqJcHHukNu15fA","louisiana","seafood","seafood"
"669","R_2doUJginHi7PqbA","arkansas","rice","rice"
"670","R_3k65ee0wDhJCWyu","mississippi","potatoes","potatoes"
"671","R_3MRw1EUkgMLfbC4","arkansas","rice","rice"
"672","R_3RsdrqemYP1bxAv","louisiana","gumbo","gumbo"
"673","R_3RsdrqemYP1bxAv","louisiana","seafood","crawfish"
"674","R_1kUCRZ0q7ZS1STp","mississippi","chicken","chicken"
"675","R_PMp1j11vKL7tNxn","louisiana","soybeans","soybeans"
"676","R_PvauNGtyW5iYGfn","tennessee","oranges","oranges"
"677","R_PvauNGtyW5iYGfn","tennessee","corn","corn nuts"
"678","R_PvauNGtyW5iYGfn","tennessee","nuts","corn nuts"
"679","R_9vr6HI4hxL1mWT7","arkansas","cotton","cotton"
"680","R_1js7oFSnSltwePz","missouri","corn","corn soybeans"
"681","R_1js7oFSnSltwePz","missouri","soybeans","corn soybeans"
"682","R_yUQKYn0ueVVHoiJ","arkansas","corn","corn"
"683","R_3fNLAc2EtC2a9RU","arkansas","soybeans","soybeans"
"684","R_3iR6zxIxysIgwSK","louisiana","none","none"
"685","R_21sTAib4mWd2aPg","arkansas","lobster","lobster"
"686","R_1q7LzUyUJyyc7K2","tennessee","seafood","shrimp"
"687","R_1q7LzUyUJyyc7K2","tennessee","seafood","crawfish"
"688","R_277lEtPoo0ymwrw","louisiana","corn","corn"
"689","R_2pKvAUrHL4RRrTG","louisiana","seafood","crawfish"
"690","R_ApqsLFfAVir5DTb","missouri","peanuts","peanuts"
"691","R_ApqsLFfAVir5DTb","missouri","cotton","cotton"
"692","R_ApqsLFfAVir5DTb","missouri","corn","corn"
"693","R_ApqsLFfAVir5DTb","missouri","soybeans","soybeans"
"694","R_ApqsLFfAVir5DTb","missouri","strawberries","strawberries"
"695","R_ewH3pIQ8sXShKdH","arkansas","apple","apple"
"696","R_7VepjkIxoMypZfj","louisiana","rice","rice"
"697","R_2X1isfywrLqYTo4","tennessee","apples","apples grapes"
"698","R_2X1isfywrLqYTo4","tennessee","grapes","apples grapes"
"699","R_1kLHPnx6XfwlYpX","louisiana","none","none"
"700","R_2Vw5QPoJLVk3kdu","arkansas","mashedpotatoes","mashedpotatoes"
"701","R_xGD5TWzXVPA9zvr","arkansas","soybeans","soybeans"
"702","R_1pST3XXuwF2zJeL","arkansas","fruit","fruit"
"703","R_1pST3XXuwF2zJeL","arkansas","pecans","pecans"
"704","R_1OMEligs136audJ","arkansas","meat","meat"
"705","R_XLL8Nx11TD8EEhz","tennessee","seafood","fish"
"706","R_2sYp376cNb17w8E","missouri","coconut","coconut"
"707","R_2sYp376cNb17w8E","missouri","bananas","bananas"
"708","R_1DMaNVwoUSmVHhp","missouri","peanuts","peanuts"
"709","R_1rwyS7slqIVCMG0","missouri","corn","corn grains"
"710","R_1rwyS7slqIVCMG0","missouri","grains","corn grains"
"711","R_1iarwWGeLTnxDl3","tennessee","seafood","fish"
"712","R_3nVEvViNBRKXhZ9","arkansas","pizza","pizza"
"713","R_3JBemDNMeIiH9aF","arkansas","deltatamales","deltatamales"
"714","R_3st8uigbixwCC4V","mississippi","potatoes","potatoes"
"715","R_3st8uigbixwCC4V","mississippi","potpie","potpie"
"716","R_1dhw1DRMrFUfXMc","mississippi","seafood","fish"
"717","R_3gZ6YNnkY079Djz","louisiana","rice","rice"
"718","R_3gZ6YNnkY079Djz","louisiana","sugarcane","sugarcane"
"719","R_3gZ6YNnkY079Djz","louisiana","soybeans","soybeans"
"720","R_25d6r85bzq1qgRH","louisiana","seafood","fish"
"721","R_25d6r85bzq1qgRH","louisiana","seafood","seafood"
"722","R_Zw9dgXfGipsKJJT","arkansas","beef","beef"
"723","R_Zw9dgXfGipsKJJT","arkansas","seafood","seafood"
"724","R_2AHfHL50rBWK0eZ","tennessee","corn","corn"
"725","R_2AHfHL50rBWK0eZ","tennessee","tobacco","tobacco"
"726","R_3lR0FrvM1zSJMnC","tennessee","seafood","fish"
"727","R_BtgBJMiWUueDrWx","louisiana","corn","corn"
"728","R_BtgBJMiWUueDrWx","louisiana","wheat","wheat"
"729","R_2cjBnNiZFEIYgUG","mississippi","corn","corn"
"730","R_1hA3wW8eCxu8Vyf","arkansas","seafood","fish"
"731","R_aXIXmm3sO3hGHZL","missouri","corn","corn"
"732","R_2ExTjF2He37pD5G","tennessee","chicken","chicken"
"733","R_27dOMRXNIffsKRX","arkansas","cotton","cotton"
"734","R_27dOMRXNIffsKRX","arkansas","corn","corn"
"735","R_27dOMRXNIffsKRX","arkansas","soybeans","soybeans"
"736","R_1nVZ0u7a1464SGz","tennessee","sugarcane","sugarcane"
"737","R_2S31iRWNjIGvmHm","arkansas","rice","rice"
"738","R_10Pgj9SJlkK111v","arkansas","rice","rice"
"739","R_svd7weYNjr0jDQ5","arkansas","rice","rice"
"740","R_2AKFsXVqjpKc2Bp","louisiana","pecans","pecans"
"741","R_3kgLb1RCrC0tDMB","louisiana","chicken","chicken"
"742","R_2BbuNSfVvTCrOXJ","arkansas","rice","rice"
"743","R_bEGn3vuq8HFCSnn","arkansas","rice","rice"
"744","R_9BpRYE3IlWVtP4l","arkansas","wild","wild herbs"
"745","R_9BpRYE3IlWVtP4l","arkansas","herbs","wild herbs"
"746","R_3MG45p0iAWszTLl","mississippi","burgers","burgers"
"747","R_3KvJQOcmsCtExwj","tennessee","tonight","tonight"
"748","R_3KvJQOcmsCtExwj","tennessee","pumpkins","pumpkins"
"749","R_1OTxO1nH80PaeJJ","missouri","beans","beans corn"
"750","R_1OTxO1nH80PaeJJ","missouri","corn","beans corn"
"751","R_R8MCmGkSJej5irD","tennessee","corn","corn"
"752","R_3oSCh1Jo5VQana4","tennessee","corn","corn"
"753","R_3PmXC50Uwx77zwK","arkansas","cotton","cotton"
"754","R_3OitazyrrllOcW7","tennessee","seafood","crawfish"
"755","R_ac3HE7gQE2Nxqq5","arkansas","grains","grains"
"756","R_2ckGfutzqAAhGc4","tennessee","none","none"
"757","R_3Gwubg6lrl2noJr","arkansas","rice","rice"
"758","R_u8uv4ScsN1hKQc9","arkansas","rice","rice"
"759","R_xx5qGPrYlUdmaVH","missouri","soybeans","soybeans"
"760","R_xx5qGPrYlUdmaVH","missouri","rice","rice"
"761","R_xx5qGPrYlUdmaVH","missouri","sugarcane","sugarcane"
"762","R_xx5qGPrYlUdmaVH","missouri","grains","grains"
"763","R_xx5qGPrYlUdmaVH","missouri","hay","hay"
"764","R_xx5qGPrYlUdmaVH","missouri","cotton","cotton"
"765","R_1Os3Ma11W1ZWRwe","missouri","beef","beef"
"766","R_1Os3Ma11W1ZWRwe","missouri","corn","corn"
"767","R_2bNm3FrLwdRpT83","arkansas","rice","rice"
"768","R_2bNm3FrLwdRpT83","arkansas","soybeans","soybeans"
"769","R_2bNm3FrLwdRpT83","arkansas","corn","corn"
"770","R_3Ea2ZMZFrSjHzTX","louisiana","bass","bass"
"771","R_2f7ASqOMZM9Kbhh","missouri","corn","corn"
"772","R_3MFO4kUSP09LdWf","tennessee","none","none"
"773","R_Rtxl1uP6HzOVXsl","missouri","greens","greens"
"774","R_Rtxl1uP6HzOVXsl","missouri","corn","corn"
"775","R_3MaNRrXcjnfpJ2V","tennessee","none","none"
"776",NA,NA,NA,NA
"777","R_qUemcXRN5I5rXIR","missouri","none","none"
"778","R_sNkEsGtmhPMwSs1","missouri","pork","pork"
"779","R_1oo2CQyx6zPzcGY","missouri","pork","pork"
"780","R_27lHnXs5Mkpi3M7","louisiana","persimmons","persimmons"
"781","R_31jvjZV0X4cjOOc","louisiana","seafood","seafood"
"782","R_23TB0m65qiynrGZ","tennessee","none","none"
"783","R_d45aBi5ulYKT06B","missouri","corn","corn wheat soybeans"
"784","R_d45aBi5ulYKT06B","missouri","wheat","corn wheat soybeans"
"785","R_d45aBi5ulYKT06B","missouri","soybeans","corn wheat soybeans"
"786","R_3r0883BSKXYO3TT","missouri","none","none"
"787","R_2chhSX8pPQjavXs","louisiana","none","none"
"788","R_1kY0bvcbsCVXEE4","louisiana","none","none"
"789","R_3PLcFvBlAlgM0TX","missouri","soybeans","soybeans"
"790","R_2fIF1Bs0ke4mtdf","arkansas","none","none"
"791","R_1go00zy88pWswzG","missouri","corn","corn"
"792","R_1go00zy88pWswzG","missouri","soybeans","soybeans"
"793","R_1go00zy88pWswzG","missouri","wheat","wheat"
"794","R_2EsY6bzpdZnsREc","tennessee","none","none"
"795","R_O9ZLCpV98fGBZyV","arkansas","rice","rice"
"796","R_O9ZLCpV98fGBZyV","arkansas","soybeans","soybeans"
"797","R_O9ZLCpV98fGBZyV","arkansas","peanuts","peanuts"
"798","R_O9ZLCpV98fGBZyV","arkansas","seafood","fish"
"799","R_2arWFPjsC0nJseK","mississippi","seafood","fish"
"800","R_1imLAyppIyWXSgR","tennessee","none","none"
"801","R_2ykL0RGva2u0cBT","mississippi","seafood","crawfish"
"802","R_3LjAOd4rs9t0bZK","missouri","cotton","cotton"
"803","R_3LjAOd4rs9t0bZK","missouri","wheat","wheat"
"804","R_3LjAOd4rs9t0bZK","missouri","soybeans","soybeans"
"805","R_d4lx94i5rfqRrbj","missouri","chicken","chicken"
"806","R_qxTgFWMcylrEnV7","mississippi","seafood","fish"
"807","R_1kTtjyYHOprBmnU","louisiana","seafood","fish"
"808","R_vr9r6g4R1JIOB2x","tennessee","seafood","fish"
"809","R_QcsM09yLvvWkyn7","missouri","beef","beef"
"810","R_QcsM09yLvvWkyn7","missouri","pork","pork"
"811","R_QcsM09yLvvWkyn7","missouri","chicken","chicken"
"812","R_QcsM09yLvvWkyn7","missouri","turkey","turkey"
"813","R_33gnXYih5sLLjiG","tennessee","corn","corn"
"814","R_3s1C8ZEldxsKdVb","arkansas","corn","corn"
"815","R_1isXSkAhO0Xyfbc","missouri","corn","corn"
"816","R_3CJxsIqmciwmrau","missouri","corn","corn"
"817","R_2tytODGi4rdYL2R","tennessee","corn","corn
potatoes"
"818","R_2tytODGi4rdYL2R","tennessee","potatoes","corn
potatoes"
"819","R_27vd1Eo19mkr8M7","arkansas","cotton","cotton"
"820","R_2bJA29KHx3BGHH3","louisiana","seafood","crawfish"
"821","R_wL8ygksoEvr8Utb","louisiana","seafood","crawfish"
"822","R_2WItS5mnhBJjzTa","missouri","none","none"
"823","R_2cqfYchX30Vxm8e","mississippi","none","none"
"824","R_2qwSpXMcJwEVw9S","tennessee","none","none"
"825","R_1QEn1fyPgAUmPzx","louisiana","mudpie","mudpie"
"826","R_2TmAFoNWU0KSdzU","louisiana","none","none"
"827","R_2BfBwPVwBWatGCU","tennessee","none","none"
"828","R_2EiQnDG6HGwDGKI","tennessee","none","none"
"829","R_3sohdUmKZFjqB7e","tennessee","pizza","pizza"
"830","R_3kMnpExjMiwueSf","arkansas","rice","rice"
"831","R_1ifFOawgmqEThXB","louisiana","rice","rice"
"832","R_1ifFOawgmqEThXB","louisiana","sugarcane","sugarcane"
"833","R_1ifFOawgmqEThXB","louisiana","seafood","crawfish"
"834","R_2cClLJAxqPrmJZd","tennessee","soybeans","soybeans"
"835","R_5iKFiZ86opHX8rv","mississippi","soybeans","soybeans"
"836","R_eQFxpqJxH12yK2t","mississippi","soybeans","soybeans"
"837","R_1H5XTNfbBSZ35bZ","louisiana","seafood","fish"
"838","R_3EK0dkPS5volOQr","missouri","none","none"
"839","R_1K9L4jwLbV8wF7g","mississippi","none","none"
"840","R_3O6PIGo00c8bvEh","louisiana","sugarcane","sugarcane"
"841","R_sjSxqLVJHNfM1wJ","arkansas","rice","rice"
"842","R_29tCLBCFdCF1rRP","tennessee","none","none"
"843","R_1IZuzYOlLRLXwS4","arkansas","rice","rice"
"844","R_1IZuzYOlLRLXwS4","arkansas","corn","corn"
"845","R_1IZuzYOlLRLXwS4","arkansas","apple","apple"
"846","R_9Ym5ivf7WogX2hP","missouri","barbecue","barbecue"
"847","R_Yc8iLljOh5sPA8V","mississippi","beef","beef"
"848","R_Yc8iLljOh5sPA8V","mississippi","soybeans","soybeans"
"849","R_2QxkSOpWukQ6C62","tennessee","corn","corn"
"850","R_2E78HzP91Qepzi8","missouri","cotton","cotton"
"851","R_2VPxlmUUJdOhM45","tennessee","cotton","cotton"
"852","R_3MAv197S4tjDiZj","louisiana","seafood","crawfish"
"853","R_eKCPT0tvZjhwLuh","arkansas","none","none"
"854","R_1mQn9pwHnFUSBGk","tennessee","rice","rice"
"855","R_1rqZUfnyuTaFujk","tennessee","rice","rice"
"856","R_3k6ezuYlQuU9l6o","arkansas","rice","rice"
"857","R_3k6ezuYlQuU9l6o","arkansas","beef","beef"
"858","R_3k6ezuYlQuU9l6o","arkansas","chicken","chicken"
"859","R_0kbIleY6XL8afpD","arkansas","corn","corn"
"860","R_3JwlYYSZeE1W9yr","louisiana","corn","corn"
"861","R_2ci5HULvZ9cLtaB","louisiana","seafood","crawfish"
"862","R_2ci5HULvZ9cLtaB","louisiana","pickledfeet","pickledfeet"
"863","R_2ci5HULvZ9cLtaB","louisiana","friedpickles","friedpickles"
"864","R_patt2PYKXtrr9Pb","missouri","none","none"
"865","R_31vhnNeNeby66kP","missouri","none","none"
"866","R_ylr9GwiuSnduXFD","tennessee","none","none"
"867","R_ThlsENFNS4mYWn7","missouri","none","none"
"868","R_UPItCs6RSZvJDkB","arkansas","rice","rice"
"869","R_1I6rl4SfsSiFDYw","louisiana","rice","rice"
"870","R_1I6rl4SfsSiFDYw","louisiana","corn","corn"
"871","R_1QyHObE9paQTFw5","tennessee","seafood","fish"
"872","R_1QyHObE9paQTFw5","tennessee","cotton","cotton"
"873","R_BxORNNsNsvr0Z57","missouri","greenbeans","greenbeans"
"874","R_2P7oZGQd5NVeqbQ","tennessee","melons","melons"
"875","R_2fqud8HYKfUtUYb","tennessee","turtle","turtle"
"876","R_10wxNXCPJa4wr7E","arkansas","none","none"
"877","R_pFtVUyIcG8RnjJT","louisiana","rice","rice"
"878","R_pFtVUyIcG8RnjJT","louisiana","sugarcane","sugarcane"
"879","R_pFtVUyIcG8RnjJT","louisiana","pecans","pecans"
"880","R_3m7QvsO60to2sLu","arkansas","cotton","cotton"
"881","R_3m7QvsO60to2sLu","arkansas","hay","hay"
"882","R_1BXZ3jO6NKx3zpK","missouri","carrots","carrots"
"883","R_10wNigAxRq3LOst","louisiana","rice","rice"
"884","R_2Wx1M3qI7peIfMT","louisiana","beer","beer"
"885","R_doFtzYy5irINTjP","missouri","corn","corn"
"886","R_2n9Amey3Gl4EKCR","arkansas","none","none"
"887","R_2P6AL2TipT9G9jA","tennessee","eggs","eggs"
"888","R_1IBp32Gy2aF9HI0","tennessee","seafood","fish"
"889","R_2uOGoax1sdSNVqd","tennessee","oranges","oranges"
"890","R_1kY9ffFOLRXPCUy","mississippi","peanuts","peanuts"
"891","R_3e4T3ArFGf5OUOp","missouri","rice","rice"
"892","R_u9xKTlcgHZjgTMR","tennessee","tobacco","tobacco"
"893","R_umQudvNcuvoM4Zb","arkansas","tomatoes","tomatoes"
"894","R_10GaptmzPokxd1Z","mississippi","corn","corn"
"895","R_RkrN5H3i2ftTnH3","arkansas","rice","rice corn sugar"
"896","R_RkrN5H3i2ftTnH3","arkansas","corn","rice corn sugar"
"897","R_RkrN5H3i2ftTnH3","arkansas","sugar","rice corn sugar"
"898","R_27qHSd125yjsXQF","louisiana","pecans","pecans"
"899","R_27qHSd125yjsXQF","louisiana","peas","peas"
"900","R_1FEucabU1JIF8RW","louisiana","corn","corn"
"901","R_1FEucabU1JIF8RW","louisiana","soybeans","soybeans"
"902","R_1FEucabU1JIF8RW","louisiana","rice","rice"
"903","R_2ALKMZRJKRguKd6","tennessee","none","none"
"904","R_2VjZ8gsrg9DJ6D3","tennessee","corn","corn"
"905","R_2VjZ8gsrg9DJ6D3","tennessee","tomatoes","tomatoes"
"906","R_2VjZ8gsrg9DJ6D3","tennessee","potatoes","potatoes"
"907","R_2VjZ8gsrg9DJ6D3","tennessee","peas","peas"
"908","R_2VjZ8gsrg9DJ6D3","tennessee","soybeans","soybeans"
"909","R_1M569FUkrsw9mqn","missouri","corn","corn"
"910","R_1M569FUkrsw9mqn","missouri","soybeans","soybeans"
"911","R_3DkBh8rYioxBmnM","mississippi","chicken","chicken"
"912","R_3DkBh8rYioxBmnM","mississippi","beef","beef"
"913","R_2YrAuvAHJ2Gliya","louisiana","potatoes","potatoes"
"914","R_3iKdZd1TWhJ7Kzq","louisiana","seafood","fish"
"915","R_PFZ8LoPETwqGYet","arkansas","apple","apple"
"916","R_1o6FXC5DFEQQJBJ","louisiana","hotdogs","hotdogs"
"917","R_1o6FXC5DFEQQJBJ","louisiana","sushi","sushi"
"918","R_by1rDxOmP8R31ex","tennessee","pie","pie"
"919","R_1ONzvy51FpvgPM6","tennessee","pie","pie"
"920","R_3JxUvWlwk2UMQHc","arkansas","pizza","pizza"
"921","R_3gTPuPxFEhfd2Fv","missouri","corn","corn"
"922","R_3exjxdpc32Lf7ZY","tennessee","mushrooms","mushrooms"
"923","R_2OVERgmImNqKdd3","tennessee","blackberries","blackberries"
"924","R_2RVOZeuWur7zDnd","louisiana","turnips","turnips"
"925","R_2wukS23HbH4TsIq","tennessee","grapes","grapes"
"926","R_u4G9N6yvxHi5QT7","arkansas","collardgreens","collardgreens turnips"
"927","R_u4G9N6yvxHi5QT7","arkansas","turnips","collardgreens turnips"
"928","R_1PUzl6AxHoJwgFH","louisiana","seafood","crawfish"
"929","R_297bZBpYYRwpKkI","missouri","onions","onions"
"930","R_2ZWAKeUWDwY3IRo","mississippi","potatoes","potatoes"
"931","R_265PWoH7WtVo0FG","tennessee","seafood","seafood"
"932","R_1GHb8RBFpSLmdgB","tennessee","corn","corn"
"933","R_2qvHoFTzYJtFBLI","mississippi","corn","corn"
"934","R_1TEkboogTI3qISt","arkansas","oranges","oranges"
"935","R_3Gr264T4Y8UEwxu","tennessee","soybeans","soybeans"
"936","R_3Hn3NlclPMgQ44s","arkansas","vegetables","vegetables"
"937","R_8CguiqQ95fHOuJz","arkansas","rice","rice"
"938","R_8CguiqQ95fHOuJz","arkansas","sweetpotatoes","sweetpotatoes"
"939","R_8CguiqQ95fHOuJz","arkansas","wheat","wheat"
"940","R_8CguiqQ95fHOuJz","arkansas","corn","corn"
"941","R_8CguiqQ95fHOuJz","arkansas","peanuts","peanuts"
"942","R_2vjrJkBj8QkfRxW","tennessee","trout","trout"
"943","R_1K7S16xxCML9LAQ","tennessee","corn","corn"
"944","R_3nqNFLJueTkjfMA","mississippi","corn","corn"
"945","R_3nqNFLJueTkjfMA","mississippi","potatoes","potatoes"
"946","R_3nqNFLJueTkjfMA","mississippi","soybeans","soybeans"
"947","R_3nqNFLJueTkjfMA","mississippi","rice","rice"
"948","R_svZqRxOslCNLMnn","louisiana","friedpickles","friedpickles"
"949","R_ZmyxYQ3rg4w7m1z","missouri","rice","rice"
"950","R_sUo8dOnkA9bqhTH","tennessee","soybeans","soybeans"
"951","R_1jfvjTihAAk7cJp","mississippi","seafood","fish"
"952","R_24rfN0CrbJzdIst","mississippi","peanuts","peanuts"
"953","R_24rfN0CrbJzdIst","mississippi","watermelon","watermelon"
"954","R_2dQKo1WH9ZCmpCO","tennessee","corn","corn"
"955","R_3oXWfr6wuZSzWcu","tennessee","none","none"
"956","R_RCRfVks64EY9ymJ","arkansas","rice","rice"
"957","R_RCRfVks64EY9ymJ","arkansas","wheat","wheat"
"958","R_RCRfVks64EY9ymJ","arkansas","soybeans","soybeans"
"959","R_RCRfVks64EY9ymJ","arkansas","corn","corn"
"960","R_2pS704iHAFyzw25","tennessee","soybeans","soybeans"
"961","R_2QyuCTka27xjy37","tennessee","corn","corn"
"962","R_ufEKrKmGONnftrH","tennessee","corn","corn"
"963","R_bOCGTH6DTq7zfZD","mississippi","corn","corn catfish"
"964","R_bOCGTH6DTq7zfZD","mississippi","catfish","corn catfish"
"965","R_3emjy90k7yEdAIJ","arkansas","cotton","cotton"
"966","R_22K6hmPDvYSU76u","mississippi","rice","rice"
"967","R_1mrsKv5b0sroiOB","missouri","rice","rice"
"968","R_2wEnMAMD1SNuNnR","tennessee","pawpaws","pawpaws"
"969","R_9Buc5KeYqgVTpAd","arkansas","pecans","pecans"
"970","R_3n3fbKo5BRfWsuy","missouri","friedpickles","friedpickles"
"971","R_3PYTL0EHiCCEjOJ","mississippi","corn","corn"
"972","R_3D8iREKD2ndyQMh","tennessee","meat","meat"
"973","R_3D8iREKD2ndyQMh","tennessee","pork","pork"
"974","R_3qDRZ8RX9JRhFam","louisiana","corn","corn"
"975","R_0pKeThkFrVBxQlP","missouri","soybeans","soybeans"
"976","R_29tQaQDmTpoft8i","arkansas","berries","berries"
"977","R_3qBvl1OaOuOJHMV","missouri","mexican","mexican"
"978","R_T2iz7mLxJm5EpW1","tennessee","bread","bread"
"979","R_3ltBo4OPETnVp6E","louisiana","pizza","pizza"
"980","R_1cY8RiH76ootRkt","mississippi","friedpickles","friedpickles"
"981","R_1EKfjz6mbC4XbwJ","arkansas","pizza","pizza
donut"
"982","R_1EKfjz6mbC4XbwJ","arkansas","donut","pizza
donut"
"983","R_3fWcYeRi1QuVqsU","tennessee","rice","rice"
"984","R_3fWcYeRi1QuVqsU","tennessee","fruit","fruit"
"985","R_1C3ZWh4ZWJbPMtP","louisiana","seafood","seafood"
"986","R_21oHtCaePGVeLKi","mississippi","apple","apple pizza fruit"
"987","R_21oHtCaePGVeLKi","mississippi","pizza","apple pizza fruit"
"988","R_21oHtCaePGVeLKi","mississippi","fruit","apple pizza fruit"
"989","R_28YsPKhOtU2TjBj","tennessee","none","none"
"990","R_3fBMUvEf4aKEy1u","tennessee","pork","pork"
"991","R_ZfslHiRQrjVyy4x","tennessee","soybeans","soybeans"
"992","R_ZfslHiRQrjVyy4x","tennessee","tomatoes","tomatoes"
"993","R_ZfslHiRQrjVyy4x","tennessee","corn","corn"
"994","R_XY7Q7zG7PDjCbNn","tennessee","seafood","shrimp"
"995","R_1IZySR5zrpWiaAD","louisiana","jambalaya","jambalaya gumbo etouffee"
"996","R_1IZySR5zrpWiaAD","louisiana","gumbo","jambalaya gumbo etouffee"
"997","R_1IZySR5zrpWiaAD","louisiana","etouffee","jambalaya gumbo etouffee"
"998","R_tVuFgWElt0LqHkt","tennessee","gumbo","gumbo"
"999","R_2wcrhuV8kMZNqi2","arkansas","rice","rice"
"1000","R_2b1ddSooSHlzk0Q","tennessee","wheat","wheat"
"1001","R_SW4fKQ3C2ul3Xrj","mississippi","carrots","carrots"
"1002","R_1PXEfHZsDmeQ9oo","mississippi","seafood","fish"
"1003","R_3HYR56Jl464vj8t","mississippi","chicken","chicken"
"1004","R_3qVe6xHXR66c1ZP","arkansas","corn","corn"
"1005","R_2xRe8k40ezkl3ZW","louisiana","corn","corn"
"1006","R_2UbdyLMUEmHcG1c","mississippi","corn","corn"
"1007","R_2UbdyLMUEmHcG1c","mississippi","wheat","wheat"
"1008","R_2UbdyLMUEmHcG1c","mississippi","rice","rice"
"1009","R_pMLTKGDMxNUswdr","arkansas","cotton","cotton"
"1010","R_O1MyMY0LD1xHEJz","missouri","greens","greens"
"1011","R_3JqppVlA6hTZSRt","tennessee","none","none"
"1012","R_1DRPB20YxaudWUK","arkansas","peanuts","peanuts"
"1013","R_2CrhNIZ4jRJMOKS","arkansas","rice","rice"
"1014","R_3JZdgRpmUjHxZu1","tennessee","rice","rice"
"1015","R_3JZdgRpmUjHxZu1","tennessee","corn","corn"
"1016","R_3JZdgRpmUjHxZu1","tennessee","tomatoes","tomatoes"
"1017","R_RIiRQt56ZOzKRNf","mississippi","sauce","sauce"
"1018","R_2ZIWlpbtndm4qHy","louisiana","seafood","shrimp"
"1019","R_2cuRwMQrj0oM1LS","missouri","soybeans","soybeans"
"1020","R_3I6JL9ZStAAIkcK","missouri","soybeans","soybeans"
"1021","R_2hED6WsGILnd5OF","tennessee","none","none"
"1022","R_3J7NUt2ryaL4N2B","arkansas","wheat","wheat"
"1023","R_eXwcdef8gIHtAQh","arkansas","burgers","burgers"
"1024","R_12cgXgXECvaUfoU","arkansas","seafood","fish"
"1025","R_3sntKMxSMTRxjdY","mississippi","seafood","fish"
"1026","R_cO64kGujX28elWh","tennessee","corn","corn"
"1027","R_29npj87jlBJ09lG","missouri","corn","corn"
"1028","R_3k7WXVfvL459v1V","missouri","corn","corn"
"1029","R_3k7WXVfvL459v1V","missouri","wheat","wheat"
"1030","R_sCrQrzK8xBT8HJv","missouri","corn","corn"
"1031","R_sCrQrzK8xBT8HJv","missouri","soybeans","soybeans"
"1032","R_sCrQrzK8xBT8HJv","missouri","wheat","wheat"
"1033","R_6M8s67NHYnApybT","tennessee","onions","onions"
"1034","R_Tn0lqFXOJzI8prP","tennessee","oranges","oranges"
"1035","R_10xhhd6ngBHDjae","arkansas","potatoes","potatoes"
"1036","R_ufzEy7K9IZqiOIx","tennessee","pumpkin","pumpkin"
"1037","R_2Y9WX8bQ6KXigAK","arkansas","rice","rice"
"1038","R_33vFQB5jEj620a0","arkansas","soybeans","soybeans"
"1039","R_30629J5gM0Tgq5c","tennessee","beef","beef"
"1040","R_3hyy5oj3IGhFPCe","missouri","tomatoes","tomatoes"
"1041","R_12bt0ySHg7uwbMc","tennessee","tomatoes","tomatoes"
"1042","R_29nx3yOWxem9FhM","arkansas","wheat","wheat"
"1043","R_1Ce8bOelNUaRKqN","mississippi","soybeans","soybeans"
"1044","R_1Ce8bOelNUaRKqN","mississippi","corn","corn"
"1045","R_1Ce8bOelNUaRKqN","mississippi","seafood","fish"
"1046","R_2YQVIIvLfoRUYqa","tennessee","barbecue","barbecue"
"1047","R_uxCuBdA4vGHZSGR","tennessee","potatoes","potatoes"
"1048","R_uxCuBdA4vGHZSGR","tennessee","squash","squash"
"1049","R_uxCuBdA4vGHZSGR","tennessee","soybeans","soybeans"
"1050","R_uxCuBdA4vGHZSGR","tennessee","corn","corn"
"1051","R_uxCuBdA4vGHZSGR","tennessee","peas","peas"
"1052","R_3iyeio3nTxcV9si","tennessee","soybeans","soybeans"
"1053","R_3hnCEpEFjtrOp9f","louisiana","mudpie","mudpie"
"1054","R_2rDd4fG0HZzXHhv","louisiana","wheat","wheat"
"1055","R_1NhrDSM9fRsNK7e","tennessee","wheat","wheat"
"1056","R_esWoe6fk7Y1xfkB","tennessee","cake","cake"
"1057","R_esWoe6fk7Y1xfkB","tennessee","cupcakes","cupcakes"
"1058","R_esWoe6fk7Y1xfkB","tennessee","sodas","sodas"
"1059","R_7V4fQEd6kfuZRvj","arkansas","vegetables","vegetables"
"1060","R_2ClWYZTT61PWsXZ","missouri","toasted","toasted ravioli"
"1061","R_2ClWYZTT61PWsXZ","missouri","ravioli","toasted ravioli"
"1062","R_2ZQhvScwRijVFWf","tennessee","seafood","seafood"
"1063","R_2ZQhvScwRijVFWf","tennessee","mudpie","mudpie"
"1064","R_1ieTRiVx5QGLavl","louisiana","chicken","chicken"
"1065","R_2PbYtZruzOdH0j8","mississippi","tomatoes","tomatoes"
"1066","R_27OPWzuwHSaFzlZ","missouri","soybeans","soybeans"
"1067","R_OI5yWWTacpDFTeV","tennessee","tacos","tacos sweetcorn"
"1068","R_OI5yWWTacpDFTeV","tennessee","sweetcorn","tacos sweetcorn"
"1069","R_23Tzt6ZkzoeMlxf","louisiana","oranges","oranges"
"1070","R_23Tzt6ZkzoeMlxf","louisiana","peaches","peaches"
"1071","R_elf7qoqfDOc7OBX","louisiana","seafood","crawfish"
"1072","R_1pJQnokE2ogUx2R","arkansas","soybeans","soybeans"
"1073","R_1fdY1GpvAA9hRHz","louisiana","biscuit","biscuit"
"1074","R_2Ya1kJ016DnUyj3","mississippi","seafood","fish"
"1075","R_2Ya1kJ016DnUyj3","mississippi","corn","corn"
"1076","R_2Ya1kJ016DnUyj3","mississippi","greens","greens"
"1077","R_30uTmIDxBkXZOeZ","arkansas","corn","corn"
"1078","R_3ejWSDFMikVdgy7","missouri","corn","corn"
"1079","R_3HhQeukxFPKVRmQ","missouri","corn","corn"
"1080","R_TcLB5qYjnYWz4K5","mississippi","corn","corn
rice"
"1081","R_TcLB5qYjnYWz4K5","mississippi","rice","corn
rice"
"1082","R_TiP1dDB2ZiRXGdX","tennessee","cotton","cotton"
"1083","R_1kM3pX7a8HFGmAm","arkansas","cotton","cotton"
"1084","R_1kM3pX7a8HFGmAm","arkansas","rice","rice"
"1085","R_R3Hj1QoFwQoOWnn","tennessee","cotton","cotton"
"1086","R_R3Hj1QoFwQoOWnn","tennessee","soybeans","soybeans"
"1087","R_R3Hj1QoFwQoOWnn","tennessee","rice","rice"
"1088","R_1Cmz5YQ3lJRVwmm","louisiana","seafood","crawfish
shrimp"
"1089","R_1Cmz5YQ3lJRVwmm","louisiana","seafood","crawfish
shrimp"
"1090","R_1polefTrnrGwQF2","louisiana","grains","grains"
"1091","R_2QYbqaLUDoObjDH","louisiana","none","none"
"1092","R_bmyqnoqTVdTZHG1","arkansas","none","none"
"1093","R_2WOJED2rumUKlul","louisiana","okra","okra"
"1094","R_2WOJED2rumUKlul","louisiana","seafood","fish"
"1095","R_22zgCmLQCV40HaR","tennessee","peanuts","peanuts"
"1096","R_yLcxCAumyvbwkN3","missouri","peanuts","peanuts"
"1097","R_2zFNhgKu7LYWVhj","tennessee","persimmons","persimmons"
"1098","R_33v5NOeuu1S6Df6","arkansas","potatoes","potatoes"
"1099","R_1St9MjBrhMordZv","louisiana","raisin","raisin"
"1100","R_2QnFkE2yXZO6znu","louisiana","rice","rice"
"1101","R_2rjAaWJknOfOwjZ","louisiana","rice","rice"
"1102","R_1OTEkgryVeYZdVn","arkansas","rice","rice"
"1103","R_1LYyEz6BEJtYmMB","arkansas","rice","rice"
"1104","R_1DqjrNnbp8IjIs9","tennessee","rice","rice"
"1105","R_3OqO7APzCnnXseD","missouri","rice","rice"
"1106","R_DGKfa2nOlROrvFL","tennessee","rice","rice"
"1107","R_OoLI5Jd2NaLpHvH","arkansas","rice","rice"
"1108","R_1OppmAYCdGPWp3B","tennessee","rice","rice"
"1109","R_2y8l9qBBNhjDLmI","arkansas","rice","rice"
"1110","R_3iCgHu089veOJ5p","tennessee","rice","rice"
"1111","R_3iCgHu089veOJ5p","tennessee","cocoa","cocoa"
"1112","R_3iCgHu089veOJ5p","tennessee","cotton","cotton"
"1113","R_3syJPqSeVn9ozUJ","arkansas","rice","rice"
"1114","R_3syJPqSeVn9ozUJ","arkansas","cotton","cotton"
"1115","R_3syJPqSeVn9ozUJ","arkansas","soybeans","soybeans"
"1116","R_1oHblzScyFS4GTp","louisiana","seafood","shrimp"
"1117","R_3DbcfRc0bXEXd6s","missouri","sorghum","sorghum"
"1118","R_1daFOAQ5ORrnIJ7","arkansas","soybeans","soybeans cotton corn"
"1119","R_1daFOAQ5ORrnIJ7","arkansas","cotton","soybeans cotton corn"
"1120","R_1daFOAQ5ORrnIJ7","arkansas","corn","soybeans cotton corn"
"1121","R_3qPEjXzjrge1GhE","arkansas","soybeans","soybeans"
"1122","R_3lYLdXMnQPlCm0z","missouri","wheat","wheat"
"1123","R_3Rr0vKd80X4lAcs","tennessee","wheat","wheat"
"1124","R_3Rr0vKd80X4lAcs","tennessee","cotton","cotton"
"1125","R_1i8u2elgeP8eVdL","tennessee","greens","greens"
"1126","R_9Bl1qM7NMojLSil","tennessee","pasta","pasta pumpkin"
"1127","R_9Bl1qM7NMojLSil","tennessee","pumpkin","pasta pumpkin"
"1128","R_30wWIQWURlvdpsS","mississippi","soybeans","soybeans"
"1129","R_1Ne7RectRRf3afa","arkansas","rice","rice"
"1130","R_1Ne7RectRRf3afa","arkansas","chicken","chicken"
"1131","R_xbFMjvpFpkpsfuh","arkansas","mudpie","mudpie"
"1132","R_xbFMjvpFpkpsfuh","arkansas","friedpickles","friedpickles"
"1133","R_xbFMjvpFpkpsfuh","arkansas","deltatamales","deltatamales"
"1134","R_xbFMjvpFpkpsfuh","arkansas","poboy","poboy"
"1135","R_33dMkFi9GKXOGYa","arkansas","rice","rice soybeans"
"1136","R_33dMkFi9GKXOGYa","arkansas","soybeans","rice soybeans"
"1137","R_3HnvhYTxsoe0Z58","arkansas","beans","beans rice"
"1138","R_3HnvhYTxsoe0Z58","arkansas","rice","beans rice"
"1139","R_2B8QoMKVAbCVJCY","tennessee","cotton","cotton
soybeans"
"1140","R_2B8QoMKVAbCVJCY","tennessee","soybeans","cotton
soybeans"
"1141","R_1MLCwDPA3NFcpTc","missouri","soybeans","soybeans"
"1142","R_1MLCwDPA3NFcpTc","missouri","corn","corn"
"1143","R_1MLCwDPA3NFcpTc","missouri","sorghum","sorghum"
"1144","R_1MLCwDPA3NFcpTc","missouri","rice","rice"
"1145","R_1MLCwDPA3NFcpTc","missouri","wheat","wheat"
"1146","R_2PaEAIdKDAf8nUG","mississippi","soybeans","soybeans"
"1147","R_BPc2lAt58boKCfn","tennessee","seafood","fish"
"1148","R_10TbaarGVWWzhWB","missouri","flautas","flautas"
"1149","R_2y1ouONgcAR7pIU","louisiana","peanuts","peanuts"
"1150","R_O2tXVFgEzDrxn2x","tennessee","sausage","sausage"
"1151","R_2rSo914gzzZZ74t","arkansas","seafood","seafood"
"1152","R_1isbtleHpDelD8w","tennessee","sausage","sausage"
"1153","R_9QYBlLgfSDEPVYd","tennessee","seafood","fish"
"1154","R_3knZ7ip29wvxTHM","tennessee","chicken","chicken"
"1155","R_3ixR9H5r6M4itUV","louisiana","corn","corn"
"1156","R_eycnZy22i09EWw9","tennessee","seafood","fish"
"1157","R_2zhTySUfBbUpmrJ","missouri","seafood","fish"
"1158","R_33jQVOs93Nesc3t","louisiana","seafood","seafood"
"1159","R_uq7ZmFdWVxuPmMx","arkansas","trout","trout"
"1160","R_2ClffJfUtgxNcUz","mississippi","soulfood","soulfood"
"1161","R_3Pug1hLjw7yT4Cc","louisiana","seafood","fish"
"1162","R_DBIspAiyPwab5yF","tennessee","seafood","fish"
"1163","R_PYWoW33h5suvNeN","louisiana","cotton","cotton"
"1164","R_1pmlG5tkoY74PJc","mississippi","seafood","crawfish"
"1165","R_1ouuVeb9wBLt4WP","louisiana","seafood","crawfish"
"1166","R_3UaZxlDBIoHqGXL","arkansas","seafood","fish"
"1167","R_2Sjdx6kp7CAjA8Q","louisiana","seafood","fish"
"1168","R_2Sjdx6kp7CAjA8Q","louisiana","seafood","shrimp"
"1169","R_2Sjdx6kp7CAjA8Q","louisiana","oysters","oysters"
"1170","R_2Sjdx6kp7CAjA8Q","louisiana","crayfish","crayfish"
"1171","R_2fAG0HNq0jDdJ58","louisiana","seafood","fish"
"1172","R_ywLLM5hf50Bqtwd","louisiana","seafood","shrimp"
"1173","R_ywLLM5hf50Bqtwd","louisiana","seafood","crawfish"
"1174","R_ywLLM5hf50Bqtwd","louisiana","cotton","cotton"
"1175","R_23dV9ear4S6W6fJ","arkansas","seafood","crawfish"
"1176","R_23dV9ear4S6W6fJ","arkansas","seafood","fish"
"1177","R_1FrCEvz8nSq3hGm","mississippi","seafood","fish"
"1178","R_1FrCEvz8nSq3hGm","mississippi","soybeans","soybeans"
"1179","R_1FrCEvz8nSq3hGm","mississippi","rice","rice"
"1180","R_1FrCEvz8nSq3hGm","mississippi","blueberries","blueberries"
"1181","R_4122pULWc2xS29H","missouri","pork","pork"
"1182","R_w0pWeIZ2JrApeRr","tennessee","corn","corn"
"1183","R_XU14LyhgEI1np9n","missouri","corn","corn"
"1184","R_2SfaKSu6fPRKT7v","missouri","wheat","wheat"
"1185","R_3qmFy0RMtqnE2hH","arkansas","rice","rice"
"1186","R_3a92ut2TIwNOaGJ","arkansas","corn","corn"
"1187","R_8BRHMUYOoWNBh6x","arkansas","cotton","cotton"
"1188","R_8BRHMUYOoWNBh6x","arkansas","soybeans","soybeans"
"1189","R_8BRHMUYOoWNBh6x","arkansas","rice","rice"
"1190","R_2fEcf88mdq0zmbQ","mississippi","msseafood","msseafood"
"1191","R_e2P9tSW1Xux7pAd","tennessee","sugarcane","sugarcane"
"1192","R_p4vn9sBKaFK2KLT","mississippi","corn","corn"
"1193","R_1hA1HfyZPcfmguv","louisiana","dumpling","dumpling coffee lemonade"
"1194","R_1hA1HfyZPcfmguv","louisiana","coffee","dumpling coffee lemonade"
"1195","R_1hA1HfyZPcfmguv","louisiana","lemonade","dumpling coffee lemonade"
"1196","R_12L7keWAk04rKcv","missouri","corn","corn watermelon"
"1197","R_12L7keWAk04rKcv","missouri","watermelon","corn watermelon"
"1198","R_324uk4cTGnhJUiH","arkansas","rice","rice"
"1199","R_3EAPJUPq6iYpe7C","mississippi","blueberries","blueberries"
"1200","R_1Q6EU7McUiSRU1B","tennessee","oranges","oranges"
"1201","R_2ctryJJhfMG9AoT","tennessee","soybeans","soybeans"
"1202","R_2ctryJJhfMG9AoT","tennessee","greenbeans","greenbeans"
"1203","R_2ctryJJhfMG9AoT","tennessee","corn","corn"
"1204","R_2zu0Iw5YWCLbMP7","tennessee","corn","corn"
"1205","R_ph0Xz7Rf2l6njhf","missouri","grapes","grapes"
"1206","R_3qpuiYKBzHqS7rs","tennessee","tomatoes","tomatoes"
"1207","R_3Mta16ymTMQQ45l","louisiana","cotton","cotton
soybeans
corn"
"1208","R_3Mta16ymTMQQ45l","louisiana","soybeans","cotton
soybeans
corn"
"1209","R_3Mta16ymTMQQ45l","louisiana","corn","cotton
soybeans
corn"
"1210","R_27UzGYLnPDfwslv","mississippi","corn","corn"
"1211","R_27UzGYLnPDfwslv","mississippi","soybeans","soybeans"
"1212","R_0TzECTxZlbliAfL","tennessee","macncheese","macncheese"
"1213","R_2ck0x4a8FLfzcLY","louisiana","apple","apple"
"1214","R_2EhkwbSxVLbp3xY","louisiana","cotton","cotton"
"1215","R_2YrIhpK1cY8A98T","missouri","cotton","cotton"
"1216","R_1eQtLDElrZBL8Gx","tennessee","peanuts","peanuts"
"1217","R_yL16Z5mwD4gD31L","louisiana","corn","corn rice"
"1218","R_yL16Z5mwD4gD31L","louisiana","rice","corn rice"
"1219","R_2wsP7J3pL4IMvdp","louisiana","rice","rice"
"1220","R_1P1nlgguC7Nn7ai","louisiana","sugarcane","sugarcane"
"1221","R_3FOQ1V1QnRZ7DPm","tennessee","none","none"
"1222","R_2ZUDWO2tEMtiygM","mississippi","seafood","fish"
"1223","R_2VdxnJ51QUjKclB","mississippi","salad","salad"
"1224","R_Ab17VcFbcI4gs9z","arkansas","beef","beef"
"1225","R_qzj301FtMNDALFD","tennessee","cotton","cotton"
"1226","R_1OHWnikBfl6x43q","tennessee","soybeans","soybeans"
"1227","R_u9u42dingARf7r3","louisiana","cotton","cotton rice"
"1228","R_u9u42dingARf7r3","louisiana","rice","cotton rice"
"1229","R_Q3z782jYfKB3acV","tennessee","cotton","cotton"
"1230","R_2AF0QuSuZAW1Wnz","missouri","watermelon","watermelon"
"1231","R_2AF0QuSuZAW1Wnz","missouri","peanuts","peanuts"
"1232","R_3Phlc9NmQD37PHa","mississippi","corn","corn"
"1233","R_2EcbB4IJAdojjP3","louisiana","seafood","crawfish"
"1234","R_2EcbB4IJAdojjP3","louisiana","rice","rice"
"1235","R_1dzXszLgz01cjv2","louisiana","corndogs","corndogs"
"1236","R_bPgcN9O1rljBXc5","tennessee","seafood","seafood"
"1237","R_pcOsDV2oRnBaHuN","louisiana","seafood","crawfish"
"1238","R_3GB863XqOFpfQdb","arkansas","rice","rice"
"1239","R_2as0DXjdeUninzP","tennessee","cotton","cotton"
"1240","R_p5B39bpjQRmquHL","tennessee","potatoes","potatoes"
"1241","R_2yfJjRh0nbY5PN9","missouri","vegetables","vegetables"
"1242","R_2RajRQwrkseIjYl","tennessee","corn","corn soybeans"
"1243","R_2RajRQwrkseIjYl","tennessee","soybeans","corn soybeans"
"1244","R_25YBYIhehhqSVRr","mississippi","lettuce","lettuce"
"1245","R_2XhrmHZ0dA0WM5E","tennessee","seafood","fish"
"1246","R_2wjz3XUy5x76h8D","missouri","corn","corn"
"1247","R_2qfIb567uk9fqwk","mississippi","corn","corn"
"1248","R_1OgF9Dpr8UCG6R3","arkansas","corn","corn"
"1249","R_ToVup6hcvBuqNax","louisiana","corn","corn"
"1250","R_3iQn0OEuv2oOqa4","missouri","cotton","cotton"
"1251","R_2TTUKmTX9T16bZe","louisiana","greenbeans","greenbeans"
"1252","R_2TTUKmTX9T16bZe","louisiana","corn","corn"
"1253","R_Bzv1ey3WDqqFqCd","arkansas","rice","rice"
"1254","R_VI1PJynkp6EC6LT","mississippi","seafood","seafood"
"1255","R_1ir5b1JlHPuQIXS","tennessee","soybeans","soybeans"
"1256","R_ukuiQugT4jACMiR","arkansas","soybeans","soybeans"
"1257","R_2QoBfgBwQIoEQv4","louisiana","sugarcane","sugarcane"
"1258","R_1oC5gphJyvFggNr","missouri","sweetpotatoes","sweetpotatoes 
wheat
corn
tomatoes"
"1259","R_1oC5gphJyvFggNr","missouri","wheat","sweetpotatoes 
wheat
corn
tomatoes"
"1260","R_1oC5gphJyvFggNr","missouri","corn","sweetpotatoes 
wheat
corn
tomatoes"
"1261","R_1oC5gphJyvFggNr","missouri","tomatoes","sweetpotatoes 
wheat
corn
tomatoes"
"1262","R_3lQYhuygOqdAFge","missouri","corn","corn
wheat
soybeans"
"1263","R_3lQYhuygOqdAFge","missouri","wheat","corn
wheat
soybeans"
"1264","R_3lQYhuygOqdAFge","missouri","soybeans","corn
wheat
soybeans"
"1265","R_pa7OfZ09p8ePTrj","mississippi","friedpickles","friedpickles"
"1266","R_3HBpta9Skb8VW5R","tennessee","none","none"
"1267","R_12xmxEfm3YPcLNO","louisiana","alligator","alligator"
"1268","R_dcaXfnkag8lBTah","arkansas","pork","pork"
"1269","R_55zNcw17txtdLQB","tennessee","none","none"
"1270","R_XoeKWz5ffgHWoJr","tennessee","wheat","wheat"
"1271","R_2B9yZf592XNtZ33","missouri","countryfriedsteak","countryfriedsteak"
"1272","R_27rIRDi4DAaiqKG","arkansas","rice","rice"
"1273","R_27rIRDi4DAaiqKG","arkansas","seafood","fish"
"1274","R_27rIRDi4DAaiqKG","arkansas","soybeans","soybeans"
"1275","R_27lONjEj5UNz21N","tennessee","cotton","cotton"
"1276","R_3lzU10J7qUWcUav","arkansas","bison","bison"
"1277","R_1FxqOQorZlhK2fV","louisiana","corn","corn"
"1278","R_2uDj4ZbKoXfDuJL","tennessee","rice","rice"
"1279","R_6WMTRCdcFv14ps5","arkansas","mcdonalds,","mcdonalds, chicken"
"1280","R_6WMTRCdcFv14ps5","arkansas","chicken","mcdonalds, chicken"
"1281","R_Rqx3uE7GFfAHf8d","tennessee","beverages","beverages products"
"1282","R_Rqx3uE7GFfAHf8d","tennessee","products","beverages products"
"1283","R_1gRyGrSbm3gZ4EP","louisiana","none","none"
"1284","R_1l3N3IYJlOSYc9Q","tennessee","cotton","cotton"
"1285","R_b2gUM9E2G6LHpbr","tennessee","none","none"
"1286","R_1jMWFFEmz9xtWWN","missouri","corn","corn"
"1287","R_3PdUzA5LJDxMucJ","mississippi","seafood","fish"
"1288","R_PFk3GUxac87i8uZ","arkansas","rice","rice"
"1289","R_1pzfbDPo62EZfZ2","missouri","corn","corn"
"1290","R_1meN6BakUX0Uaf9","tennessee","soybeans","soybeans"
"1291","R_Y5HlWvIxB9VWlZ7","arkansas","cotton","cotton"
"1292","R_26hCrQRrsv6SauV","missouri","grains","grains proteins vegetables"
"1293","R_26hCrQRrsv6SauV","missouri","proteins","grains proteins vegetables"
"1294","R_26hCrQRrsv6SauV","missouri","vegetables","grains proteins vegetables"
"1295","R_26hCrQRrsv6SauV","missouri","fruit","fruit"
"1296","R_33wr7xWybAea3NX","louisiana","noodles","noodles"
"1297","R_2ZP3utcPPPu6zUf","arkansas","rice","rice"
"1298","R_263dDpOvNMktQCj","tennessee","soybeans","soybeans"
"1299","R_3I3mrm9rCgLKQLL","mississippi","watermelon","watermelon"
"1300","R_2w0Qp9cZqKvRYAE","louisiana","corn","corn"
"1301","R_32WOxCRjhGxvVdG","louisiana","seafood","crawfish"
"1302","R_0PrtSBkNzq88zrH","tennessee","beef","beef"
"1303","R_0PrtSBkNzq88zrH","tennessee","pork","pork"
"1304","R_72mRqQwgIQglPEJ","louisiana","rice","rice"
"1305","R_72mRqQwgIQglPEJ","louisiana","sugarcane","sugarcane"
"1306","R_72mRqQwgIQglPEJ","louisiana","seafood","fish"
"1307","R_1GwrehPYBDWHW9L","louisiana","pizza","pizza"
"1308","R_5pOMV66IY7hWt2N","tennessee","seafood","fish"
"1309","R_3kBS2DUsFP5YX2s","tennessee","greens","greens"
"1310","R_1j8IcVWj1SRrfti","louisiana","beef","beef"
"1311","R_1j8IcVWj1SRrfti","louisiana","pork","pork"
"1312","R_1j8IcVWj1SRrfti","louisiana","chicken","chicken"
"1313","R_3j3eUrEPgNfUE0g","arkansas","wheat","wheat"
"1314","R_3O1gOJFvkcxr5jM","missouri","apple","apple"
"1315","R_3O1gOJFvkcxr5jM","missouri","oranges","oranges"
"1316","R_3O1gOJFvkcxr5jM","missouri","grapes","grapes"
"1317","R_24MdRWLEouqKk5w","mississippi","soybeans","soybeans"
"1318","R_10OzrHFTXfvbGGx","louisiana","seafood","fish"
"1319","R_2CkOQrwmIZClWuk","missouri","corn","corn"
"1320","R_1Hkr1Uv0BtlahnZ","tennessee","corn","corn"
"1321","R_t0bCrgmpNDwUXip","arkansas","corn","corn"
"1322","R_1gndPBgWrf38UwP","missouri","corn","corn"
"1323","R_1dv7buEm7vwk1Ai","tennessee","pineapple","pineapple"
"1324","R_33D8IiqhGl2bkHj","tennessee","apple","apple"
"1325","R_1OqWR0dViYQyEhR","missouri","seafood","fish"
"1326","R_2xJNlXwFKmpiV9U","arkansas","cheese","cheese"
"1327","R_1NnrfqVRM3Z8tl6","tennessee","corn","corn"
"1328","R_1esHKlxjqHaKzyz","louisiana","mustardgreens","mustardgreens"
"1329","R_Oxvjk0gnLV8SipX","missouri","none","none"
"1330","R_1QLqol7EgmuwHvz","missouri","ribs","ribs"
"1331","R_1jlJIrFIrAGTCjU","arkansas","rice","rice"
"1332","R_3fcy8Y9swJkPOF6","arkansas","rice","rice"
"1333","R_x0izX6cUsGoZNe1","tennessee","tomatoes","tomatoes"
"1334","R_3P4AuiThPHmrJAW","missouri","wheat","wheat"
"1335","R_24GiVORFR7Tsbz0","arkansas","rice","rice"
"1336","R_AFoR0tdVW7lLgWZ","louisiana","ducksoup","ducksoup"
"1337","R_1IXyEBwvmb3larz","missouri","none","none"
"1338","R_1F54XIi38wMJqbC","missouri","beef","beef"
"1339","R_3R2hOCKQQeFXTSC","louisiana","corn","corn"
"1340","R_2wiNKZ8CoYJQVTE","tennessee","corn","corn"
"1341","R_3hxWc2sU6Ud8lgt","missouri","corn","corn"
"1342","R_22Qx4pwpnh2wXpm","arkansas","corn","corn"
"1343","R_3p0hqLqOygfVqYr","missouri","corn","corn"
"1344","R_1FzH2vEER13KHaT","missouri","cotton","cotton"
"1345","R_3fZQosDLolAf87N","louisiana","seafood","crawfish"
"1346","R_yDaRC1qKXIiPjLb","missouri","none","none"
"1347","R_31NlWEVEi4pIsyx","louisiana","pecans","pecans"
"1348","R_1r6RCTRfecBuLx9","missouri","pork","pork"
"1349","R_2Ev0lPSChRcXP0t","arkansas","potatoes","potatoes"
"1350","R_YVMCQVJ2zEYioKd","louisiana","rice","rice"
"1351","R_QmlSbUxyR5GqvU5","arkansas","rice","rice"
"1352","R_3mleHyPUAQio6Z6","arkansas","rice","rice corn"
"1353","R_3mleHyPUAQio6Z6","arkansas","corn","rice corn"
"1354","R_1RjwiOAbVjDao2B","missouri","seafood","shrimp"
"1355","R_71XgKUL50Nb1xVD","arkansas","sorghum","sorghum"
"1356","R_w1v7UzteINXFI2d","missouri","soybeans","soybeans"
"1357","R_2yrulvglhgzIcum","tennessee","soybeans","soybeans corn"
"1358","R_2yrulvglhgzIcum","tennessee","corn","soybeans corn"
"1359","R_2c62H2feeBJRorb","missouri","soybeans","soybeans"
"1360","R_29ao0LyQ2WCwPOr","arkansas","tobacco","tobacco"
"1361","R_3hyWFAciEAdO8oZ","tennessee","wheat","wheat"
"1362","R_3IbEegjmu3v19LS","tennessee","corn","corn"
"1363","R_2VwI5N8y43EbhAN","mississippi","corn","corn"
"1364","R_YVMqM9G62VKY8Nz","arkansas","rice","rice"
"1365","R_YVMqM9G62VKY8Nz","arkansas","sausage","sausage"
"1366","R_2aKoM56QpDqA95m","tennessee","soybeans","soybeans"
"1367","R_1GWjAxOPfb3NoIH","missouri","seafood","fish"
"1368","R_1GWjAxOPfb3NoIH","missouri","seafood","shrimp"
"1369","R_1GWjAxOPfb3NoIH","missouri","rice","rice"
"1370","R_1dtM3azbc02wyEl","louisiana","salmon","salmon"
"1371","R_DC7slCmcfOkh74R","tennessee","vegetables","vegetables"
"1372","R_5jqbAjNw9Rf80xP","mississippi","pecans","pecans"
"1373","R_2fJ539y0ktTCGlr","tennessee","pecans","pecans"
"1374","R_Tn4XSviNQJh98A1","arkansas","ramps","ramps"
"1375","R_3qIPxBLDOpcNk9S","mississippi","beer","beer"
"1376","R_1CrTxfpWbY4bx7b","tennessee","tomatoes","tomatoes"
