ResponseId,cornd,cornd_high,cornd_low,melond,melond_high,melond_low,taterd,taterd_high,taterd_low,riced,riced_high,riced_low,materd,materd_high,materd_low,melonb,melonb_high,melonb_low,cornb,cornb_high,cornb_low,taterb,taterb_high,taterb_low,rice ,rice_high,rice_low,materb,materb_high ,materb_low 
R_1LddAN6im3pOUvf,2,2,,2,1,,2,2,,1,,1,2,1,,,,,,,,,,,,,,,,
R_52WtulvqMpQyvUf,,,,,,,,,,,,,,,,1,,2,1,,2,2,1,,1,,2,1,,2
R_3F3Yyi4HEUoNqxA,,,,,,,,,,,,,,,,2,1,,2,2,,2,2,,2,2,,2,2,
R_5QpliojDexqLbTb,2,1,,2,1,,2,1,,2,2,,2,1,,,,,,,,,,,,,,,,
R_1SIM7L4W8CfFOsp,1,,2,2,2,,2,1,,1,,2,1,,2,,,,,,,,,,,,,,,
R_5uQUlIJ8JwbzpYt,,,,,,,,,,,,,,,,2,2,,2,2,,2,2,,2,2,,2,2,
R_5U9HeKZbywecS3W,,,,,,,,,,,,,,,,2,1,,2,1,,2,1,,2,1,,2,1,
R_6L6OiS0KxEZRO9P,2,2,,2,2,,2,2,,2,2,,2,2,,,,,,,,,,,,,,,,
R_6qjSlYbn9AbTkbX,2,2,,2,2,,2,2,,2,2,,2,2,,,,,,,,,,,,,,,,
R_7LYf7H0bvVM6TBL,,,,,,,,,,,,,,,,2,1,,2,2,,2,1,,2,2,,2,2,
R_13am9YQJLbeTcQx,,,,,,,,,,,,,,,,1,,2,1,,2,1,,2,1,,2,1,,2
R_5QWR2rzTjsPpi0e,2,1,,2,1,,2,1,,2,1,,2,1,,,,,,,,,,,,,,,,
R_59AYuynaOTJJT2N,,,,,,,,,,,,,,,,1,,1,1,,1,1,,1,1,,1,1,,1
R_1GPlLEvob3ahWBU,,,,,,,,,,,,,,,,2,2,,2,2,,2,1,,2,1,,2,2,
R_5QoRxqMuPcmnsIi,2,2,,2,1,,2,2,,2,1,,2,1,,,,,,,,,,,,,,,,
R_7c6o20uXIPdS29r,2,2,,2,1,,2,1,,2,1,,2,1,,,,,,,,,,,,,,,,
R_5wTWDujMMNrWnUJ,2,1,,2,1,,2,1,,2,2,,2,2,,,,,,,,,,,,,,,,
R_5DRRmUEWoAbTUcJ,2,2,,2,2,,2,2,,2,2,,2,2,,,,,,,,,,,,,,,,
R_5I4CzCoVFjrjyaB,1,,2,2,1,,2,1,,2,1,,2,1,,,,,,,,,,,,,,,,
R_1AHcRjjL9E4QcBW,,,,,,,,,,,,,,,,2,1,,2,2,,2,1,,2,1,,2,2,
R_1YRAbrRFiKq03rr,,,,,,,,,,,,,,,,2,1,,2,1,,2,2,,2,1,,2,1,
R_7FKizeTdAusFaV5,,,,,,,,,,,,,,,,2,1,,2,1,,2,1,,2,1,,1,,2
R_1Cg4QuqMF18o6Q1,,,,,,,,,,,,,,,,2,2,,2,2,,2,2,,2,1,,2,2,
R_1TTTOuhhO0phzFJ,,,,,,,,,,,,,,,,2,2,,2,2,,2,2,,2,2,,2,2,
R_6KZzNPMfp4BKKA1,,,,,,,,,,,,,,,,1,,1,1,,1,1,,1,1,,1,1,,1
R_6Y74cv9DAen6zct,,,,,,,,,,,,,,,,2,2,,2,2,,2,2,,2,2,,2,2,
R_6CsFw9TY3esODfE,2,1,,1,,2,2,1,,1,,2,2,1,,,,,,,,,,,,,,,,
R_7iOLn5iZobUm2Mn,,,,,,,,,,,,,,,,2,1,,1,,2,2,1,,1,,2,1,,2
R_6JXGsVEGIv81kcO,1,,1,1,,1,1,,1,1,,2,1,,1,,,,,,,,,,,,,,,
R_7JRgRXIPwzyUtuJ,,,,,,,,,,,,,,,,2,2,,2,1,,1,,1,2,2,,1,,2
R_6EcAxC0QSyZpO5L,2,2,,2,1,,2,2,,2,2,,2,2,,,,,,,,,,,,,,,,
R_35e7NnrQhEe0sZX,2,1,,2,1,,2,1,,2,1,,2,1,,,,,,,,,,,,,,,,
R_3Z8Ul0nB8ZyXwEV,2,1,,2,1,,2,1,,2,1,,2,1,,,,,,,,,,,,,,,,
R_51yQvWTy9B8JFUT,,,,,,,,,,,,,,,,2,2,,2,2,,2,2,,2,2,,2,2,
R_6qxtj2imsGX9cFL,2,2,,2,1,,1,,1,1,,1,2,1,,,,,,,,,,,,,,,,
R_6rVm2CgvLmOymzI,,,,,,,,,,,,,,,,2,1,,2,2,,2,2,,2,2,,2,2,
R_1SiU9iN1507nsMU,1,,2,2,1,,1,,2,1,,2,1,,2,,,,,,,,,,,,,,,
R_6flz6rdye1r7AFX,,,,,,,,,,,,,,,,1,,1,1,,1,1,,1,1,,1,1,,1
R_1JPI3ZjrMxZTlpf,,,,,,,,,,,,,,,,2,2,,2,2,,2,2,,2,2,,2,2,
R_5QDjcLRLO7Ur5oZ,,,,,,,,,,,,,,,,2,1,,2,1,,2,1,,2,1,,2,1,
R_6IyMG6MdjYUke6F,,,,,,,,,,,,,,,,2,1,,2,2,,2,2,,2,1,,2,2,
R_7sVSRw9SwiBk58t,2,2,,2,2,,2,1,,2,1,,2,2,,,,,,,,,,,,,,,,
R_1fpbtUTz95djWcR,2,2,,2,2,,2,2,,2,2,,2,2,,,,,,,,,,,,,,,,
R_7m9QVnNTD9ZKXeG,2,1,,2,1,,2,2,,2,1,,2,1,,,,,,,,,,,,,,,,
R_5rBnHtvtbgJmMH7,,,,,,,,,,,,,,,,2,1,,2,1,,2,1,,2,1,,2,1,
R_6rIAbFMBPXJb14p,1,,2,1,,2,1,,2,1,,2,1,,2,,,,,,,,,,,,,,,
R_3InybGiHSvdZHk5,2,2,,2,2,,2,2,,2,2,,2,2,,,,,,,,,,,,,,,,
R_1jrIAxmmSafNHST,2,2,,2,2,,2,2,,2,2,,2,2,,,,,,,,,,,,,,,,
R_3cc3cb7fgAVwwq1,,,,,,,,,,,,,,,,2,2,,2,2,,2,2,,2,2,,2,2,
R_14TI4N03i7Ty2xb,2,2,,2,2,,2,2,,2,2,,2,2,,,,,,,,,,,,,,,,
R_11aBelcEzxoyACd,,,,,,,,,,,,,,,,2,1,,2,1,,2,1,,2,1,,2,1,
R_1qWO0Zj5H4I4W30,,,,,,,,,,,,,,,,2,1,,2,1,,2,1,,2,1,,2,1,
R_5VvVxN5im9Gbg69,,,,,,,,,,,,,,,,2,1,,2,1,,2,1,,2,1,,2,1,
R_37QJ0PpcvwWmssG,2,1,,2,2,,2,2,,1,,2,2,2,,,,,,,,,,,,,,,,
R_1TEPHhAxGLysMCx,2,1,,2,1,,2,1,,2,1,,2,1,,,,,,,,,,,,,,,,
R_7DonIxujnTL0s7c,,,,,,,,,,,,,,,,1,,2,1,,2,1,,2,1,,2,1,,2
R_17J7rl1GwGmR4RM,,,,,,,,,,,,,,,,2,2,,2,1,,2,2,,2,2,,2,2,
R_3WuLnb3TQ3ulJMc,2,2,,2,2,,2,2,,2,2,,2,2,,,,,,,,,,,,,,,,
R_3AYcQA82tLHXMCw,2,1,,2,1,,2,1,,2,1,,2,1,,,,,,,,,,,,,,,,
R_7AXxXd24ZF5m0s6,1,,2,1,,2,1,,2,2,1,,1,,2,,,,,,,,,,,,,,,
R_3rrs8JzFDTLS4na,2,1,,2,1,,2,1,,2,1,,2,1,,,,,,,,,,,,,,,,
R_5JBmNh24aR59j1v,,,,,,,,,,,,,,,,2,1,,2,1,,2,1,,2,1,,2,1,
R_7dMaNbGeIIXCtO1,,,,,,,,,,,,,,,,2,1,,2,1,,2,1,,2,1,,2,1,
R_1kiSDaxNoEcQmL3,2,1,,2,1,,2,1,,2,1,,2,1,,,,,,,,,,,,,,,,
R_1fNp61HxY3CJmRn,,,,,,,,,,,,,,,,2,2,,2,2,,2,2,,2,2,,2,2,
R_7vcrngdcNsPQjrd,,,,,,,,,,,,,,,,2,2,,2,2,,2,2,,2,2,,2,2,
R_5VpO90RrFLLMOXL,,,,,,,,,,,,,,,,2,2,,2,2,,2,2,,2,1,,2,2,
R_78TVnATP1hx7msf,2,2,,2,1,,2,1,,2,1,,2,1,,,,,,,,,,,,,,,,
R_7S7veUGqu5uf6T6,2,1,,2,1,,2,1,,2,1,,2,1,,,,,,,,,,,,,,,,
R_3NCbiokauA7nylX,,,,,,,,,,,,,,,,2,1,,2,1,,2,1,,2,1,,2,1,
R_65ydtlf6nxVKgHD,2,1,,1,,1,2,1,,2,1,,2,1,,,,,,,,,,,,,,,,
R_1j9xCbeJfIx6Z9n,1,,2,1,,2,1,,2,1,,2,1,,2,,,,,,,,,,,,,,,
R_73C1QUAZbv267IE,,,,,,,,,,,,,,,,1,,2,1,,2,1,,2,1,,2,1,,1
R_3Bn9GSk5guswnm3,2,2,,2,1,,2,1,,2,1,,2,2,,,,,,,,,,,,,,,,
R_14D7WJ0FMRT9jIm,,,,,,,,,,,,,,,,2,1,,2,1,,2,1,,1,,2,2,1,
R_7lWkbVUNfERRand,2,1,,2,2,,2,1,,2,2,,2,1,,,,,,,,,,,,,,,,
R_31JtlOtohibtFBL,2,1,,2,1,,1,,2,1,,2,2,1,,,,,,,,,,,,,,,,
R_68O2MLury9BCHjv,2,1,,2,2,,2,2,,2,2,,2,2,,,,,,,,,,,,,,,,
R_5fjUCerjiqRnoaM,2,1,,2,1,,2,2,,2,1,,2,2,,,,,,,,,,,,,,,,
R_7uJxoR1Npxq5Hwr,2,2,,2,1,,2,1,,2,1,,2,1,,,,,,,,,,,,,,,,
R_115X4doEolcrxe3,,,,,,,,,,,,,,,,2,2,,2,2,,2,2,,2,2,,2,2,
R_3Z9FvXl6U894KXv,,,,,,,,,,,,,,,,2,1,,1,,2,1,,2,1,,2,1,,2
R_6HzZF8iQ2at4mu5,,,,,,,,,,,,,,,,2,1,,2,2,,2,1,,2,1,,2,1,
R_7JJSXtdKA3EMnPf,,,,,,,,,,,,,,,,2,1,,2,1,,2,1,,2,1,,2,1,
R_72LH40NEAPUGBep,1,,1,1,,1,1,,1,1,,1,1,,1,,,,,,,,,,,,,,,
R_6rOBIv3dN4Qf3PV,,,,,,,,,,,,,,,,2,1,,2,2,,2,1,,2,1,,2,1,
R_1DM38F3vo8dJCVD,,,,,,,,,,,,,,,,2,1,,2,1,,2,1,,2,1,,2,1,
R_3uOmqCUQ4tMyuqn,2,2,,2,2,,2,1,,2,2,,2,2,,,,,,,,,,,,,,,,
R_3mBeG4cIOCOxhyV,,,,,,,,,,,,,,,,2,2,,2,2,,2,2,,2,2,,2,2,
R_5yOAGxDRlvb2hjP,,,,,,,,,,,,,,,,2,2,,2,2,,2,2,,2,2,,2,2,
R_5MMr26UVFtL20Ls,,,,,,,,,,,,,,,,2,2,,2,2,,2,2,,2,2,,2,2,
R_5lucTDjcTXzBFWb,,,,,,,,,,,,,,,,2,2,,2,2,,2,2,,2,2,,2,1,
R_5Ygj20XD6lnXe3g,,,,,,,,,,,,,,,,2,2,,2,2,,2,2,,2,1,,2,2,
R_6Fb7WANWFp7RDtK,2,1,,2,1,,2,2,,2,2,,2,1,,,,,,,,,,,,,,,,
R_72PTJ4FXB60agYT,,,,,,,,,,,,,,,,2,1,,1,,2,2,2,,2,1,,2,2,
R_6LGVvbYQH9f7gaU,1,,2,2,2,,2,1,,2,2,,1,,2,,,,,,,,,,,,,,,
R_55WrzgQ4QFhwTyz,2,2,,2,1,,2,1,,2,1,,2,1,,,,,,,,,,,,,,,,
R_1FDtfIGfSOVrLpi,2,1,,2,1,,2,1,,2,1,,2,1,,,,,,,,,,,,,,,,
R_65uAM4hgNK14TlL,2,1,,2,2,,2,1,,2,2,,2,2,,,,,,,,,,,,,,,,
R_1OW8KPQHtlQmYke,,,,,,,,,,,,,,,,1,,2,1,,2,1,,2,1,,1,1,,2
R_3AXbv59I7y8c6lI,,,,,,,,,,,,,,,,2,1,,2,2,,2,2,,2,1,,2,1,
R_1GxnOyCmg4nXY6q,,,,,,,,,,,,,,,,2,1,,2,2,,2,1,,2,1,,2,1,
R_1RV6GOgaolimq2k,2,2,,2,2,,2,2,,2,2,,2,2,,,,,,,,,,,,,,,,
R_67d3Z2DLPx2xqpP,,,,,,,,,,,,,,,,2,1,,2,2,,2,2,,2,1,,2,2,
R_3s6xEy5SQScWCwv,,,,,,,,,,,,,,,,2,2,,2,2,,2,2,,2,2,,2,2,
R_15SItFtGYiZbR46,,,,,,,,,,,,,,,,2,1,,2,1,,2,1,,2,1,,2,1,
R_7eURNZRRJiGVbUn,,,,,,,,,,,,,,,,2,1,,2,1,,2,1,,2,1,,2,1,
R_5oEEVF2xkSBWa4C,2,1,,2,1,,1,,2,2,1,,2,1,,,,,,,,,,,,,,,,
R_1elclVy76sckNmg,2,1,,2,1,,2,1,,2,1,,2,1,,,,,,,,,,,,,,,,
R_6JnmkoCioiFcdyN,2,1,,2,1,,2,1,,2,1,,1,,2,,,,,,,,,,,,,,,
R_1KqiNVlsULna5dn,,,,,,,,,,,,,,,,2,1,,2,2,,2,2,,2,1,,2,1,
R_1P20KccIRZyamAh,,,,,,,,,,,,,,,,1,,1,1,,1,1,,1,1,,1,1,,1
R_71ZztyuDXsM9PHX,,,,,,,,,,,,,,,,2,1,,2,1,,2,1,,2,1,,2,1,
R_5fNsnUZHauk0htf,2,1,,2,1,,2,1,,2,1,,2,1,,,,,,,,,,,,,,,,
R_71FpJxAGv3lcGc1,2,1,,2,1,,2,1,,2,1,,2,1,,,,,,,,,,,,,,,,
R_1yfdj0NKGDQXntD,2,2,,2,1,,2,2,,2,2,,2,2,,,,,,,,,,,,,,,,
R_3WUMOR5hNGBzjNf,2,1,,2,1,,2,1,,2,1,,2,1,,,,,,,,,,,,,,,,
R_39lX9cDPHx0q0kk,2,2,,2,2,,2,1,,2,1,,2,2,,,,,,,,,,,,,,,,
R_7QAWBeGxDhcLqbn,2,2,,2,2,,2,2,,2,2,,2,2,,,,,,,,,,,,,,,,
R_7D0Aj7d8Y1jY64c,2,2,,2,1,,2,2,,2,2,,2,2,,,,,,,,,,,,,,,,
R_7Uf1mTkepOcpEf2,,,,,,,,,,,,,,,,2,2,,2,2,,2,2,,2,2,,2,2,
R_1gEUEOTASriFntT,,,,,,,,,,,,,,,,2,2,,2,2,,2,2,,2,2,,2,2,
R_1btdIKi15jK6CJ3,2,2,,2,1,,2,2,,2,2,,2,2,,,,,,,,,,,,,,,,
R_6f1A4eZwahSEoHj,2,1,,2,1,,2,1,,2,1,,2,1,,,,,,,,,,,,,,,,
R_1fku880qttX8WCg,,,,,,,,,,,,,,,,2,1,,2,1,,2,1,,2,1,,2,1,
R_1nrsGs1jG7BcUIE,2,1,,2,1,,2,1,,2,1,,2,1,,,,,,,,,,,,,,,,
R_1K3iaLTdTZ6qA28,,,,,,,,,,,,,,,,2,1,,2,1,,2,1,,2,1,,2,1,
R_50uVKO336CKMd9g,2,1,,2,1,,2,1,,2,1,,2,1,,,,,,,,,,,,,,,,
R_3S08FbiFYartTWy,2,2,,2,2,,2,2,,2,2,,2,2,,,,,,,,,,,,,,,,
R_3yJSjXOUZRTFJ4t,,,,,,,,,,,,,,,,2,1,,2,2,,2,2,,2,1,,2,2,
R_7mIfszF0gobdRLj,,,,,,,,,,,,,,,,2,1,,2,1,,2,1,,2,1,,2,1,
R_107676zmq1oFVvR,,,,,,,,,,,,,,,,2,1,,2,1,,2,1,,2,1,,1,,2
R_7CTEwtU0KvG4BtD,1,,2,1,,2,2,1,,1,,2,1,,2,,,,,,,,,,,,,,,
R_32DOa5N9Omz0uNH,2,2,,2,1,,2,2,,2,2,,2,2,,,,,,,,,,,,,,,,
R_3SoH2ZIzQcS2gkT,2,2,,2,2,,1,,2,1,,2,1,,2,,,,,,,,,,,,,,,
R_3VPJdE6w6yVXMo6,2,2,,2,1,,2,1,,2,2,,2,1,,,,,,,,,,,,,,,,
R_3SlxHmHtS6ACZ8F,,,,,,,,,,,,,,,,2,1,,2,2,,2,2,,2,1,,2,1,
R_5jU2CV4LoL0j166,,,,,,,,,,,,,,,,2,2,,2,2,,2,2,,1,,1,1,,2
R_3YKFJm8EbNCWrgP,,,,,,,,,,,,,,,,2,1,,2,1,,2,1,,2,1,,2,1,
R_6NfdvEWgsbtcK14,,,,,,,,,,,,,,,,2,1,,2,2,,2,1,,2,1,,2,1,
R_3CUcrSNzc9UYhBH,2,2,,2,2,,2,2,,2,2,,2,2,,,,,,,,,,,,,,,,
R_3LH4P01BtMYdXr3,2,2,,2,1,,2,1,,2,1,,2,1,,,,,,,,,,,,,,,,
R_1Q44jASnwwjFNTj,,,,,,,,,,,,,,,,2,1,,2,1,,2,1,,2,1,,2,1,
R_57sRxo6MSqAPqpP,2,1,,2,1,,2,1,,2,1,,2,2,,,,,,,,,,,,,,,,
R_1YzZADjEeXhV8fq,2,1,,1,,1,1,,1,1,,1,1,,1,,,,,,,,,,,,,,,
R_1AHL3gltMG8Mrkd,2,2,,2,2,,2,2,,2,2,,2,2,,,,,,,,,,,,,,,,
R_1EjccHOA61aABL3,,,,,,,,,,,,,,,,2,1,,2,1,,2,1,,2,1,,2,1,
R_6B4zmUBlD62oaPj,1,,1,1,,1,1,,1,1,,1,1,,1,,,,,,,,,,,,,,,
R_5QX66mJB2sDLOQp,2,1,,2,1,,2,1,,2,1,,2,1,,,,,,,,,,,,,,,,
R_3kSMFndnKO9gOPo,2,1,,2,1,,2,1,,2,1,,2,1,,,,,,,,,,,,,,,,
R_1E1euv0TlYjcNQ9,2,2,,2,2,,2,2,,2,2,,2,2,,,,,,,,,,,,,,,,
R_1pGRW3OU6FOfV4K,,,,,,,,,,,,,,,,2,1,,2,1,,2,1,,2,1,,2,1,
R_3772I3PDm5AjqKI,,,,,,,,,,,,,,,,2,2,,2,2,,2,2,,2,2,,2,2,
R_6NJ3CUFkiI4YFIR,,,,,,,,,,,,,,,,2,1,,2,2,,2,1,,2,1,,2,1,
R_3D2rQfKj9brtus5,2,1,,2,1,,2,1,,2,1,,2,1,,,,,,,,,,,,,,,,
R_7OfrOX5ClfnGQhz,,,,,,,,,,,,,,,,2,1,,2,1,,2,1,,2,1,,2,1,
R_7qVubQ0mnZwwyKK,2,1,,2,1,,2,1,,2,1,,2,1,,,,,,,,,,,,,,,,
R_6Wx36kw82LpA2mB,,,,,,,,,,,,,,,,2,1,,2,1,,2,1,,2,1,,2,1,
R_1qCqXkpF2DR11Oe,,,,,,,,,,,,,,,,2,2,,2,2,,2,2,,2,2,,2,2,
R_3YYzSOHiiUaqBUt,,,,,,,,,,,,,,,,2,1,,2,1,,2,1,,2,1,,2,1,
R_7Vbweoln4Rl3GEx,2,2,,2,2,,2,2,,2,2,,2,2,,,,,,,,,,,,,,,,
R_5KW9ovnYUtUyr8E,2,2,,2,1,,2,2,,2,1,,2,2,,,,,,,,,,,,,,,,
R_1mz6aiAC2ag0t7H,1,,2,1,,2,1,,2,1,,2,1,,2,,,,,,,,,,,,,,,
R_1Fv7wRp958UrT9v,2,1,,2,1,,2,1,,2,1,,2,1,,,,,,,,,,,,,,,,
R_11KlUJe4IiBFd2p,,,,,,,,,,,,,,,,2,2,,2,2,,2,2,,2,1,,2,2,
R_7GCHjTSSQnv4amy,1,,2,1,,2,1,,2,1,,2,1,,2,,,,,,,,,,,,,,,
R_73nH0VgYexIxCwx,,,,,,,,,,,,,,,,2,1,,2,1,,2,1,,2,1,,2,1,
R_7Ufp5qBh3AKhBjU,,,,,,,,,,,,,,,,2,2,,2,2,,2,2,,2,2,,2,2,
R_5QKXd61iVmIJeKw,,,,,,,,,,,,,,,,2,2,,2,2,,2,2,,2,2,,2,2,
R_8LNP0bJy7Gy0Wt3,2,1,,2,1,,2,2,,2,2,,2,1,,,,,,,,,,,,,,,,
R_3EnSG9W4UmicAku,2,1,,2,1,,2,1,,2,1,,2,1,,,,,,,,,,,,,,,,
R_3zAMGddhPKws5hE,2,2,,2,2,,2,2,,2,2,,2,2,,,,,,,,,,,,,,,,
R_6dXYePIW4TGpptL,,,,,,,,,,,,,,,,2,1,,2,2,,2,1,,2,1,,2,1,
R_1FQVPOUqoYO3a47,,,,,,,,,,,,,,,,2,1,,2,2,,2,2,,2,1,,2,2,
R_1Gj1oEkQU6j6M1D,2,1,,2,1,,2,1,,2,1,,2,1,,,,,,,,,,,,,,,,
R_3OYJFmFfEpIwAna,,,,,,,,,,,,,,,,2,1,,2,1,,2,1,,2,1,,2,2,
R_7o862I0E411Bdzr,,,,,,,,,,,,,,,,2,1,,2,2,,2,2,,2,2,,2,2,
R_50VNlOuGl9WaRFq,,,,,,,,,,,,,,,,2,1,,2,2,,2,2,,2,2,,2,2,
R_7lCDKs2UcVRQXBv,,,,,,,,,,,,,,,,1,,2,2,1,,2,1,,2,1,,2,2,
R_5P2N3N4lpPPxUlj,2,1,,2,1,,2,1,,2,1,,2,1,,,,,,,,,,,,,,,,
R_7lbpy7NRAdD6t3v,2,2,,2,2,,2,2,,2,1,,2,2,,,,,,,,,,,,,,,,
R_5LtIQ3mVlNuLLS9,2,2,,2,1,,2,2,,2,1,,2,1,,,,,,,,,,,,,,,,
R_1nUIqtrffx5bNoZ,2,2,,2,1,,2,2,,2,1,,2,2,,,,,,,,,,,,,,,,
R_1Rz3ObpaK7zGSyI,2,2,,2,2,,2,2,,2,2,,2,2,,,,,,,,,,,,,,,,
R_5eoIRU7S1zcnc65,2,2,,2,1,,2,1,,2,1,,2,2,,,,,,,,,,,,,,,,
R_5jVT9v8F9V75jsL,,,,,,,,,,,,,,,,2,1,,2,1,,2,1,,2,1,,2,1,
R_542IelBw9q5OEOH,2,2,,2,1,,2,2,,2,1,,2,1,,,,,,,,,,,,,,,,
R_1rPJtWSHfDc44uh,2,2,,2,2,,2,2,,2,2,,2,2,,,,,,,,,,,,,,,,
R_3D8GjDJ7aYC2SQt,,,,,,,,,,,,,,,,2,1,,2,2,,2,2,,2,2,,2,2,
R_74GgDFsiagq1hA7,,,,,,,,,,,,,,,,2,2,,2,2,,2,2,,2,2,,2,2,
R_6DCZurYgqDUYaK5,2,1,,2,1,,2,1,,2,1,,2,1,,,,,,,,,,,,,,,,
R_6VrUdPl1rH5FFXQ,,,,,,,,,,,,,,,,2,1,,2,1,,2,1,,2,1,,2,1,
R_5Em4KEJXRFlQLji,,,,,,,,,,,,,,,,2,2,,2,2,,2,2,,2,2,,2,2,
R_1Kx0C35CvzrEXDT,,,,,,,,,,,,,,,,2,1,,2,2,,2,2,,2,1,,2,1,
R_3JRas6xIiNUI3iG,2,1,,2,1,,2,1,,2,1,,2,1,,,,,,,,,,,,,,,,
R_1mlz47d3nOEq0ja,,,,,,,,,,,,,,,,2,1,,2,1,,2,1,,2,1,,2,1,
R_5pRdvhBQILEeVHN,,,,,,,,,,,,,,,,2,1,,2,2,,2,2,,2,2,,2,2,
R_6vc9vNvnui4C0Li,,,,,,,,,,,,,,,,2,2,,2,2,,2,2,,2,2,,2,2,
R_5S8et9M2nO8KN8x,,,,,,,,,,,,,,,,2,2,,2,2,,2,2,,2,2,,2,2,
R_7otZuQyXmsBiF0m,2,1,,2,1,,2,1,,2,1,,2,1,,,,,,,,,,,,,,,,
R_7HSxj3AlicKKWUT,2,2,,2,1,,2,2,,2,1,,2,2,,,,,,,,,,,,,,,,
R_7zxgpfxQ4zJynfP,2,2,,2,1,,2,1,,2,2,,2,1,,,,,,,,,,,,,,,,
R_3QnNkyMTbfhuxy4,,,,,,,,,,,,,,,,2,2,,2,2,,2,1,,2,2,,2,1,
R_64N1HGiVwp0KDmq,2,2,,2,1,,2,1,,2,1,,2,1,,,,,,,,,,,,,,,,
R_7KuSprt7JAYiCDJ,,,,,,,,,,,,,,,,2,2,,2,2,,2,2,,2,2,,2,2,
R_7icvVJRIIUttk5z,,,,,,,,,,,,,,,,2,2,,2,2,,2,2,,2,2,,2,2,
R_5b2C1mCZMKJNENW,,,,,,,,,,,,,,,,2,2,,2,2,,2,2,,2,2,,2,2,
R_70hH8hJXgI1Czsw,1,,1,1,,1,2,1,,1,,2,1,,1,,,,,,,,,,,,,,,
R_5GT7fRC3mL4vBG3,,,,,,,,,,,,,,,,2,1,,2,2,,2,1,,2,1,,2,2,
R_5t8faLzUoJQ2wLv,,,,,,,,,,,,,,,,2,1,,2,2,,2,1,,2,1,,2,1,
R_3EHalcI8Elm2C0c,2,1,,2,1,,2,1,,2,1,,2,1,,,,,,,,,,,,,,,,
R_7rY4tSDe2FfjBq7,2,1,,2,1,,2,1,,2,1,,2,1,,,,,,,,,,,,,,,,
R_65MFd4LIspqrvMB,,,,,,,,,,,,,,,,2,1,,2,2,,2,2,,2,1,,2,2,
R_31F2J5FPs7cJVi4,2,2,,2,2,,2,2,,2,1,,1,,2,,,,,,,,,,,,,,,
R_572SU9VWFPjCHpK,,,,,,,,,,,,,,,,2,1,,2,1,,2,1,,2,1,,2,1,
R_3S2B0c0WpMxRVSE,2,1,,2,2,,2,2,,2,2,,2,2,,,,,,,,,,,,,,,,
R_5OW89WvSQ9oH0T3,,,,,,,,,,,,,,,,2,2,,2,2,,2,2,,2,2,,2,2,
R_6HS5fnLQig6HzL8,1,,2,2,1,,1,,2,2,1,,2,1,,,,,,,,,,,,,,,,
R_3gCRSkYRf2NldUo,2,2,,2,2,,2,1,,2,1,,2,2,,,,,,,,,,,,,,,,
R_5dzNbGeTqOmTXNy,2,2,,2,2,,2,2,,2,2,,2,2,,,,,,,,,,,,,,,,
R_1OZUBTjKUF1760G,2,1,,2,1,,2,1,,2,1,,2,1,,,,,,,,,,,,,,,,
R_3JLESdWLJiGfnGZ,,,,,,,,,,,,,,,,2,1,,2,1,,2,1,,2,1,,2,1,
R_5zVLRoFc8nQzR61,1,,1,1,,1,1,,1,1,,1,1,,1,,,,,,,,,,,,,,,
R_5CwDsJbHC4YLIkB,,,,,,,,,,,,,,,,2,2,,2,2,,2,2,,2,2,,2,2,
R_3TxFLMjiBcvUsxP,2,1,,2,1,,2,1,,2,1,,2,1,,,,,,,,,,,,,,,,
R_6HLJ7lIDPEQRugA,2,1,,2,1,,2,1,,2,1,,2,1,,,,,,,,,,,,,,,,
R_5LTm38xh9IZfCmi,2,1,,2,1,,2,1,,2,1,,2,1,,,,,,,,,,,,,,,,
R_6yaz2b374HbaBt1,2,2,,2,2,,2,2,,2,2,,2,2,,,,,,,,,,,,,,,,
R_5u2aAH9Rv698Jt7,2,2,,2,2,,2,2,,2,2,,2,2,,,,,,,,,,,,,,,,
R_34CQVDJeIB0la15,,,,,,,,,,,,,,,,2,1,,2,2,,2,1,,2,1,,2,1,
R_1jf7XKv3AhiRGA4,2,2,,2,1,,2,2,,2,1,,2,1,,,,,,,,,,,,,,,,
R_5N5lDn5P2ln2uz6,2,2,,2,2,,2,2,,2,2,,2,2,,,,,,,,,,,,,,,,
R_6Zjh6hwGqicO6VX,1,,1,1,,1,1,,1,1,,1,1,,1,,,,,,,,,,,,,,,
R_5GvxE5YkrSrZVpT,,,,,,,,,,,,,,,,2,1,,2,1,,2,1,,2,1,,2,1,
R_6l4zNIFkEi92Xgn,,,,,,,,,,,,,,,,2,2,,2,2,,2,2,,2,2,,2,2,
R_7NuXbMN0TFX7ntn,,,,,,,,,,,,,,,,2,1,,2,1,,2,1,,2,1,,2,1,
R_1HuFobF7OD7pbZv,,,,,,,,,,,,,,,,2,1,,2,2,,2,2,,2,2,,2,2,
R_7JDYm9yXflJvtS2,2,2,,2,1,,2,2,,2,2,,2,2,,,,,,,,,,,,,,,,
R_6Sod5kaYUoPkI7o,2,1,,2,1,,2,1,,2,1,,2,1,,,,,,,,,,,,,,,,
R_5DSSx7g0CtKEYv8,2,2,,2,1,,2,2,,2,1,,2,2,,,,,,,,,,,,,,,,
R_3MoliqmZXKi8J69,,,,,,,,,,,,,,,,2,1,,2,1,,2,1,,2,1,,2,1,
R_3NFGlxZy0kUvSCM,,,,,,,,,,,,,,,,2,1,,2,1,,2,1,,2,1,,2,1,
R_62sDlM4YHUS7me3,1,,2,1,,1,1,,1,1,,1,1,,2,,,,,,,,,,,,,,,
R_1CdGH7Lt6PVKCd8,,,,,,,,,,,,,,,,2,1,,2,2,,2,2,,2,2,,2,2,
R_7lKdiHetjJPlwmL,1,,2,1,,2,1,,1,1,,1,1,,1,,,,,,,,,,,,,,,
R_6H7TJD6ICghZoF4,,,,,,,,,,,,,,,,2,1,,2,2,,2,1,,2,2,,2,2,
R_7LeBJkJy3620Vax,,,,,,,,,,,,,,,,2,1,,2,2,,2,1,,2,1,,2,1,
R_1Uxv0er8U5ONNEB,2,2,,2,2,,2,2,,2,2,,2,1,,,,,,,,,,,,,,,,
R_1fj8t04AF3i2z5D,1,,2,1,,2,2,1,,2,1,,2,1,,,,,,,,,,,,,,,,
R_5fyExraDGzSkHv3,,,,,,,,,,,,,,,,2,2,,2,2,,2,2,,2,2,,2,2,
R_6WO9Kh6IvxRUssF,2,1,,2,1,,2,1,,2,1,,2,1,,,,,,,,,,,,,,,,
R_35BkJTsViaMTQNi,,,,,,,,,,,,,,,,2,1,,2,2,,2,2,,2,1,,2,2,
R_6P5W9GL1EQhpCMD,2,1,,2,1,,2,1,,2,1,,2,1,,,,,,,,,,,,,,,,
R_57t5fdQbR8MESC5,,,,,,,,,,,,,,,,2,1,,2,2,,2,1,,2,1,,2,2,
R_3dyS2DYVF89QACP,2,1,,2,1,,2,1,,2,1,,2,1,,,,,,,,,,,,,,,,
R_6nAhTPEAyOgSNeF,,,,,,,,,,,,,,,,1,,2,1,,2,1,,2,1,,2,1,,2
R_58Zme38Yud7wIiy,,,,,,,,,,,,,,,,2,1,,2,1,,2,1,,2,1,,2,1,
R_37CCB3fJOfFVmMy,2,1,,2,1,,2,1,,1,,2,2,1,,,,,,,,,,,,,,,,
R_79bKDl2B867tOP3,,,,,,,,,,,,,,,,2,1,,2,2,,2,2,,2,2,,2,2,
R_3ymXB4UlaSYbbfr,,,,,,,,,,,,,,,,2,2,,2,2,,2,1,,2,1,,2,2,
R_7E1bpWpKE9pVhbh,2,1,,2,2,,2,1,,2,1,,2,2,,,,,,,,,,,,,,,,
R_1FMaaQ0KqcFENql,,,,,,,,,,,,,,,,2,2,,2,1,,2,2,,2,1,,2,2,
R_7ZOXVcXutMpLy0h,,,,,,,,,,,,,,,,2,2,,2,2,,2,2,,2,2,,2,2,
R_515WERFeb94ohyf,,,,,,,,,,,,,,,,1,,1,1,,1,1,,1,1,,1,1,,1
R_3U9GQShzpJz3OEV,1,,2,2,1,,1,,2,1,,2,2,1,,,,,,,,,,,,,,,,
R_7TYSs0av10SuRzF,1,,1,2,1,,1,,2,2,1,,1,,2,,,,,,,,,,,,,,,
R_5CJXDZ3oawINBvQ,,,,,,,,,,,,,,,,2,1,,1,,2,2,1,,2,1,,2,1,
R_34ojLn3z3YWT4Zj,2,2,,2,1,,2,1,,2,1,,2,1,,,,,,,,,,,,,,,,
R_3vk0PMoqlCS8EhE,,,,,,,,,,,,,,,,2,1,,2,2,,2,2,,2,1,,2,1,
R_14p9PPe3lChgzD3,2,1,,1,,2,2,1,,1,,1,1,,2,,,,,,,,,,,,,,,
R_7GLfQFB45H26Qc9,,,,,,,,,,,,,,,,2,2,,2,2,,2,2,,2,2,,2,2,
R_7kUOgTYE7KSE1Lb,2,2,,2,1,,2,2,,2,1,,2,1,,,,,,,,,,,,,,,,
R_3vAIGdzqj7CU1t7,,,,,,,,,,,,,,,,2,2,,2,2,,2,2,,2,1,,2,2,
R_72VTtBgGiF4mOs6,1,,2,1,,2,1,,2,2,1,,1,,2,,,,,,,,,,,,,,,
R_7PZbjSIJdBAu9zl,,,,,,,,,,,,,,,,2,2,,2,2,,2,2,,2,2,,2,2,
R_6si8SnBa8Z1GjWm,,,,,,,,,,,,,,,,2,1,,2,1,,2,1,,2,1,,2,1,
R_3QY7b1tpu3rFvhu,,,,,,,,,,,,,,,,2,2,,2,2,,2,2,,2,2,,2,2,
R_3a8WDUvXosH51Fn,,,,,,,,,,,,,,,,2,2,,2,2,,2,2,,2,2,,2,2,
R_5YzZFwzbq1x3uFD,2,1,,2,1,,2,2,,2,1,,2,2,,,,,,,,,,,,,,,,
R_1waHLBnmwXkjkXw,1,,2,1,,2,1,,2,1,,2,1,,2,,,,,,,,,,,,,,,
R_1XimTmyUq5RiMEj,,,,,,,,,,,,,,,,1,,2,2,1,,2,1,,2,1,,1,,2
R_1kt62C9ansKpBvz,,,,,,,,,,,,,,,,2,1,,2,2,,2,1,,2,1,,2,1,
R_1qdWXJRBo14jsS2,,,,,,,,,,,,,,,,2,2,,2,2,,2,2,,2,2,,2,2,
R_5GCALiL3SVduL3T,,,,,,,,,,,,,,,,2,2,,2,2,,2,2,,2,2,,2,2,
R_7D0nYY1RrKNu64g,,,,,,,,,,,,,,,,2,1,,2,2,,2,1,,2,1,,2,1,
R_3QbhQA5PFVDNEr6,,,,,,,,,,,,,,,,2,1,,2,2,,2,2,,2,1,,2,2,
R_3PmQ90DxAMLHGy6,,,,,,,,,,,,,,,,2,2,,2,2,,2,2,,2,2,,2,2,
R_1KeSzIC2SJtUXBn,,,,,,,,,,,,,,,,2,1,,2,2,,2,2,,2,2,,2,2,
R_765aFGRtLLuBX0U,1,,1,1,,1,1,,1,1,,1,1,,1,,,,,,,,,,,,,,,
R_7CDCZKQKZgMyvKO,,,,,,,,,,,,,,,,2,1,,2,1,,2,1,,2,1,,2,1,
R_7HCu0vjWGjsWJVl,,,,,,,,,,,,,,,,2,2,,2,2,,2,2,,2,2,,2,2,
R_5OWrw7eTxHuNRx7,2,2,,2,1,,2,1,,2,1,,2,1,,,,,,,,,,,,,,,,
R_5jE78rK6R0COImf,2,2,,2,1,,2,2,,2,1,,2,2,,,,,,,,,,,,,,,,
R_60ZqOavZxUUpW11,,,,,,,,,,,,,,,,2,1,,2,2,,2,2,,2,2,,2,2,
R_7KuXueuRohNumxA,,,,,,,,,,,,,,,,1,,2,2,1,,1,,2,1,,2,2,1,
R_7I4APnw1gOXtkXC,1,,1,1,,1,1,,1,1,,1,1,,1,,,,,,,,,,,,,,,
R_5JCuc1DxoBZRkeB,,,,,,,,,,,,,,,,2,2,,2,2,,2,2,,2,2,,2,2,
R_38EH09wM8dB05IB,2,1,,2,1,,2,1,,2,1,,2,1,,,,,,,,,,,,,,,,
R_6Cll3nPKOHf826F,2,1,,2,1,,2,1,,2,1,,2,1,,,,,,,,,,,,,,,,
R_73ZGHOJTibHF5xO,,,,,,,,,,,,,,,,1,,2,2,1,,2,1,,1,,2,2,1,
R_1ZNscCFnbuQTqRn,,,,,,,,,,,,,,,,1,,2,1,,2,1,,2,1,,2,1,,2
R_6JKhl3FaaOxeogs,2,2,,2,1,,2,1,,2,1,,2,1,,,,,,,,,,,,,,,,
R_7O8LLi8vbgUONkK,2,1,,2,1,,2,1,,2,1,,2,1,,,,,,,,,,,,,,,,
R_32FGOSfCZYS94zL,,,,,,,,,,,,,,,,2,2,,2,2,,2,2,,2,2,,2,2,
R_53fzwKzr5bKQqv4,,,,,,,,,,,,,,,,2,1,,2,2,,2,2,,2,1,,2,2,
R_6wAyuDcKYK5BpC2,1,,2,2,2,,2,2,,2,2,,2,2,,,,,,,,,,,,,,,,
R_5TMhcVoXAML58aS,2,2,,2,2,,2,2,,2,2,,2,2,,,,,,,,,,,,,,,,
R_7EipMG2FvfcyE2N,,,,,,,,,,,,,,,,2,1,,2,1,,2,1,,2,1,,2,1,
R_6hExKY6IFLBX1Iz,2,1,,1,,2,1,,2,1,,1,2,1,,,,,,,,,,,,,,,,
R_5Q2MyoyzP6SQ1Cp,,,,,,,,,,,,,,,,2,2,,2,2,,2,2,,2,2,,2,2,
R_5CVnEoKAEry3z6E,2,1,,2,1,,2,1,,2,1,,2,1,,,,,,,,,,,,,,,,
R_3RNTqWOeymRWKeR,1,,1,1,,2,1,,2,1,,2,2,1,,,,,,,,,,,,,,,,
R_6Q0nvteFEh1Sx3c,,,,,,,,,,,,,,,,2,1,,2,2,,2,1,,2,2,,2,1,
R_5CwUdX0Dcvt6VVg,,,,,,,,,,,,,,,,2,1,,2,1,,2,1,,2,1,,2,1,
R_1dSfDsHvnNYdkCD,,,,,,,,,,,,,,,,2,2,,2,2,,2,2,,2,2,,2,2,
R_16mcL6qfWNrSqTl,2,2,,2,2,,2,2,,2,2,,2,2,,,,,,,,,,,,,,,,
R_1o5U1tAc8mHmHet,,,,,,,,,,,,,,,,2,2,,2,1,,2,2,,2,1,,2,1,
R_70tQBGaRyMnFxsP,,,,,,,,,,,,,,,,2,2,,2,2,,2,2,,2,1,,2,2,
R_1ifSAe8adgMRfA5,2,2,,2,2,,2,2,,2,2,,2,2,,,,,,,,,,,,,,,,
R_3B2tefZnZ6UPpcg,,,,,,,,,,,,,,,,2,2,,2,2,,2,2,,2,2,,2,2,
R_52GoUjWJP8BnWh3,1,,2,1,,2,2,1,,2,2,,1,,2,,,,,,,,,,,,,,,
R_1IQq4mW7AvqefHr,,,,,,,,,,,,,,,,2,1,,2,1,,2,1,,2,1,,2,1,
R_7fCzGhfAQPk9Ueu,,,,,,,,,,,,,,,,2,2,,2,2,,2,2,,2,1,,2,1,
R_6k7gRvUiugqqw1d,,,,,,,,,,,,,,,,2,1,,2,2,,2,1,,2,1,,2,1,
R_5N5WhHwxTTrSKmB,1,,1,2,2,,2,2,,1,,1,1,,1,,,,,,,,,,,,,,,
R_7Ns205qlk8EvAVH,2,2,,2,2,,2,2,,2,1,,2,2,,,,,,,,,,,,,,,,
R_7rSzCHZyVrZS2ZI,2,2,,2,2,,2,2,,2,2,,2,2,,,,,,,,,,,,,,,,
R_1RPZ3dkaKpfPJBL,2,2,,2,2,,2,2,,2,2,,2,2,,,,,,,,,,,,,,,,
R_5Yr02K8BARANKZt,,,,,,,,,,,,,,,,2,2,,2,2,,2,2,,2,2,,2,2,
R_1D7L9atNFzuq8p9,1,,2,2,1,,2,1,,2,1,,2,1,,,,,,,,,,,,,,,,
R_3i4LEWZx5EBWW1V,2,2,,2,2,,2,2,,2,2,,2,2,,,,,,,,,,,,,,,,
R_3QzS2y96jP2e6GZ,2,2,,2,1,,2,2,,2,1,,2,2,,,,,,,,,,,,,,,,
R_7DnCNsqnoqfZUKW,,,,,,,,,,,,,,,,2,1,,2,2,,2,1,,2,1,,2,2,
R_51p9w6TT18SwUSM,1,,2,1,,2,1,,2,1,,2,1,,2,,,,,,,,,,,,,,,
R_3nNIQOCrno1yG35,1,,2,1,,2,1,,2,1,,2,1,,2,,,,,,,,,,,,,,,
R_5BrhpBTkk8EjnuU,2,1,,2,1,,2,1,,2,1,,2,1,,,,,,,,,,,,,,,,
R_7OYIqj4ra8xM4yC,,,,,,,,,,,,,,,,2,1,,2,1,,2,1,,2,1,,2,1,
R_3zEAr8iYvAOHsxr,2,1,,2,1,,2,1,,2,2,,2,2,,,,,,,,,,,,,,,,
R_6FlzEusSzPnICgi,1,,1,1,,1,1,,2,1,,2,1,,1,,,,,,,,,,,,,,,
R_1Oqn54cdgPbidWh,2,2,,2,1,,2,1,,2,2,,2,2,,,,,,,,,,,,,,,,
R_7N39X3iO1Wg70OT,,,,,,,,,,,,,,,,2,1,,2,1,,2,1,,2,1,,2,1,
R_1Y3aXGsrL4iXNf7,2,1,,2,1,,2,1,,2,1,,2,1,,,,,,,,,,,,,,,,
R_7vkbzex9g3twNeQ,,,,,,,,,,,,,,,,2,2,,2,1,,2,2,,2,1,,2,2,
R_3FRpmDqAmYuI1up,2,2,,2,2,,2,2,,2,2,,2,2,,,,,,,,,,,,,,,,
R_69YSpoKUzp0pdmN,,,,,,,,,,,,,,,,2,2,,2,2,,2,2,,2,2,,2,2,
R_1N2CnRjfmNHC9eq,2,2,,2,2,,2,2,,2,2,,2,2,,,,,,,,,,,,,,,,
R_5H5iVe6Xok40Ncm,1,,1,1,,1,1,,1,1,,1,1,,1,,,,,,,,,,,,,,,
R_39iPt9CtjbEazgl,2,1,,2,1,,2,1,,2,1,,2,1,,,,,,,,,,,,,,,,
R_74pfnDB6bAuCo5b,2,2,,2,2,,2,2,,2,2,,2,2,,,,,,,,,,,,,,,,
R_3P0bsh1Bkkf7HxL,,,,,,,,,,,,,,,,2,1,,2,2,,2,1,,2,1,,2,1,
R_7NCbougjIdYswHL,,,,,,,,,,,,,,,,2,2,,2,2,,2,2,,2,2,,2,2,
R_3k3TRlrneKwIiyJ,2,2,,2,2,,2,2,,2,1,,2,1,,,,,,,,,,,,,,,,
R_6oHEk3lCTPhAJlh,2,1,,2,1,,1,,2,1,,2,1,,2,,,,,,,,,,,,,,,
R_6JRwL5i3yrlYKwe,,,,,,,,,,,,,,,,2,1,,2,2,,2,2,,2,1,,2,2,
R_6ra1wOMeQGWLCNP,,,,,,,,,,,,,,,,1,,2,1,,2,1,,2,1,,2,1,,2
R_1DuKJfcksh6jSvF,2,2,,2,2,,2,1,,2,2,,2,2,,,,,,,,,,,,,,,,
R_6CJtXeVPAGgVnm3,,,,,,,,,,,,,,,,2,2,,2,2,,2,2,,2,2,,2,2,
R_5ouPXdN1w1kVdXX,,,,,,,,,,,,,,,,2,2,,2,2,,2,2,,2,2,,2,2,
R_6hA95p2BVQJ1qSd,2,1,,1,,2,2,1,,2,1,,1,,2,,,,,,,,,,,,,,,
R_63lN97jjRdxn6dH,,,,,,,,,,,,,,,,2,1,,2,1,,2,2,,2,2,,2,1,
R_6qzce2xS85BHOcr,1,,2,1,,2,1,,2,1,,2,1,,2,,,,,,,,,,,,,,,
R_1EEFsoClcc25BwW,,,,,,,,,,,,,,,,2,2,,2,2,,2,2,,2,2,,2,2,
R_11GceXMn0QJtrLz,2,2,,2,2,,2,1,,2,1,,2,2,,,,,,,,,,,,,,,,
R_5GDZOeWZxttwGOR,,,,,,,,,,,,,,,,1,,2,1,,2,1,,2,1,,2,1,,2
R_6YOhnMtAxX8C9WN,2,2,,2,1,,2,1,,2,1,,2,1,,,,,,,,,,,,,,,,
R_7EpjQr7gtX0czJw,2,1,,2,1,,2,1,,2,1,,2,1,,,,,,,,,,,,,,,,
R_7Mz2ayUUThEjCZ3,,,,,,,,,,,,,,,,2,1,,2,1,,2,1,,2,1,,2,1,
R_3IGDyMQdlce8KoF,1,,1,1,,2,1,,2,1,,1,1,,2,,,,,,,,,,,,,,,
R_1P5VCkawn0iphy7,1,,2,1,,2,1,,2,1,,2,1,,2,,,,,,,,,,,,,,,
R_1E1iYf9GuTUgQ0x,2,1,,2,1,,2,1,,2,1,,2,1,,,,,,,,,,,,,,,,
R_6f9tCvNBtHQ6q9B,,,,,,,,,,,,,,,,2,2,,2,2,,2,2,,2,2,,2,2,
R_1Etk8Zj7O2SbIZm,,,,,,,,,,,,,,,,2,2,,2,2,,2,2,,2,2,,2,2,
R_1FOnAAdxFCaYAHL,2,2,,2,2,,2,2,,2,2,,2,2,,,,,,,,,,,,,,,,
R_7KBM2cLrFNbHNfn,2,2,,2,1,,2,2,,2,1,,2,2,,,,,,,,,,,,,,,,
R_5Ro51cf9tvfwqqd,,,,,,,,,,,,,,,,2,2,,2,2,,2,2,,2,2,,2,2,
R_3a1Mt6LwvnGtdYZ,,,,,,,,,,,,,,,,2,2,,2,2,,2,2,,2,2,,2,2,
R_1LQyt3L45PY4WFX,,,,,,,,,,,,,,,,1,,2,1,,2,1,,2,1,,2,1,,2
R_7pngqzUw2aUR9Cx,,,,,,,,,,,,,,,,2,1,,2,1,,2,1,,2,1,,2,1,
R_1iwKnowUQXCiDFV,,,,,,,,,,,,,,,,1,,2,1,,2,1,,2,1,,2,1,,2
R_1A06tKD02m5C2rv,,,,,,,,,,,,,,,,2,1,,2,1,,2,1,,2,1,,2,1,
R_1YzdvEUzTHLcz99,,,,,,,,,,,,,,,,2,1,,2,1,,2,1,,2,1,,2,1,
R_3IsmZ9Nf9HdMBUt,2,2,,2,1,,2,2,,2,2,,2,2,,,,,,,,,,,,,,,,
R_6I6SxdrQQNiEqYN,,,,,,,,,,,,,,,,2,1,,2,2,,2,1,,2,1,,2,1,
R_7gU88OBHehM5CgA,,,,,,,,,,,,,,,,1,,2,1,,2,1,,2,1,,2,1,,2
R_7QKmF3f2mrSshrg,,,,,,,,,,,,,,,,1,,2,1,,2,1,,2,1,,2,1,,2
R_76ffpkaFdS42mgF,,,,,,,,,,,,,,,,2,1,,2,2,,2,2,,2,2,,2,2,
R_1LtELK4LsyHDX4j,,,,,,,,,,,,,,,,2,1,,2,1,,2,1,,2,1,,2,1,
R_5f3qUTnad6mjeq4,1,,2,1,,1,2,2,,2,1,,1,,1,,,,,,,,,,,,,,,
R_7ZIj233ZV1qsnpD,2,1,,2,2,,1,,2,1,,1,2,1,,,,,,,,,,,,,,,,
R_1oEfGKwldKnHNId,2,2,,2,2,,2,2,,2,2,,2,2,,,,,,,,,,,,,,,,
R_5NSptdkKNhGoGkh,2,2,,2,2,,2,2,,2,2,,2,2,,,,,,,,,,,,,,,,
R_7MK8bSbWGAiDqVl,1,,1,1,,2,1,,2,1,,2,1,,2,,,,,,,,,,,,,,,
R_1QrpTnSy7qdkET5,,,,,,,,,,,,,,,,2,1,,2,2,,2,1,,2,1,,2,2,
R_6Kqyz6UHGbbE533,,,,,,,,,,,,,,,,2,2,,2,2,,2,2,,2,2,,2,2,
R_7GtPdMDpjQxUj0R,,,,,,,,,,,,,,,,1,,2,1,,2,1,,2,1,,2,1,,2
R_7UO3rnnocgVaRLr,,,,,,,,,,,,,,,,2,1,,2,1,,2,1,,2,1,,2,1,
R_6p4t0PFDizfN4N4,2,1,,2,2,,2,1,,2,1,,2,2,,,,,,,,,,,,,,,,
R_6MKH0DlyFXns0Lv,2,2,,2,2,,2,2,,2,2,,2,2,,,,,,,,,,,,,,,,
R_79mfe3E8tOlgBtD,2,2,,2,1,,2,1,,2,1,,2,2,,,,,,,,,,,,,,,,
R_6OTlYPZGDrlxueQ,,,,,,,,,,,,,,,,2,1,,2,1,,2,2,,2,1,,2,2,
R_7nxdChvbBibTXm0,2,2,,1,,2,1,,2,2,1,,1,,2,,,,,,,,,,,,,,,
R_6VfMClUW4Rnm40c,2,1,,2,1,,2,1,,2,1,,2,1,,,,,,,,,,,,,,,,
R_70O6GyQzpE9Mcp4,2,1,,1,,1,2,1,,2,2,,2,1,,,,,,,,,,,,,,,,
R_57Oqp0V11xj54yu,1,,2,1,,2,1,,2,1,,2,2,1,,,,,,,,,,,,,,,,
R_6en5Rcj3F8tNmIY,,,,,,,,,,,,,,,,2,1,,2,1,,2,1,,2,1,,2,1,
R_3g1skqwqXfJLUgH,,,,,,,,,,,,,,,,2,1,,2,2,,2,2,,2,1,,2,2,
R_5MzlhAf2TJ4UmqN,2,1,,2,1,,2,1,,2,1,,2,1,,,,,,,,,,,,,,,,
R_3Mubbn8LKCfxrRD,1,,2,1,,2,1,,2,1,,2,1,,2,,,,,,,,,,,,,,,
R_30n7NYhk4mXA3UB,,,,,,,,,,,,,,,,2,2,,2,2,,2,2,,2,1,,2,2,
R_6GHXhFuv2DTxDvq,,,,,,,,,,,,,,,,1,,2,1,,2,1,,2,1,,2,1,,2
R_5X5qS0KgoVg41OO,,,,,,,,,,,,,,,,2,2,,2,1,,2,1,,1,,2,1,,2
R_7gC8vQEAi0h2J5D,2,1,,2,1,,2,1,,2,1,,2,1,,,,,,,,,,,,,,,,
R_1hDVKJqeHd2FGUZ,,,,,,,,,,,,,,,,2,1,,2,2,,2,1,,2,1,,2,2,
R_5P0DQPTACdZY2fn,,,,,,,,,,,,,,,,2,2,,2,1,,2,1,,2,1,,2,2,
R_2qh1pfBZtttHk69,2,1,,2,1,,2,1,,2,1,,2,1,,,,,,,,,,,,,,,,
R_7Y90tw1lvprHOud,,,,,,,,,,,,,,,,2,2,,2,2,,2,2,,2,2,,2,2,
R_3WJIireb320Ias1,2,1,,2,1,,2,1,,2,1,,2,1,,,,,,,,,,,,,,,,
R_3NfQOuFBJsXEnVf,1,,1,2,1,,1,,2,1,,2,2,1,,,,,,,,,,,,,,,,
R_1dogmrmJfPwqmAj,2,1,,2,1,,1,,1,1,,2,2,1,,,,,,,,,,,,,,,,
R_7oSbN6dE3NM24jq,2,2,,2,2,,2,2,,2,2,,2,2,,,,,,,,,,,,,,,,
R_5SdhWRoVraV6ROt,,,,,,,,,,,,,,,,2,1,,2,1,,2,1,,2,1,,2,1,
R_3fcISUrLkJBeKVv,2,1,,2,1,,2,1,,2,1,,2,1,,,,,,,,,,,,,,,,
R_5dmFiOHyCJcEVVh,2,2,,2,2,,2,2,,2,1,,2,1,,,,,,,,,,,,,,,,
R_7WImh1tySdJFSrv,,,,,,,,,,,,,,,,2,1,,2,1,,2,1,,2,1,,2,1,
R_5k1TS7xQMC2WRXi,1,,1,1,,1,1,,1,1,,1,1,,1,,,,,,,,,,,,,,,
R_3oNtP3rvQ7TjR4p,2,2,,2,1,,2,2,,2,2,,2,2,,,,,,,,,,,,,,,,
R_5ZV1r425JoyzwEi,,,,,,,,,,,,,,,,2,1,,2,1,,2,1,,2,1,,2,1,
R_7lFTBIjn1U1P2lM,,,,,,,,,,,,,,,,2,1,,2,1,,2,1,,2,1,,2,1,
R_3Si5rvcEFbil3d7,2,1,,2,1,,2,1,,2,1,,1,,2,,,,,,,,,,,,,,,
R_1WWlFITElFGjeG5,,,,,,,,,,,,,,,,2,1,,2,1,,2,1,,2,1,,2,1,
R_742sa3zNYCLNX69,2,1,,2,1,,2,1,,2,1,,2,1,,,,,,,,,,,,,,,,
R_3SqaG4XNpbcdS86,,,,,,,,,,,,,,,,2,2,,2,2,,2,2,,2,2,,2,2,
R_3rwVpOZjaiPWYLR,,,,,,,,,,,,,,,,2,2,,2,2,,2,2,,2,2,,2,2,
R_5l014l2LWZwiDpB,,,,,,,,,,,,,,,,2,1,,2,1,,2,2,,2,1,,2,1,
R_7kv571ViefrApyp,2,2,,2,1,,2,1,,1,,2,2,1,,,,,,,,,,,,,,,,
R_74yUjZhf73VcBZD,,,,,,,,,,,,,,,,2,2,,2,2,,2,1,,2,1,,2,1,
R_6NJqmkM8DxoLrHj,,,,,,,,,,,,,,,,2,2,,2,2,,2,2,,2,2,,2,2,
R_6TLbp9Ygk7sutSu,2,2,,2,1,,2,1,,2,1,,2,1,,,,,,,,,,,,,,,,
R_7eqMUDpim53dUWY,1,,2,1,,2,1,,2,1,,2,1,,2,,,,,,,,,,,,,,,
R_6ahum0kYSzLHytv,,,,,,,,,,,,,,,,2,2,,2,2,,2,1,,2,1,,2,1,
R_3tGwsztQkVAsclO,2,1,,2,1,,2,1,,2,1,,2,1,,,,,,,,,,,,,,,,
R_51QOu5fKciJXULV,,,,,,,,,,,,,,,,2,1,,2,2,,2,2,,2,2,,2,2,
R_5CUBaolwn56trfi,,,,,,,,,,,,,,,,2,1,,2,1,,2,1,,2,1,,2,1,
R_6k3re8hANh1DMAx,,,,,,,,,,,,,,,,2,2,,2,2,,2,2,,2,2,,2,2,
R_1f1gr8m09ONIleF,2,2,,2,2,,2,2,,2,2,,1,,2,,,,,,,,,,,,,,,
R_6n2a8AM5GoOZVJ8,2,2,,2,2,,2,2,,2,2,,2,2,,,,,,,,,,,,,,,,
R_5klByY6qsCv5Q77,,,,,,,,,,,,,,,,2,2,,2,2,,2,2,,2,2,,2,2,
R_3NsQ9cuVycAbWXl,,,,,,,,,,,,,,,,1,,2,1,,2,1,,2,1,,2,1,,2
R_100kM99kEXU61aN,2,1,,2,1,,1,,2,2,1,,1,,2,,,,,,,,,,,,,,,
R_3gGYt3Retn29Yqt,1,,2,2,1,,2,1,,2,1,,2,1,,,,,,,,,,,,,,,,
R_6RNSovt9opSet3j,,,,,,,,,,,,,,,,2,2,,2,2,,2,2,,2,2,,2,2,
R_3EEwcXfrNmAU9yh,,,,,,,,,,,,,,,,2,1,,2,2,,2,2,,2,2,,2,2,
R_7M4Xeufx75V306I,1,,1,2,1,,1,,2,2,2,,2,2,,,,,,,,,,,,,,,,
R_6wtrUA5PwDLOmd8,2,1,,2,1,,2,1,,2,1,,2,1,,,,,,,,,,,,,,,,
R_3BaPsvNyQJfnQtg,2,1,,1,,2,2,1,,1,,2,1,,1,,,,,,,,,,,,,,,
R_7iDUgrxH3FnzNza,,,,,,,,,,,,,,,,2,1,,2,1,,2,1,,2,1,,2,1,
R_3ETibMIpoIzU0bG,2,2,,2,2,,2,2,,2,2,,2,2,,,,,,,,,,,,,,,,
R_3U5Uh71tl5vWDEj,2,2,,2,1,,2,1,,2,1,,2,2,,,,,,,,,,,,,,,,
R_1MnHp7LorV2LKQM,,,,,,,,,,,,,,,,2,1,,2,2,,2,2,,2,2,,2,2,
R_5rYhxcycN6VbQ2L,2,2,,2,1,,2,2,,2,2,,2,2,,,,,,,,,,,,,,,,
R_60Hmhvowz71wh9Z,,,,,,,,,,,,,,,,2,1,,2,2,,2,2,,2,1,,2,1,
R_5NEv4wl8cIWuiIb,,,,,,,,,,,,,,,,2,1,,2,1,,2,1,,2,1,,2,1,
R_6ptzXdSfbSkVas1,2,2,,2,2,,2,2,,2,2,,2,2,,,,,,,,,,,,,,,,
R_3pflKFdEYdFdk6W,2,2,,2,1,,2,1,,2,1,,2,1,,,,,,,,,,,,,,,,
R_77TGbjW6mzIMnV7,1,,1,1,,1,1,,1,1,,1,1,,1,,,,,,,,,,,,,,,
R_5cjjZQElF89HYI1,,,,,,,,,,,,,,,,2,2,,2,2,,2,2,,2,2,,2,2,
R_52mcck15Vz6WDea,,,,,,,,,,,,,,,,2,2,,2,2,,2,2,,2,2,,2,2,
R_5QAwNhoPrnuHoyd,2,1,,2,2,,2,1,,2,1,,2,1,,,,,,,,,,,,,,,,
R_7FKWsJtLtarxqCJ,2,1,,2,2,,2,1,,2,1,,2,1,,,,,,,,,,,,,,,,
R_63u3GrDWn8GLvG1,1,,2,1,,2,1,,2,1,,2,1,,2,,,,,,,,,,,,,,,
R_5tajFHwg94zr1la,,,,,,,,,,,,,,,,2,2,,2,2,,2,2,,2,1,,2,2,
R_6VPwtIPHHzzfKW9,,,,,,,,,,,,,,,,1,,2,1,,2,1,,2,1,,2,1,,2
R_3bDWFzrxb3qjycV,,,,,,,,,,,,,,,,2,1,,2,1,,2,1,,2,1,,2,1,
R_5wmLlmRF7SNiEox,2,1,,2,1,,2,1,,2,1,,2,1,,,,,,,,,,,,,,,,
R_54dxnPaQNtXx2Wh,2,1,,2,1,,2,1,,2,1,,2,1,,,,,,,,,,,,,,,,
R_7zZbcpG7FCO7Ax8,2,2,,2,1,,2,1,,2,1,,1,,2,,,,,,,,,,,,,,,
R_7Lik6NApMSiCisp,2,1,,2,1,,2,1,,1,,2,2,1,,,,,,,,,,,,,,,,
R_3JCrUPcXXINEHH1,1,,2,2,1,,1,,1,2,1,,1,,2,,,,,,,,,,,,,,,
R_56i2Gif6nhfs2W4,,,,,,,,,,,,,,,,2,2,,2,2,,2,2,,2,2,,2,2,
R_1nTRCyi94VEk1jQ,2,2,,2,1,,2,2,,2,2,,2,2,,,,,,,,,,,,,,,,
R_34GWeSRXlKHmvyo,,,,,,,,,,,,,,,,2,1,,2,1,,2,1,,2,1,,2,1,
R_3ZOcNX33VCxgIdH,,,,,,,,,,,,,,,,2,2,,2,2,,2,2,,2,2,,2,2,
R_311fNQw1JHhCEqg,,,,,,,,,,,,,,,,2,1,,2,2,,2,2,,2,1,,2,2,
R_3r9x56Ylhne3o6l,,,,,,,,,,,,,,,,2,1,,2,1,,2,1,,2,1,,2,1,
R_3qKYHD7UOGrUdtD,,,,,,,,,,,,,,,,2,1,,2,1,,2,1,,2,1,,2,1,
R_5hHktnVoSQ1uGAv,,,,,,,,,,,,,,,,2,1,,2,1,,2,1,,2,1,,2,1,
R_18FY2PSaYV7wk9z,2,2,,2,1,,2,1,,2,2,,2,1,,,,,,,,,,,,,,,,
R_6Kfn7Oh2h9MdcVH,,,,,,,,,,,,,,,,2,1,,1,,1,2,2,,2,2,,2,2,
R_35RtIXPXntciVOW,2,2,,2,2,,2,2,,2,1,,2,2,,,,,,,,,,,,,,,,
R_6PcP4D0a0USTTgJ,2,2,,2,1,,2,1,,2,1,,2,1,,,,,,,,,,,,,,,,
R_6M6W4Fon34QdFT8,,,,,,,,,,,,,,,,2,1,,2,1,,2,1,,2,1,,2,1,
R_12S6UfQOW79raKI,2,2,,1,,2,1,,2,2,1,,2,2,,,,,,,,,,,,,,,,
R_1IlbHRtya7cQ8Mh,,,,,,,,,,,,,,,,1,,2,2,1,,2,1,,2,1,,1,,2
R_7NsSZMEHJL2xjfZ,2,2,,2,2,,2,2,,2,2,,2,2,,,,,,,,,,,,,,,,
R_7zZKjqWuAoaYzWK,,,,,,,,,,,,,,,,2,1,,2,1,,2,2,,2,1,,2,2,
R_1WGqOPmKOeVIoK1,1,,1,1,,1,1,,1,1,,1,1,,1,,,,,,,,,,,,,,,
R_7964fUKUmXXGAYf,1,,2,2,1,,2,1,,2,2,,2,2,,,,,,,,,,,,,,,,
R_700tfQGOXh5R9xD,,,,,,,,,,,,,,,,2,2,,2,2,,2,2,,2,2,,2,2,
R_1UtIjvc32pofaiB,2,2,,2,2,,2,2,,2,2,,2,2,,,,,,,,,,,,,,,,
R_6PAUxZOCwkUt0KF,,,,,,,,,,,,,,,,2,2,,2,2,,2,2,,2,2,,2,2,
R_60YMm8tV7XrdYK8,2,2,,1,,2,2,2,,2,1,,2,1,,,,,,,,,,,,,,,,
R_1j1KI5uYEvsCbgJ,,,,,,,,,,,,,,,,2,1,,2,1,,2,1,,2,1,,2,1,
R_5Bvd6nlivYtSKuR,1,,1,1,,1,1,,1,1,,1,1,,1,,,,,,,,,,,,,,,
R_1MVSU6mkHy64FXy,2,2,,2,1,,2,2,,2,1,,2,2,,,,,,,,,,,,,,,,
R_3Fhn0yb6PlzEzXs,,,,,,,,,,,,,,,,2,2,,2,2,,2,2,,2,2,,2,2,
R_1dFSnOeYbRTUK72,2,1,,2,1,,2,1,,2,1,,2,1,,,,,,,,,,,,,,,,
R_7tyajnuZbltkRJK,,,,,,,,,,,,,,,,2,1,,2,1,,2,1,,2,2,,2,1,
R_1uPOqSI8nehm0xP,2,1,,2,1,,2,1,,2,1,,2,1,,,,,,,,,,,,,,,,
R_5QAr5N60G4uEYKJ,,,,,,,,,,,,,,,,2,2,,2,2,,2,2,,2,2,,2,2,
R_3mSR8ZlVZ2IBULT,,,,,,,,,,,,,,,,1,,2,2,1,,2,1,,1,,2,2,1,
R_3HtasMSXrSAcnaR,2,1,,2,1,,2,1,,2,1,,2,1,,,,,,,,,,,,,,,,
R_3TZdaYIXLbiCqSh,2,2,,2,1,,2,1,,2,1,,2,1,,,,,,,,,,,,,,,,
R_5szFjutSGkbgTiC,,,,,,,,,,,,,,,,2,1,,2,2,,2,2,,2,1,,2,2,
R_3pm00fZqFVmgZFE,,,,,,,,,,,,,,,,2,1,,2,1,,2,1,,2,1,,2,1,
R_3EhjsmK7XuaNSEI,,,,,,,,,,,,,,,,2,2,,2,2,,2,2,,2,2,,2,2,
R_6J2VX9gVJwoxeXm,,,,,,,,,,,,,,,,2,1,,2,1,,2,1,,2,1,,2,1,
R_6RVaJ5tuqHcJ1xn,,,,,,,,,,,,,,,,2,1,,2,2,,2,2,,2,1,,2,1,
R_6EoYbsKFIWOueJ3,2,2,,2,1,,2,2,,2,2,,2,2,,,,,,,,,,,,,,,,
R_7QuIXeM9QqknYIN,2,1,,1,,2,2,1,,1,,2,1,,2,,,,,,,,,,,,,,,
R_1YmLWDGFAfM649a,,,,,,,,,,,,,,,,2,2,,2,2,,2,2,,2,2,,2,2,
R_5tyTzqDeLQ4EvjX,1,,2,1,,2,2,1,,1,,2,2,1,,,,,,,,,,,,,,,,
R_11uZ8I4S0Vifsd5,2,1,,2,1,,2,1,,2,1,,2,1,,,,,,,,,,,,,,,,
R_3myItHm0OhqQVfR,,,,,,,,,,,,,,,,1,,1,1,,2,2,2,,2,2,,1,,2
R_1QWpUXtZnTxAyT1,2,2,,2,1,,2,2,,2,1,,2,2,,,,,,,,,,,,,,,,
R_5dY7Y5v8T537Hpf,,,,,,,,,,,,,,,,2,1,,1,,1,1,,2,2,1,,1,,2
R_78wxl1784ZcP3cl,,,,,,,,,,,,,,,,2,2,,2,2,,2,2,,2,2,,2,2,
R_5qKjuPy9XnUE6NO,2,1,,2,1,,2,1,,2,1,,2,1,,,,,,,,,,,,,,,,
R_5DdpW5YduWb1nHT,2,2,,2,2,,2,2,,2,2,,2,2,,,,,,,,,,,,,,,,
R_1irpBq4sTBuwnTP,2,1,,1,,2,1,,2,2,2,,2,1,,,,,,,,,,,,,,,,
R_1kMvHm9WudEn9Ki,,,,,,,,,,,,,,,,2,1,,2,2,,2,2,,2,1,,2,2,
R_1wvHkluv8OVJtLe,,,,,,,,,,,,,,,,2,2,,2,2,,2,1,,2,1,,2,2,
R_5YeQ7SG5muOr5dv,1,,2,1,,2,1,,2,1,,2,1,,2,,,,,,,,,,,,,,,
R_60vgaT537bHlsFe,,,,,,,,,,,,,,,,2,1,,2,1,,2,1,,2,1,,2,1,
R_7BhSQxux5yFatMS,2,2,,2,1,,2,2,,2,2,,2,1,,,,,,,,,,,,,,,,
R_7YrC4aaSDsJ0Dij,1,,1,2,1,,2,1,,2,1,,2,1,,,,,,,,,,,,,,,,
R_7ifVO7k2N12yAYJ,,,,,,,,,,,,,,,,2,1,,2,1,,2,2,,2,1,,2,2,
R_5KOpoU4krFlCf3P,,,,,,,,,,,,,,,,1,,2,1,,2,1,,2,1,,2,1,,2
R_19yvMQTPqSop06B,2,2,,2,2,,2,2,,2,1,,2,2,,,,,,,,,,,,,,,,
R_5wFS6V3risUz9fP,2,2,,2,2,,2,2,,2,2,,2,1,,,,,,,,,,,,,,,,
R_3vEkHBGOPNKsdMt,2,2,,2,2,,2,2,,2,2,,2,2,,,,,,,,,,,,,,,,
R_1u23tMCeOot2dJT,,,,,,,,,,,,,,,,1,,2,1,,2,1,,2,1,,2,1,,2
R_1KVNcq519XtJKzx,,,,,,,,,,,,,,,,2,1,,2,1,,2,1,,2,1,,2,1,
R_6uLxk8fSXz7VDkl,2,1,,2,1,,2,1,,2,1,,2,1,,,,,,,,,,,,,,,,
R_5V1sRXUeIgt1Roi,,,,,,,,,,,,,,,,2,2,,2,2,,2,2,,2,2,,2,2,
R_34b8lDBq58jys7f,2,2,,2,2,,2,2,,2,2,,2,2,,,,,,,,,,,,,,,,
R_10RoZLxADaSzTwJ,2,2,,2,1,,2,2,,2,1,,2,1,,,,,,,,,,,,,,,,
R_7rwjGqsWjmq38zG,,,,,,,,,,,,,,,,2,2,,2,2,,2,2,,2,2,,2,2,
R_5V7ngYzajAAAR1k,,,,,,,,,,,,,,,,1,,2,1,,2,1,,2,1,,2,1,,2
R_72sOkw8JrHaKfCh,,,,,,,,,,,,,,,,2,1,,1,,2,2,1,,1,,2,2,1,
R_1DOgH7wVqDLBXjz,2,2,,2,1,,2,2,,2,1,,2,2,,,,,,,,,,,,,,,,
R_3H3mpX8RHdjA1sl,2,2,,2,2,,2,2,,2,2,,2,2,,,,,,,,,,,,,,,,
R_52SlMlyLJVzfBKI,,,,,,,,,,,,,,,,2,1,,2,1,,2,1,,2,1,,2,2,
R_6GreYjGMgjKoblW,,,,,,,,,,,,,,,,1,,1,1,,1,1,,1,1,,1,1,,1
R_7EJOkcVmbis3d1l,1,,2,1,,2,1,,2,1,,2,1,,2,,,,,,,,,,,,,,,
R_64oWwKSSDpRSVmp,2,1,,2,1,,2,1,,2,1,,2,1,,,,,,,,,,,,,,,,
R_5cvMmgLXhRXFzix,,,,,,,,,,,,,,,,1,,2,2,1,,2,1,,2,1,,2,1,
R_3DM3eNIFyDIBg4i,2,2,,2,2,,2,2,,1,,2,2,2,,,,,,,,,,,,,,,,
R_6y1agSrSededqDy,2,1,,2,1,,2,1,,2,1,,2,1,,,,,,,,,,,,,,,,
R_5GcqrZTqVNRhYvT,1,,2,1,,2,1,,2,1,,2,1,,2,,,,,,,,,,,,,,,
R_5zd1bSvYaiDTbYR,,,,,,,,,,,,,,,,1,,2,1,,2,1,,2,1,,1,1,,2
R_3scZCeRsOj0C5Ub,,,,,,,,,,,,,,,,2,1,,2,2,,1,,2,2,1,,2,1,
R_3p3EyltFpzdZAZq,2,2,,2,2,,2,2,,2,2,,2,2,,,,,,,,,,,,,,,,
R_7iRwbx0aFkdR1al,,,,,,,,,,,,,,,,2,1,,2,2,,2,2,,2,2,,2,2,
R_1I03Ha7JNEDxsCd,,,,,,,,,,,,,,,,2,1,,2,2,,2,2,,2,1,,2,1,
R_6XqXCCCiG9oZsBP,,,,,,,,,,,,,,,,2,2,,2,2,,2,2,,2,1,,2,1,
R_7LyDbl838o8rf4R,,,,,,,,,,,,,,,,2,2,,2,2,,2,2,,2,2,,2,2,
R_1CBaIFowYrQWdXO,,,,,,,,,,,,,,,,1,,2,2,2,,2,2,,2,2,,2,2,
R_6r1xJKBL68dhfq0,2,1,,2,1,,2,1,,2,1,,2,1,,,,,,,,,,,,,,,,
R_3OqwwsftoNHvxJS,2,1,,2,1,,2,1,,2,1,,2,1,,,,,,,,,,,,,,,,
R_1solZxlBfDfcO4V,2,2,,2,1,,2,1,,2,2,,2,1,,,,,,,,,,,,,,,,
R_72Fh0CaLSXTxnCU,,,,,,,,,,,,,,,,2,2,,2,2,,2,2,,2,1,,2,2,
R_3oHUemUxOVECbSx,2,1,,2,1,,2,1,,2,1,,2,2,,,,,,,,,,,,,,,,
R_3fPqCwUttkO6BMJ,,,,,,,,,,,,,,,,1,,2,2,2,,2,1,,2,1,,1,,2
R_7msmh4g8RQkEXTt,,,,,,,,,,,,,,,,2,1,,2,2,,2,2,,2,2,,2,2,
R_1EQlfhWNzLKZIuO,2,1,,2,1,,2,1,,2,1,,2,1,,,,,,,,,,,,,,,,
R_53ZH9GtQ8Qthkel,2,2,,2,1,,2,1,,2,1,,2,1,,,,,,,,,,,,,,,,
R_7QLvbrIqRdlJskx,,,,,,,,,,,,,,,,2,1,,2,1,,2,1,,2,1,,2,1,
R_7DUzXzf2rXiCA2y,2,2,,2,1,,2,1,,2,1,,2,2,,,,,,,,,,,,,,,,
R_5VrGQ6tS2cd2Tkt,,,,,,,,,,,,,,,,2,1,,2,1,,2,1,,2,1,,2,1,
R_3fm0ZqgVdxyVK13,2,2,,2,2,,2,2,,2,2,,2,2,,,,,,,,,,,,,,,,
R_5DF8EgddSuj4BDX,2,1,,2,2,,2,1,,2,1,,2,1,,,,,,,,,,,,,,,,
R_5ExXHqNXStkx78A,2,1,,1,,2,2,1,,1,,2,2,1,,,,,,,,,,,,,,,,
R_7Qs68p0qID5ueoD,,,,,,,,,,,,,,,,2,1,,2,2,,2,2,,2,1,,2,2,
R_37Hkn2jOvewjeNg,,,,,,,,,,,,,,,,2,2,,2,2,,2,2,,2,2,,2,2,
R_6OHCBd8VRd4t8FO,,,,,,,,,,,,,,,,1,,2,1,,2,1,,2,1,,2,1,,2
R_34wV3JypQKdJk6T,,,,,,,,,,,,,,,,2,2,,2,2,,2,2,,2,2,,2,2,
R_74TMOLZEyf4w46J,1,,2,2,1,,2,1,,2,1,,2,1,,,,,,,,,,,,,,,,
R_647zd15MpzspVOp,,,,,,,,,,,,,,,,1,,2,1,,2,1,,2,1,,2,1,,2
R_19hTfxn6BYDGUDy,2,2,,2,2,,2,2,,2,2,,2,2,,,,,,,,,,,,,,,,
R_5dGuy0LYETSoYzy,,,,,,,,,,,,,,,,2,1,,2,1,,2,1,,2,1,,2,1,
R_1hjUAlXgrXoslWN,2,1,,1,,2,2,1,,2,1,,1,,2,,,,,,,,,,,,,,,
R_10xs9M5wzSBNYsv,2,1,,2,2,,2,2,,2,2,,2,2,,,,,,,,,,,,,,,,
R_5al78uZYgn5VYU3,,,,,,,,,,,,,,,,2,1,,2,2,,2,2,,2,1,,2,2,
R_3bsMCogzhyMm4ff,,,,,,,,,,,,,,,,2,2,,1,,1,2,2,,1,,2,1,,2
R_3NEatmGBqtX4eW8,2,2,,2,1,,2,2,,2,1,,2,2,,,,,,,,,,,,,,,,
R_3rU9FaJHhSdThrs,,,,,,,,,,,,,,,,2,1,,2,1,,2,1,,2,1,,2,1,
R_6iI2i4fC1yMj6nh,2,2,,2,1,,2,2,,2,2,,2,2,,,,,,,,,,,,,,,,
R_7iQobx3wrX85hlp,2,1,,2,1,,2,1,,2,1,,2,1,,,,,,,,,,,,,,,,
R_1PbdSdBH02PKIDy,,,,,,,,,,,,,,,,2,2,,2,2,,2,2,,2,2,,2,2,
R_6ymvkrcHaCcpFCb,,,,,,,,,,,,,,,,1,,2,1,,2,1,,2,1,,2,1,,2
R_5MfiaAZaj2EXPYl,1,,2,1,,2,1,,2,2,1,,1,,2,,,,,,,,,,,,,,,
R_5bQaq8dBZPXbtQB,2,2,,2,1,,2,1,,2,1,,2,1,,,,,,,,,,,,,,,,
R_737cwnsbTSiXIQ2,,,,,,,,,,,,,,,,1,,1,2,2,,2,2,,2,2,,1,,2
R_6GUnz8ZgMfcEDfb,2,2,,2,2,,2,2,,2,2,,2,2,,,,,,,,,,,,,,,,
R_3oiNhaXBWcN1cbL,,,,,,,,,,,,,,,,2,2,,2,2,,2,2,,2,2,,2,2,
R_5kcfnn8vRmmdJKW,,,,,,,,,,,,,,,,1,,1,1,,1,1,,2,1,,2,1,,1
R_3qTX1EOUeE4rnyh,2,2,,2,2,,2,2,,2,1,,2,2,,,,,,,,,,,,,,,,
R_3VvwwnSbzrK1ln1,,,,,,,,,,,,,,,,2,1,,2,1,,2,1,,2,1,,2,1,
R_6knsDFuAZqh9d1q,,,,,,,,,,,,,,,,2,1,,2,2,,2,1,,2,1,,2,1,
R_1CEzcYeNH3InuY1,1,,2,1,,2,1,,2,1,,2,1,,2,,,,,,,,,,,,,,,
R_7l5IUCglKSNs82D,2,1,,2,1,,2,1,,1,,2,2,1,,,,,,,,,,,,,,,,
R_7mUdPoGtA5Ot74o,,,,,,,,,,,,,,,,2,2,,2,2,,2,2,,2,2,,2,2,
R_1g6qFV7cRauDUam,2,1,,2,1,,2,1,,2,1,,2,1,,,,,,,,,,,,,,,,
R_5duA2OCP2ljeUmh,,,,,,,,,,,,,,,,1,,2,1,,2,1,,2,1,,2,1,,2
R_1kqJsFeUv1GKTER,2,1,,2,1,,2,1,,2,1,,2,1,,,,,,,,,,,,,,,,
R_7oyWjE8BoLE5oob,,,,,,,,,,,,,,,,2,1,,2,2,,2,1,,2,1,,2,1,
R_7OOyuP0rjiIaj6c,,,,,,,,,,,,,,,,2,1,,2,1,,2,1,,2,1,,2,1,
R_5sXCRr7bLpcri7N,2,2,,1,,1,2,1,,2,1,,2,2,,,,,,,,,,,,,,,,
R_5k5PKRMgLJLMToo,2,2,,2,2,,2,2,,2,2,,2,2,,,,,,,,,,,,,,,,
R_1Z7GVSLfVizRtgR,1,,2,1,,1,1,,2,1,,2,1,,2,,,,,,,,,,,,,,,
R_3azFZxP7E07zvSF,,,,,,,,,,,,,,,,2,1,,1,,2,2,1,,2,1,,2,1,
R_17lNyzKjxfJFOdM,2,1,,2,1,,2,1,,2,1,,2,1,,,,,,,,,,,,,,,,
R_1lyFDkYTOk57XJ3,,,,,,,,,,,,,,,,2,1,,2,1,,2,1,,2,1,,2,1,
R_7fCeuQjTOs36w4P,2,2,,2,1,,2,1,,2,1,,2,1,,,,,,,,,,,,,,,,
R_3XgqxhZ5kOzFek4,,,,,,,,,,,,,,,,2,2,,2,2,,2,2,,2,2,,2,2,
R_53erDiUyAa30eFd,1,,2,1,,2,1,,2,1,,2,1,,2,,,,,,,,,,,,,,,
R_3kBrpJB9fCl8qgp,2,2,,2,1,,2,2,,1,,1,2,1,,,,,,,,,,,,,,,,
R_13mR1YPUOGaCdfb,,,,,,,,,,,,,,,,2,1,,2,1,,2,2,,2,1,,1,,2
R_3IXdMfUvoV4HiKc,,,,,,,,,,,,,,,,2,2,,2,2,,2,2,,2,2,,2,2,
R_6dopCwqH0VLsOCq,,,,,,,,,,,,,,,,1,,2,1,,2,1,,2,1,,2,1,,2
R_3dH9pKpg5Z7Llzo,,,,,,,,,,,,,,,,1,,2,1,,2,1,,2,1,,2,1,,2
R_6NyN17xt3nesWwH,,,,,,,,,,,,,,,,2,2,,2,2,,2,2,,2,2,,2,2,
R_6pguUU55v9CzuYC,2,2,,2,2,,2,2,,2,2,,2,2,,,,,,,,,,,,,,,,
R_538NRPD1m4V0frr,1,,1,1,,2,2,2,,1,,2,2,1,,,,,,,,,,,,,,,,
R_3YnzQFiRAdbPfyx,2,1,,2,1,,2,1,,2,1,,2,1,,,,,,,,,,,,,,,,
R_6VwoANEcSYNLjWq,2,1,,2,1,,2,1,,2,1,,2,1,,,,,,,,,,,,,,,,
R_3dp7j84xQTLha4k,2,2,,2,2,,2,2,,2,2,,2,2,,,,,,,,,,,,,,,,
R_6il1ax7D8YrcFSQ,,,,,,,,,,,,,,,,2,1,,2,1,,2,1,,2,1,,2,1,
R_11jPqfklr8Aqfro,1,,1,1,,2,1,,1,1,,1,1,,1,,,,,,,,,,,,,,,
R_3HG9cSyrr9X2izf,,,,,,,,,,,,,,,,2,2,,2,2,,2,2,,2,2,,2,2,
R_3gBFe6E3NJl5taZ,,,,,,,,,,,,,,,,2,1,,2,1,,2,1,,2,1,,2,1,
R_6MXoIVBg6eXyq9R,,,,,,,,,,,,,,,,2,1,,2,2,,2,1,,2,1,,2,1,
R_5swnIaSMvtXlDjP,,,,,,,,,,,,,,,,2,1,,2,2,,2,1,,2,1,,2,1,
R_1CwJkE8GZFz2agt,2,1,,2,1,,2,1,,2,1,,2,1,,,,,,,,,,,,,,,,
R_3PuWmEHk2ZpwyBc,2,2,,2,1,,2,1,,2,2,,2,2,,,,,,,,,,,,,,,,
R_117NA2AXK7KR2ad,2,2,,2,1,,2,1,,2,1,,2,1,,,,,,,,,,,,,,,,
R_7RWXgOEcAYtp7Vv,2,1,,2,1,,1,,2,2,1,,2,1,,,,,,,,,,,,,,,,
R_6K0Iae7IpBgegmt,,,,,,,,,,,,,,,,2,1,,2,2,,2,2,,2,1,,2,1,
R_1EtbJ5BoGo0rerZ,,,,,,,,,,,,,,,,2,1,,2,2,,2,2,,2,2,,2,2,
R_3CKhKtBfWzWAtNk,,,,,,,,,,,,,,,,2,2,,2,2,,2,2,,2,2,,2,2,
R_1CAVRP7VFRsSryO,1,,2,2,2,,1,,1,1,,2,2,2,,,,,,,,,,,,,,,,
R_3dreB32zNMra0qB,,,,,,,,,,,,,,,,1,,2,1,,2,1,,2,1,,2,1,,2
R_1PrAKX0VaNL3W81,2,2,,2,2,,2,2,,2,2,,2,2,,,,,,,,,,,,,,,,
R_6nkHRjRAreOr7rA,2,2,,2,1,,2,2,,2,2,,2,2,,,,,,,,,,,,,,,,
R_3WP5hNVqNhwxD4R,2,1,,1,,2,1,,2,1,,2,1,,2,,,,,,,,,,,,,,,
R_3Ys2Z5E0BzaEk8e,,,,,,,,,,,,,,,,2,2,,2,2,,2,2,,2,1,,2,1,
R_3PzmCtkM8S7dix3,1,,1,1,,2,1,,2,1,,2,1,,2,,,,,,,,,,,,,,,
R_5zoaWD5xJDzuvRv,,,,,,,,,,,,,,,,2,1,,2,2,,2,1,,2,1,,2,1,
R_6Se59xeY7jvgUvi,,,,,,,,,,,,,,,,2,2,,2,2,,2,2,,2,2,,2,2,
R_1mgi8BpvUUuU5AB,,,,,,,,,,,,,,,,1,,2,1,,1,1,,2,1,,2,1,,2
R_3jetDcewcley3db,2,1,,2,1,,2,1,,2,1,,2,1,,,,,,,,,,,,,,,,
R_5g7daniGOwWcdad,2,2,,2,1,,2,1,,2,1,,2,1,,,,,,,,,,,,,,,,
R_32byUevtqZHccoo,,,,,,,,,,,,,,,,2,2,,2,2,,2,2,,2,1,,2,2,
R_7kRkSC4lvnwqiYN,1,,2,2,1,,1,,2,1,,2,1,,2,,,,,,,,,,,,,,,
R_1GVXI4rI1kPXAan,2,2,,2,1,,2,2,,2,1,,2,2,,,,,,,,,,,,,,,,
R_1SdVcnNtMF4SvLz,,,,,,,,,,,,,,,,2,2,,2,2,,2,2,,2,2,,2,2,
R_7JenKLe1cO2xqIu,,,,,,,,,,,,,,,,2,1,,2,1,,2,1,,2,1,,2,1,
R_5JJjXUIigyDONWT,,,,,,,,,,,,,,,,2,1,,1,,2,2,1,,1,,2,1,,2
R_5qJyixseyb4dtww,2,1,,2,2,,2,1,,2,1,,2,2,,,,,,,,,,,,,,,,
R_138AOegzvQ9Lcgy,2,1,,2,1,,2,1,,1,,2,2,1,,,,,,,,,,,,,,,,
R_13Kr2xF9rU5rOBr,,,,,,,,,,,,,,,,2,1,,2,1,,2,1,,2,2,,2,2,
R_1FVeDBp7IGMZD6C,1,,1,1,,2,1,,2,1,,2,1,,2,,,,,,,,,,,,,,,
R_1ON2MDgqf2b4Ef2,,,,,,,,,,,,,,,,2,2,,2,2,,2,2,,2,2,,2,2,
R_3IoV1xSqqgmauTA,1,,1,1,,2,1,,2,1,,1,1,,2,,,,,,,,,,,,,,,
R_7RQVkGYqWWCtBm7,2,2,,2,2,,2,2,,2,2,,2,2,,,,,,,,,,,,,,,,
R_1qcKdYdbymprJg5,,,,,,,,,,,,,,,,2,2,,2,2,,2,1,,2,1,,2,1,
R_7Jczust8Edzy9ZD,,,,,,,,,,,,,,,,2,1,,2,2,,2,2,,2,2,,2,2,
R_5djOoDSUU8yJRoR,2,1,,2,1,,2,1,,2,1,,2,1,,,,,,,,,,,,,,,,
R_3w6ujtsf2TrEQok,,,,,,,,,,,,,,,,1,,2,1,,2,1,,2,1,,2,2,1,
R_1wc3k9wkX4wpIrD,2,2,,2,2,,2,2,,2,2,,2,2,,,,,,,,,,,,,,,,
R_5fB8yNmWvFqfGxz,,,,,,,,,,,,,,,,2,2,,2,1,,2,2,,2,2,,2,2,
R_3ha9yws2iwG8hMc,,,,,,,,,,,,,,,,2,2,,2,2,,2,2,,2,2,,2,2,
R_32FLlYqKaKnUNl2,1,,2,2,2,,1,,2,1,,2,1,,2,,,,,,,,,,,,,,,
R_3L7K0zx7INfPv2N,,,,,,,,,,,,,,,,2,2,,2,2,,2,2,,2,2,,2,2,
R_7qCzeW46nzqo9NY,1,,2,2,2,,2,2,,1,,2,1,,2,,,,,,,,,,,,,,,
R_6g1BzBPCEkOZvup,,,,,,,,,,,,,,,,2,1,,2,1,,2,1,,2,1,,2,1,
R_15D0RSLzRXZFiut,2,1,,2,1,,2,1,,2,1,,2,1,,,,,,,,,,,,,,,,
R_6mCPhmNIE4XrZWV,,,,,,,,,,,,,,,,1,,2,1,,1,2,2,,2,2,,1,,1
R_3QtKwZVO42el5bP,,,,,,,,,,,,,,,,2,1,,2,2,,2,1,,2,1,,2,1,
R_5Btvfu7nGlfBrFS,2,2,,2,2,,2,2,,2,2,,2,2,,,,,,,,,,,,,,,,
R_1p9wiMkYIDRDe4F,2,2,,2,1,,2,1,,2,1,,2,1,,,,,,,,,,,,,,,,
R_7KvylXO82UhUp5b,2,2,,2,1,,2,1,,2,1,,2,1,,,,,,,,,,,,,,,,
R_62Mhh3XxHgr0vDs,,,,,,,,,,,,,,,,2,1,,2,2,,2,1,,2,1,,2,1,
R_6lztmHgiWVQHLyk,2,1,,2,1,,2,1,,2,1,,2,1,,,,,,,,,,,,,,,,
R_7FEr9LKQN8r8HqV,,,,,,,,,,,,,,,,2,1,,2,1,,2,1,,2,1,,2,1,
R_6RPmDKbJ6qPF52J,1,,1,1,,1,1,,1,1,,1,1,,1,,,,,,,,,,,,,,,
R_60OznrzX5j0nzmM,,,,,,,,,,,,,,,,2,1,,2,1,,2,1,,2,1,,2,1,
R_7BfWNbFPq7Y9kpk,,,,,,,,,,,,,,,,2,1,,2,1,,2,1,,2,1,,2,1,
R_36gRpbdmsXnKEFu,2,1,,2,1,,2,1,,2,1,,2,1,,,,,,,,,,,,,,,,
R_1FWYilipGdlM2Ai,1,,2,1,,2,2,1,,2,1,,2,1,,,,,,,,,,,,,,,,
R_37nRllwQgzJ6EE1,1,,2,1,,2,1,,2,1,,2,1,,2,,,,,,,,,,,,,,,
R_5BzaVcphA3qSViS,,,,,,,,,,,,,,,,2,1,,2,2,,2,2,,2,1,,2,1,
R_13frgigVDQqD68Z,,,,,,,,,,,,,,,,2,1,,2,1,,2,1,,2,1,,2,1,
R_774xoAduDheueQN,2,2,,2,2,,2,2,,2,2,,2,2,,,,,,,,,,,,,,,,
R_1xdRU4RmjrdsTmh,2,2,,2,2,,2,2,,2,2,,2,2,,,,,,,,,,,,,,,,
R_1dGxAl1eMenvcYx,,,,,,,,,,,,,,,,2,2,,2,2,,2,2,,2,2,,2,2,
R_3st6mKrn8fsYORC,,,,,,,,,,,,,,,,2,1,,2,1,,2,1,,2,1,,2,1,
R_5s6qXUUYpbKVxYe,2,2,,2,1,,2,1,,2,1,,2,1,,,,,,,,,,,,,,,,
R_6pY0o8TvPy3V556,2,1,,2,1,,2,1,,2,1,,2,1,,,,,,,,,,,,,,,,
R_3JL9UFZTCFskJ7V,,,,,,,,,,,,,,,,2,1,,2,1,,2,1,,2,1,,2,1,
R_7OrW6nYs9oO2nfD,,,,,,,,,,,,,,,,2,1,,2,1,,2,2,,2,2,,2,2,
R_7tqTheCY0tSNs3L,2,1,,2,1,,2,1,,2,1,,2,1,,,,,,,,,,,,,,,,
R_6GeosAA3VZWxKyc,,,,,,,,,,,,,,,,1,,2,1,,2,1,,2,1,,2,1,,2
R_5mwuJEB7PpumOTD,2,2,,2,2,,2,2,,2,2,,2,2,,,,,,,,,,,,,,,,
R_5Ylmr0QfoPqNYSo,,,,,,,,,,,,,,,,2,2,,2,2,,2,2,,2,2,,2,2,
R_3hNiZjaYnwlYsoC,,,,,,,,,,,,,,,,2,1,,2,1,,2,1,,2,1,,2,1,
R_6s4umZol16oZeRG,1,,1,1,,1,1,,1,1,,2,2,2,,,,,,,,,,,,,,,,
R_67QimSZ5edGHvKt,2,2,,2,1,,2,2,,2,1,,2,2,,,,,,,,,,,,,,,,
R_7TNQCetBdTeA7gI,,,,,,,,,,,,,,,,2,1,,2,2,,2,2,,2,2,,2,2,
R_7ckenDi4dMNBMUp,1,,2,1,,1,1,,2,1,,2,1,,2,,,,,,,,,,,,,,,
R_1Pue4hTSsQAtEXn,,,,,,,,,,,,,,,,2,1,,2,2,,2,2,,2,1,,2,1,
R_3isdCjCXAgKGyod,,,,,,,,,,,,,,,,2,1,,2,1,,2,1,,2,1,,2,1,
R_7sJqAS198vhQHZf,2,2,,2,1,,2,1,,2,1,,2,1,,,,,,,,,,,,,,,,
R_65QKi29XWMyb3nf,1,,2,2,2,,1,,1,2,2,,2,2,,,,,,,,,,,,,,,,
R_3gNLWzqrUWPCKuF,,,,,,,,,,,,,,,,2,2,,2,2,,2,2,,2,2,,2,2,
R_3er649DHFmUUyKB,,,,,,,,,,,,,,,,2,2,,2,2,,2,2,,2,2,,2,2,
R_7D6qvuc5vFSYwTR,2,1,,2,1,,2,1,,2,1,,2,1,,,,,,,,,,,,,,,,
R_3OoCsOvkuGo9nQ9,1,,1,1,,1,1,,1,1,,1,1,,1,,,,,,,,,,,,,,,
R_7xvZmCjk5jzePBL,,,,,,,,,,,,,,,,2,1,,2,1,,2,1,,2,1,,2,1,
R_3apOQ7EeWBcwqLD,,,,,,,,,,,,,,,,2,1,,2,1,,2,1,,2,1,,2,1,
R_5PBvnLId4m2T4oY,2,2,,2,2,,1,,2,2,1,,2,2,,,,,,,,,,,,,,,,
R_3XjDJ2n19m9nFxn,2,2,,2,1,,2,1,,2,1,,2,1,,,,,,,,,,,,,,,,
R_1nvCJP11BTGMQu7,,,,,,,,,,,,,,,,2,2,,2,2,,2,2,,2,2,,2,2,
R_7YzbIK8WNqzvImg,,,,,,,,,,,,,,,,2,1,,2,1,,2,1,,2,1,,2,1,
R_1qpPkEaCyy4gSIe,2,2,,2,1,,2,1,,2,1,,2,2,,,,,,,,,,,,,,,,
R_3HAXepKxyPswW5j,,,,,,,,,,,,,,,,1,,2,1,,2,1,,2,2,1,,1,,2
R_7hNn0PavLE0xuwm,2,2,,2,2,,2,2,,2,2,,2,2,,,,,,,,,,,,,,,,
R_6VybVXK1Qc2S9m1,,,,,,,,,,,,,,,,2,1,,1,,2,1,,2,1,,2,2,1,
R_15X6nivfpCJumRt,,,,,,,,,,,,,,,,2,1,,2,2,,2,2,,2,2,,2,2,
R_1CZGl5ACUyN15r7,2,1,,2,1,,2,1,,2,1,,2,1,,,,,,,,,,,,,,,,
R_3Xii5g0yLHShuDy,,,,,,,,,,,,,,,,2,1,,2,1,,1,,2,2,1,,2,1,
R_7PLcwJRlpRvsupz,2,2,,2,1,,2,2,,2,1,,2,2,,,,,,,,,,,,,,,,
R_5FRoSTM153h1sT1,,,,,,,,,,,,,,,,1,,2,1,,2,1,,2,1,,2,1,,2
R_7bO7ZQIXumP1xcS,2,2,,2,2,,2,2,,2,2,,2,2,,,,,,,,,,,,,,,,
R_6cBUX8C6cai5D0Z,2,1,,2,1,,2,1,,2,1,,2,1,,,,,,,,,,,,,,,,
R_7CNf8qf6GbMF4Pr,2,1,,2,1,,2,1,,2,1,,2,1,,,,,,,,,,,,,,,,
R_6rB0OKTkDVhU4SU,,,,,,,,,,,,,,,,1,,2,1,,2,1,,2,1,,1,1,,2
R_1jNukLyIBJIheE0,2,2,,2,1,,2,2,,2,2,,2,1,,,,,,,,,,,,,,,,
R_7TGQTaw4n2OWZMJ,,,,,,,,,,,,,,,,2,1,,2,1,,2,1,,2,1,,2,1,
R_6LunGGtkdTo4uTB,,,,,,,,,,,,,,,,2,2,,2,2,,2,1,,2,1,,2,1,
R_3zPjeK4WakKdZKn,,,,,,,,,,,,,,,,2,1,,2,2,,2,1,,2,1,,2,1,
R_7eCV5uRtxkOBfVH,2,2,,2,1,,2,1,,2,1,,2,1,,,,,,,,,,,,,,,,
R_7S7F6KBDkAKkFPe,,,,,,,,,,,,,,,,2,1,,2,1,,2,1,,2,1,,2,1,
R_7cfptQ5I2f6tk8V,2,2,,2,2,,2,2,,2,2,,2,2,,,,,,,,,,,,,,,,
R_1sSwAXRe4vawg0i,2,1,,2,1,,2,2,,2,2,,2,2,,,,,,,,,,,,,,,,
R_6JL9UjffuOm29QK,1,,2,1,,2,1,,2,2,2,,1,,1,,,,,,,,,,,,,,,
R_3hOGEGCPLxeLTxL,,,,,,,,,,,,,,,,2,2,,2,2,,2,2,,2,2,,2,2,
R_6O13mgdtVWJsxvr,1,,2,1,,2,1,,2,1,,2,1,,2,,,,,,,,,,,,,,,
R_30dgT7TG8CeISrX,,,,,,,,,,,,,,,,2,1,,2,2,,2,1,,2,1,,2,2,
R_5pul4jZGwnedEAX,,,,,,,,,,,,,,,,2,1,,2,1,,2,1,,2,1,,2,1,
R_6AHKHyxLMf47hpx,2,2,,2,1,,2,1,,2,1,,2,1,,,,,,,,,,,,,,,,
R_60UswbGcqa246Fv,,,,,,,,,,,,,,,,2,1,,2,1,,2,1,,2,1,,2,1,
R_36alJilELcts4q5,2,2,,2,2,,2,2,,2,2,,2,2,,,,,,,,,,,,,,,,
R_1kNvu2iP8cXmZx8,,,,,,,,,,,,,,,,2,1,,2,2,,2,2,,2,1,,2,2,
R_1htjp2kwJN1vRqd,2,2,,2,2,,2,2,,2,2,,2,2,,,,,,,,,,,,,,,,
R_7ZEMWucqYEaxUER,,,,,,,,,,,,,,,,2,2,,2,2,,2,2,,2,2,,2,2,
R_7N35kifbW4rTZrJ,2,2,,2,1,,2,1,,2,1,,2,1,,,,,,,,,,,,,,,,
R_5Y8H6YtkCWRerct,1,,1,1,,2,1,,2,1,,1,1,,2,,,,,,,,,,,,,,,
R_1HcwHJstCrb4tB5,,,,,,,,,,,,,,,,2,2,,2,2,,2,2,,2,1,,2,2,
R_1T6ikLQQOuxIbgl,2,2,,2,2,,2,2,,2,2,,2,2,,,,,,,,,,,,,,,,
R_7mkRmFeOFMyhvTX,,,,,,,,,,,,,,,,2,1,,2,2,,2,1,,2,2,,2,1,
R_3f4BhqNJxv6lAid,,,,,,,,,,,,,,,,2,1,,2,2,,2,2,,2,1,,2,2,
R_1uO1wuXFEonH7Ug,2,2,,2,1,,2,2,,2,2,,2,2,,,,,,,,,,,,,,,,
R_7k6b9dPzUYlWqFQ,,,,,,,,,,,,,,,,2,2,,2,2,,2,2,,2,2,,2,2,
R_7HueIPYz1mTZOnw,1,,2,1,,2,1,,2,1,,2,1,,2,,,,,,,,,,,,,,,
R_3g8b4w40ojruKy0,2,2,,2,2,,2,2,,2,2,,2,2,,,,,,,,,,,,,,,,
R_5frfNNY22O3TISP,,,,,,,,,,,,,,,,2,1,,1,,1,2,1,,1,,2,2,1,
R_7qCY50TeiWxeIXM,2,1,,2,1,,2,1,,2,1,,2,1,,,,,,,,,,,,,,,,
R_11tOXR2Cndb9QC5,,,,,,,,,,,,,,,,2,2,,2,2,,2,2,,2,2,,2,2,
R_5FgIlfOIEqNT4uB,2,2,,2,2,,2,2,,2,2,,2,2,,,,,,,,,,,,,,,,
R_5jfy8huKpt1SAj9,,,,,,,,,,,,,,,,2,2,,2,2,,2,2,,2,2,,2,2,
R_7My3EFCACVdSbg5,2,1,,2,1,,2,1,,2,1,,2,1,,,,,,,,,,,,,,,,
R_3Bgu5krVUyIprgd,1,,2,1,,2,1,,2,1,,1,1,,2,,,,,,,,,,,,,,,
R_3UVrZ6KRhmEFFhV,,,,,,,,,,,,,,,,1,,2,1,,2,1,,2,1,,2,1,,2
R_1gQ59PzXIFJHlux,,,,,,,,,,,,,,,,2,2,,2,2,,2,2,,2,2,,2,2,
R_7U60M1yiggMxnOT,1,,1,1,,1,1,,1,1,,1,1,,1,,,,,,,,,,,,,,,
R_7hM4q0FGAGsVXU8,,,,,,,,,,,,,,,,2,2,,2,2,,2,2,,2,2,,2,2,
R_7sp5ToQhcbkU9s5,1,,2,1,,2,1,,2,1,,2,1,,2,,,,,,,,,,,,,,,
R_3oai5d7X8lzd4Zj,,,,,,,,,,,,,,,,1,,1,1,,1,1,,1,1,,1,1,,1
R_5MSNCgRM95lvspr,,,,,,,,,,,,,,,,2,1,,2,1,,2,2,,2,1,,2,2,
R_6c6JGisideNEfei,2,1,,2,2,,2,2,,2,2,,2,1,,,,,,,,,,,,,,,,
R_7Vqlx0IgZ08FN4F,,,,,,,,,,,,,,,,1,,2,1,,2,1,,2,2,1,,1,,2
R_52GnbWX9ExC4vXo,2,2,,2,1,,2,2,,2,1,,2,1,,,,,,,,,,,,,,,,
R_68neiP78LrimBK9,2,2,,2,2,,2,1,,2,1,,2,2,,,,,,,,,,,,,,,,
R_1EFZm2gLJXqhvGb,,,,,,,,,,,,,,,,2,1,,2,1,,2,1,,2,1,,2,1,
R_1q1mZG0iusfjVzX,,,,,,,,,,,,,,,,2,2,,2,2,,2,2,,2,2,,2,2,
R_7UEchcUXf3r8xMt,,,,,,,,,,,,,,,,2,1,,2,2,,2,1,,2,1,,2,1,
R_3p1cXfCZGyXYRln,2,2,,2,1,,1,,1,1,,2,2,1,,,,,,,,,,,,,,,,
R_1urMu2QlcrDilWN,,,,,,,,,,,,,,,,2,2,,2,2,,2,2,,1,,1,2,2,
R_1KGQUCFA1eI8hjI,2,1,,2,1,,2,1,,2,1,,2,2,,,,,,,,,,,,,,,,
R_3QSxpycVjdsGSZi,,,,,,,,,,,,,,,,2,1,,2,1,,2,1,,2,1,,2,1,
R_3kIAfUSOQtCrPaQ,1,,2,1,,2,1,,2,1,,2,1,,2,,,,,,,,,,,,,,,
R_1dG606TNX1YX3AK,1,,2,2,1,,2,1,,2,1,,2,1,,,,,,,,,,,,,,,,
R_7IQWJ6eTpDd39kA,,,,,,,,,,,,,,,,2,1,,2,1,,2,1,,2,1,,2,1,
R_7GwckkABd3Cx6T9,,,,,,,,,,,,,,,,1,,2,1,,2,1,,2,1,,2,1,,2
R_1rU7Q3c3FRzzLUQ,2,2,,2,2,,2,1,,2,1,,2,1,,,,,,,,,,,,,,,,
R_74vdTVp73fYiirI,2,1,,2,1,,2,1,,2,1,,2,1,,,,,,,,,,,,,,,,
R_7BCoR1WAvVqpW4V,2,2,,2,2,,2,2,,2,2,,2,2,,,,,,,,,,,,,,,,
R_64w0afIdm74i6F3,,,,,,,,,,,,,,,,2,2,,2,2,,2,2,,2,1,,2,2,
R_5YN1r9ivlKAtBaV,,,,,,,,,,,,,,,,2,2,,2,2,,2,2,,2,2,,2,2,
R_3UfQfpGOEOBV94J,,,,,,,,,,,,,,,,1,,2,1,,2,1,,2,1,,2,1,,2
R_1gcjhtLnTBzFCA1,1,,2,1,,2,1,,2,1,,2,1,,2,,,,,,,,,,,,,,,
R_3GZvTGOw0ti07gi,2,2,,2,2,,1,,1,2,1,,2,2,,,,,,,,,,,,,,,,
R_5qs2nc2xoCN3ro6,,,,,,,,,,,,,,,,2,2,,2,2,,2,2,,2,2,,2,2,
R_1L85Oh5oyANLMM2,2,2,,2,2,,2,2,,2,2,,2,2,,,,,,,,,,,,,,,,
R_1oEA82SXBfYRGpa,,,,,,,,,,,,,,,,2,2,,2,2,,2,2,,2,2,,2,2,
R_6G6ce5CEjynEhHP,1,,2,1,,2,1,,2,2,1,,1,,2,,,,,,,,,,,,,,,
R_18Exw6qjLv7HhIJ,,,,,,,,,,,,,,,,2,1,,2,2,,2,2,,2,1,,2,1,
R_3L3zhpF44EOuPLP,,,,,,,,,,,,,,,,2,1,,2,2,,2,1,,2,2,,2,1,
R_6gL5bJIuTkBjl7t,2,2,,2,1,,2,2,,2,2,,2,2,,,,,,,,,,,,,,,,
R_5cd21jQ6LgRP31e,2,2,,2,2,,2,2,,2,2,,2,2,,,,,,,,,,,,,,,,
R_6hK4A9AjulBuvOV,,,,,,,,,,,,,,,,2,1,,2,2,,2,2,,2,1,,2,2,
R_5PCcdgyrtzUyqOZ,1,,1,1,,2,1,,2,1,,2,1,,2,,,,,,,,,,,,,,,
R_3eR1GlO642IzesK,,,,,,,,,,,,,,,,2,2,,2,2,,2,2,,2,1,,2,2,
R_6s4hA374aivC7XM,,,,,,,,,,,,,,,,2,2,,2,2,,2,2,,2,2,,2,2,
R_6fwEQ0FXWInF1N7,2,2,,2,2,,2,2,,2,2,,2,2,,,,,,,,,,,,,,,,
R_6OVfSUIasvogfEf,2,2,,2,2,,2,2,,2,1,,2,2,,,,,,,,,,,,,,,,
R_31PkMgODjrVEEMx,,,,,,,,,,,,,,,,2,1,,2,1,,2,1,,2,1,,2,1,
R_71mx22zbt8y6pMc,2,1,,2,1,,2,1,,2,1,,2,1,,,,,,,,,,,,,,,,
R_1sp0CTQpW0JTAsC,,,,,,,,,,,,,,,,2,1,,2,2,,2,1,,2,2,,2,2,
R_6SDMrQAoEy7cR8j,2,1,,2,2,,2,2,,2,1,,2,2,,,,,,,,,,,,,,,,
R_58AlFCcJzxdJbp6,,,,,,,,,,,,,,,,2,2,,2,2,,2,2,,2,2,,2,2,
R_3MuJr0F9yBMGxvK,2,1,,2,1,,2,2,,2,1,,2,2,,,,,,,,,,,,,,,,
R_3mJfrZzmkHcm473,,,,,,,,,,,,,,,,2,1,,2,1,,2,1,,2,1,,2,1,
R_3G8tH4E3Rd0Lxg6,2,1,,2,1,,2,1,,2,1,,2,1,,,,,,,,,,,,,,,,
R_7eq2SzxiRnIn1O9,,,,,,,,,,,,,,,,2,1,,2,2,,2,1,,2,1,,2,2,
R_72J90NiTFvVJyVf,,,,,,,,,,,,,,,,2,1,,2,2,,2,1,,2,1,,2,1,
R_6KfHCKeqwQ7Kcz1,2,2,,2,1,,2,1,,2,1,,2,1,,,,,,,,,,,,,,,,
R_3eLFcZP4iX5QbaT,2,2,,2,2,,2,2,,2,2,,2,2,,,,,,,,,,,,,,,,
R_3sXCmdHsbR9JR7Q,,,,,,,,,,,,,,,,2,1,,2,1,,2,1,,2,1,,2,1,
R_5ypVgRV6drmO32J,,,,,,,,,,,,,,,,2,2,,2,2,,2,2,,2,2,,2,2,
R_7hYb67Fceo3hSfu,2,1,,2,1,,2,1,,2,1,,2,1,,,,,,,,,,,,,,,,
R_7IRi3heF38qE6R3,,,,,,,,,,,,,,,,1,,2,1,,2,1,,2,1,,2,1,,2
R_1YOZHQN6HD8dP6B,,,,,,,,,,,,,,,,1,,1,1,,1,1,,1,1,,1,1,,1
R_3QAEdZGdVb7YicZ,2,1,,2,1,,2,1,,2,1,,2,1,,,,,,,,,,,,,,,,
R_3H72NGqwDffk9C9,,,,,,,,,,,,,,,,1,,2,1,,2,1,,2,1,,2,1,,2
R_5JIVPL9F7cN9oqg,2,2,,2,1,,2,2,,2,1,,2,2,,,,,,,,,,,,,,,,
R_10quEFzLCAoH930,2,2,,1,,2,2,1,,2,1,,2,1,,,,,,,,,,,,,,,,
R_3Hf2yh34soD6m41,,,,,,,,,,,,,,,,2,1,,2,1,,2,1,,2,1,,2,1,
R_5davhY364Dj4CV0,,,,,,,,,,,,,,,,1,,2,1,,2,1,,2,1,,2,1,,2
R_71hGjgZamlRxmgu,2,1,,2,1,,2,1,,2,1,,2,1,,,,,,,,,,,,,,,,
R_31d81f4QqNsfa3c,2,2,,2,2,,2,2,,2,2,,2,2,,,,,,,,,,,,,,,,
R_7pnaW8KkltcjXui,,,,,,,,,,,,,,,,1,,2,1,,2,1,,2,1,,2,1,,2
R_6GB3MBLeXxMCN9Z,1,,2,1,,2,1,,2,1,,2,1,,2,,,,,,,,,,,,,,,
R_1k2hCTBp1J92Mbp,,,,,,,,,,,,,,,,1,,2,1,,2,1,,2,2,1,,1,,2
R_3P7TEABG0JUcCNR,2,1,,2,1,,2,1,,2,1,,2,1,,,,,,,,,,,,,,,,
R_6QGUdCMi6XoVOTV,,,,,,,,,,,,,,,,2,1,,2,2,,2,2,,2,1,,2,1,
R_6DTsJlZMA8PYH4L,2,1,,1,,2,1,,2,1,,2,1,,2,,,,,,,,,,,,,,,
R_6WC1cEO2E2UtUj7,,,,,,,,,,,,,,,,2,1,,2,1,,2,1,,2,1,,2,1,
R_3reNy7ygPBg5L3N,2,1,,2,2,,2,2,,2,1,,2,1,,,,,,,,,,,,,,,,
R_5YcgVIgwtFr74aM,,,,,,,,,,,,,,,,2,1,,2,1,,2,1,,2,1,,2,1,
R_1gbdTOLBlSaskc2,,,,,,,,,,,,,,,,1,,2,1,,2,2,1,,2,1,,2,1,
R_5fNoOFvhhQRLXlh,2,1,,2,1,,2,1,,2,1,,2,1,,,,,,,,,,,,,,,,
R_1HR14yQHmM9H1Cx,,,,,,,,,,,,,,,,2,1,,2,1,,2,1,,2,2,,2,1,
R_3dhu1ROa79DHxT3,2,1,,2,1,,2,1,,2,1,,2,2,,,,,,,,,,,,,,,,
R_5epYh3gR5jOhqxP,2,1,,2,1,,2,1,,2,1,,2,1,,,,,,,,,,,,,,,,
R_6RqZ4v5ps87cdIB,,,,,,,,,,,,,,,,2,1,,2,1,,2,1,,2,1,,2,1,
R_1LzG1CZo1zoGDtm,,,,,,,,,,,,,,,,2,1,,2,2,,2,1,,2,1,,2,1,
R_1vjNKMLW0uNpJ08,2,2,,2,2,,2,2,,2,2,,2,2,,,,,,,,,,,,,,,,
R_7FG7xprDBoJKjRP,2,2,,2,2,,2,1,,2,1,,2,2,,,,,,,,,,,,,,,,
R_73ahxue2LDtB8se,,,,,,,,,,,,,,,,2,1,,2,1,,2,1,,2,1,,2,1,
R_5Rb7YJ8fv81lPBD,,,,,,,,,,,,,,,,2,2,,2,2,,2,2,,2,2,,2,2,
R_5zl2PIluGAzwAk7,1,,1,1,,1,1,,1,1,,1,1,,2,,,,,,,,,,,,,,,
R_3KZOsX85lAQvbWx,,,,,,,,,,,,,,,,2,1,,2,1,,2,1,,2,1,,2,1,
R_3YO34DDEeHoi6GZ,2,1,,2,1,,2,1,,2,1,,2,1,,,,,,,,,,,,,,,,
R_5VatAXJI0gW39wB,1,,2,1,,2,1,,2,1,,2,1,,2,,,,,,,,,,,,,,,
R_3mmEoOwIXyRL902,,,,,,,,,,,,,,,,1,,2,1,,2,2,1,,1,,2,1,,2
R_6oeX7YSjiy5HYkh,,,,,,,,,,,,,,,,2,1,,2,2,,2,2,,2,1,,2,2,
R_59ys22CHUgFR2O5,2,1,,2,2,,2,1,,2,1,,1,,2,,,,,,,,,,,,,,,
R_6rCNmNosa8u51c7,2,1,,2,1,,2,1,,2,2,,2,1,,,,,,,,,,,,,,,,
R_3FIL7g7IW1XBNbf,,,,,,,,,,,,,,,,2,1,,2,1,,1,,2,1,,2,2,1,
R_1HpKOt24jF7T7O1,,,,,,,,,,,,,,,,2,2,,2,2,,2,2,,2,1,,2,2,
R_7rC7lqlyhn13WGX,1,,2,1,,2,1,,2,1,,2,1,,2,,,,,,,,,,,,,,,
R_5FZafKq4aJUzoop,2,2,,2,1,,2,2,,2,1,,2,2,,,,,,,,,,,,,,,,
R_5hSvtbd1oFqd6AF,,,,,,,,,,,,,,,,2,2,,2,1,,2,2,,2,1,,2,2,
R_7pJLOPPpuda4Oin,,,,,,,,,,,,,,,,2,1,,2,1,,2,1,,2,1,,2,1,
R_7C8phr4UWD3zVsJ,2,2,,2,1,,2,2,,2,1,,2,2,,,,,,,,,,,,,,,,
R_13Uhux3qbpMnYfc,,,,,,,,,,,,,,,,2,1,,2,2,,1,,2,1,,2,2,1,
R_7IT8noEkAL69RQb,1,,2,1,,2,1,,2,1,,1,1,,2,,,,,,,,,,,,,,,
R_56mc3f54Ro4TmVk,2,1,,2,1,,2,1,,2,1,,2,1,,,,,,,,,,,,,,,,
R_5pX9E4WBOOokUsl,,,,,,,,,,,,,,,,2,1,,2,1,,2,1,,2,1,,2,1,
R_3SkpOf8QQ9RsoQt,,,,,,,,,,,,,,,,2,1,,2,2,,2,2,,2,1,,2,1,
R_5iDME5YFtOGBD9v,2,1,,2,1,,2,1,,2,1,,2,1,,,,,,,,,,,,,,,,
R_7C1mi6R5CGvVOIK,,,,,,,,,,,,,,,,2,2,,2,2,,2,2,,2,2,,2,2,
R_1smN2VMZHkoF84r,1,,1,1,,1,1,,2,1,,2,1,,2,,,,,,,,,,,,,,,
R_7v0qu0nQ0zfOwTU,2,1,,2,1,,2,1,,2,1,,2,1,,,,,,,,,,,,,,,,
R_3IRTW6zddGKoDCx,,,,,,,,,,,,,,,,1,,1,1,,1,1,,1,1,,1,1,,1
R_16qYBvYpuIgMsxz,2,1,,2,1,,1,,1,1,,2,2,1,,,,,,,,,,,,,,,,
R_6dXJ38UK2qQmFYY,2,1,,2,1,,2,1,,2,1,,2,1,,,,,,,,,,,,,,,,
R_5orAvTPsM3BJBTz,,,,,,,,,,,,,,,,2,2,,2,2,,2,2,,2,2,,2,2,
R_3OW4jdXeHvlQC6U,2,1,,2,1,,2,1,,2,1,,2,1,,,,,,,,,,,,,,,,
R_3n7W43coCmHZ8Ip,,,,,,,,,,,,,,,,2,2,,2,2,,2,2,,2,1,,2,2,
R_7MKbkkCGWbMUybx,,,,,,,,,,,,,,,,2,2,,2,2,,2,2,,2,2,,2,2,
R_5rrTKavCcQDQNHj,2,2,,2,1,,2,1,,2,1,,2,2,,,,,,,,,,,,,,,,
R_5oTSOc047Z8aeXj,1,,2,1,,2,1,,2,1,,2,1,,2,,,,,,,,,,,,,,,
R_5HhHsHy0JjxLeZk,,,,,,,,,,,,,,,,2,2,,2,2,,2,2,,2,2,,2,2,
R_5wKOchiblkgsDzr,,,,,,,,,,,,,,,,2,2,,2,2,,2,2,,2,2,,2,2,
R_1en0JxAwJWhpW3b,1,,2,1,,2,1,,2,1,,2,2,1,,,,,,,,,,,,,,,,
R_3VhTyjkoCKuoLJf,2,1,,2,1,,2,1,,2,1,,2,1,,,,,,,,,,,,,,,,
R_7MBz6bubqjzuOZz,,,,,,,,,,,,,,,,1,,2,1,,2,2,1,,1,,2,1,,2
R_1p9XmDKJjx9OGFT,2,2,,2,2,,2,2,,2,2,,2,2,,,,,,,,,,,,,,,,
R_7f8diQe39IoHV4B,,,,,,,,,,,,,,,,2,2,,2,2,,2,2,,2,1,,2,1,
R_5fZZGDIOQ5mxj7m,2,2,,2,1,,2,2,,2,2,,2,2,,,,,,,,,,,,,,,,
R_1FEQ1qFuHWcXLRR,,,,,,,,,,,,,,,,2,2,,1,,2,2,2,,2,2,,1,,1
R_1gOD82X10V6gWxX,,,,,,,,,,,,,,,,1,,2,1,,1,1,,2,1,,2,1,,2
R_11gWQtIlgFhpoWr,2,2,,2,1,,2,2,,2,2,,2,2,,,,,,,,,,,,,,,,
R_5G3Sx4mdOViHElP,,,,,,,,,,,,,,,,2,1,,2,2,,2,2,,2,1,,2,2,
R_6FJa6ibrRPs66hq,2,2,,2,1,,2,2,,2,1,,2,2,,,,,,,,,,,,,,,,
R_6Fx36vwSleit6Zd,,,,,,,,,,,,,,,,2,1,,2,2,,2,1,,2,1,,2,1,
R_31u3npytAtgsikw,1,,2,1,,2,1,,2,1,,2,1,,2,,,,,,,,,,,,,,,
R_7i3aCpuRqW8Be9j,,,,,,,,,,,,,,,,1,,2,2,2,,1,,2,1,,2,2,1,
R_3zUDBCxW2qbdvq0,1,,1,1,,2,1,,2,2,1,,2,1,,,,,,,,,,,,,,,,
R_6DnGtMbfNXqyQ1N,2,1,,2,1,,2,1,,2,1,,2,1,,,,,,,,,,,,,,,,
R_7PtEZqStOjki24p,,,,,,,,,,,,,,,,2,2,,2,2,,2,2,,2,1,,2,2,
R_6158g7JUavMRaSB,2,2,,2,1,,2,1,,2,1,,2,2,,,,,,,,,,,,,,,,
R_6zNP9gLiDBPXtJr,,,,,,,,,,,,,,,,1,,1,1,,1,1,,1,1,,1,1,,1
R_5CDyGolp2W1O6Se,,,,,,,,,,,,,,,,2,2,,2,2,,2,2,,2,1,,2,2,
R_7S2Csw4Mabdr4ml,2,1,,2,1,,2,1,,2,1,,1,,2,,,,,,,,,,,,,,,
R_10gPp2tyrzFeuHL,2,2,,2,1,,2,1,,2,1,,2,2,,,,,,,,,,,,,,,,
R_7zShfsxiKIzMeyk,,,,,,,,,,,,,,,,2,2,,2,2,,2,2,,2,1,,2,2,
R_5lX2msLz44gk3O9,,,,,,,,,,,,,,,,2,2,,2,1,,2,1,,2,1,,2,1,
R_3E4weEBGxFIc5mm,2,2,,2,2,,2,1,,2,2,,2,1,,,,,,,,,,,,,,,,
R_34R8SXaJ4ITIPrH,2,2,,2,1,,2,2,,2,1,,2,2,,,,,,,,,,,,,,,,
R_7j9EiHmdTufrhgg,,,,,,,,,,,,,,,,1,,2,1,,2,1,,2,1,,2,1,,2
R_6AI0EzdUEwTS5Mt,,,,,,,,,,,,,,,,1,,2,1,,2,1,,2,1,,2,1,,2
R_7BbL5V1yrqrOlDI,2,2,,1,,2,2,2,,2,1,,1,,1,,,,,,,,,,,,,,,
R_1KdobaxxzbFxRbw,,,,,,,,,,,,,,,,1,,2,1,,2,1,,2,1,,2,1,,2
R_7xJFf82WW30ZsEG,2,1,,2,2,,2,2,,2,2,,2,2,,,,,,,,,,,,,,,,
R_37rlCWVRXFeT7Wx,1,,2,1,,2,1,,2,1,,2,1,,2,,,,,,,,,,,,,,,
R_6GWD0KAoVvuEN3j,,,,,,,,,,,,,,,,2,2,,2,2,,2,2,,2,2,,2,2,
R_6OdD6GwXDJIUKCv,2,1,,1,,2,1,,2,1,,2,1,,2,,,,,,,,,,,,,,,
R_7FXa5FfTNh9TUWu,,,,,,,,,,,,,,,,2,2,,2,2,,2,2,,2,2,,2,2,
R_3OI7ik1QqMDOBIn,,,,,,,,,,,,,,,,2,1,,2,1,,2,1,,2,1,,2,1,
R_5f9VThGnmgkUjIT,1,,1,1,,2,1,,2,1,,2,1,,2,,,,,,,,,,,,,,,
R_3Tno3NR0Db5zhbS,,,,,,,,,,,,,,,,2,1,,2,1,,2,1,,2,1,,2,1,
R_75ksX2QZRs2MFoZ,2,1,,2,1,,2,1,,2,1,,2,1,,,,,,,,,,,,,,,,
R_1DwNCFTOVKR73Dh,,,,,,,,,,,,,,,,2,1,,2,2,,2,2,,2,1,,2,2,
